Timestamp,Email address,Age,Gender,College Name,Name of the Course,Family Size,Monthly Family Income,Which of the following best describes your living arrangement?,Religion,Caste,Do you consider yourself ,How many friends do you have?,What are your hobbies?,Have you used any of the below substances in the past ? Please select all that apply,What is your sexual orientation?,What is your father's profession?,What is your mother's profession?,How many siblings do you have?,What is your spiritual orientation or belief system?,  How many parent/guardian figures do you currently live with?  ,Are you currently in a relationship?,Have you experienced a relationship breakup in the past?,"Do you feel pressure from your Society, parents or guardians to meet certain expectations?",Have you ever experienced social exclusion or felt left out in social situations?,Have you ever experienced peer pressure?,This thought was in my mind [I thought it would be better if I was not alive],This thought was in my mind [I thought about killing myself],This thought was in my mind [I thought about how I would kill myself],This thought was in my mind [I thought about when I would kill myself],This thought was in my mind [I thought about what to write in a suicide note],This thought was in my mind [I thought about telling people I plan to kill myself],This thought was in my mind [I thought that people would be happier if I was not around],This thought was in my mind [I thought about how people would feel if I killed myself],This thought was in my mind [I wished I were dead],This thought was in my mind [I thought about how easy it would be to end it all],This thought was in my mind [I thought that killing myself would solve my problems],This thought was in my mind [I thought that others would be better off if I was dead],This thought was in my mind [I wished I had the nerve to kill myself],This thought was in my mind [I wished that I had never been born],This thought was in my mind [I thought that if I had the chance I would kill myself],This thought was in my mind [I thought about ways people kill themselves],"This thought was in my mind [I thought about killing myself, but would not do it]",This thought was in my mind [I thought about having a bad accident],This thought was in my mind [I thought that life was not worth living],This thought was in my mind [I thought that my life was too rotten to continue],This thought was in my mind [I thought that the only way to be noticed was to kill myself],This thought was in my mind [I thought that if I killed myself people would realize I was worth caring about],This thought was in my mind [I thought that no one cared if I lived or died],This thought was in my mind [I wondered if I had the nerve to kill myself],This thought was in my mind [I thought that if things did not get better I would kill myself],"If you feel mentally depressed, who do you typically contact for support or help?","At times of personal crisis, who do you typically talk to for support or help?",Who provided you with the most support during difficult times / crisis?,Have you ever contacted a counselor for support or guidance?,In which aspects of your life do you feel you could use improvement? Please select all that apply.,What is an ideal life for you?,Pick the parameters which you think will reduce suicide ideation in youngters?,ASIQ_Total_Score,Friend_Risk,Social_Exclusion,Social_Isolation_Score,Current_Relationship,Breakup_Score,Relationship_Distress_Index,Family_Support,Friend_Support,Counselor_Contact,Protective_Factor_Score,Crisis_Risk_Score,Risk_Level,IsolationForest_Label,IsolationForest_Score,LOF_Label,LOF_Score,OneClassSVM_Label,OneClassSVM_Score,Anomaly_Votes,Anomaly_Level
2024-04-30 12:45:06.093,hrithikav00@gmail.com,23,Male,RVIM,MBA,3,"Greater than 50,000",Family,Hindu,2A,Extrovert,5-10,running cycling drawing carving ,,Heterosexual or straight,Private sector employee,House wife,,Religious,Two parents,No,No,No,No,No,0,0,0,0,0,0,0,0,1,0,0,0,0,0,0,0,0,0,0,0,0,0,0,0,0,Religious or spiritual leader,Friend(s),Friend(s),No,"Career/Professional, Physical Health, Mental Health/Well-being, Financial Stability",Positive Mental Health and Emotional Balance,"Access to Mental Health Services, Strong Social Support Networks, Education and Awareness Programs, Positive Parental or Guardian Relationships",1,2,0,2,0,0,2,0,2,0,2,3,Medium,Normal,0.2465905215589917,Outlier,-5533902539.805346,Normal,1.2093649943740283,1,Moderate Outlier
2024-04-30 12:45:20.604,buchepallisatyapraneeth@gmail.com,21,Male,RVIM ,MBA,4 and above,"Greater than 50,000",Family,Hindu,Bramhin,Introvert,Less than 5,Listening to music going for ride on bike in free time and Spending time with family,Alcohol,Heterosexual or straight,Government employee,House wife,One,"Religious (please specify religion, e.g., Christianity, Islam, Hinduism, Buddhism, Judaism, etc.)",,No,Yes,Yes,Yes,Yes,4,1,1,1,0,0,4,4,1,0,4,4,2,1,2,1,2,4,4,0,1,2,1,0,0,Friend(s),Friend(s),Friend(s),Yes,"Career/Professional, Relationships (Family, Friends, Romantic), Mental Health/Well-being, Personal Development/Growth",Positive Mental Health and Emotional Balance,"Access to Mental Health Services, Strong Social Support Networks, Positive Parental or Guardian Relationships, Opportunities for Recreational Activities and Hobbies",44,3,2,5,0,2,4,0,2,2,4,49,High,Normal,0.00542534873890943,Normal,-1.4281039218710376,Normal,0.039406485468043595,0,Normal
2024-04-30 12:46:38.354,akshaykumars846@gmail.com,24,Male,RVIM,B.E / B.Tech,3,"Greater than 50,000",Family,Hindu,Nair,Extrovert,5-10,Reading Motivational stories ,Alcohol,Heterosexual or straight,Business owner/Entrepreneur,House wife,,"Religious (please specify religion, e.g., Christianity, Islam, Hinduism, Buddhism, Judaism, etc.)",Two parents,No,No,No,Yes,No,0,0,0,0,0,0,0,0,0,0,0,0,0,0,0,0,0,0,0,0,0,0,0,0,0,Family member(s),Family member(s),Family member(s),No,"Career/Professional, Physical Health, Mental Health/Well-being, Financial Stability, Personal Development/Growth",Positive Mental Health and Emotional Balance,Strong Social Support Networks,0,2,2,4,0,0,2,2,0,0,2,4,Medium,Normal,0.23836515006948145,Normal,-0.9958930640874752,Normal,0.7319933494207413,0,Normal
2024-04-30 12:47:47.497,rvim23mba068.rvim@rvei.edu.in,24,Male,RV Institute of Management,MBA,3,"40,000 to 50,000",Hostel / PG,Hindu,General ,Introvert,5-10,Not now,Other (please specify),Heterosexual or straight,Private sector employee,House wife,,Religious,,No,No,No,Yes,Yes,3,1,0,0,0,0,0,0,0,0,0,0,0,0,0,0,0,0,0,0,0,0,0,0,0,Family member(s),Family member(s),Family member(s),No,Career/Professional,Career Success and Fulfillment,Supportive School Environments,4,2,2,4,0,0,2,2,0,0,2,8,Medium,Normal,0.20580125880823014,Normal,-1.2776828302392802,Normal,0.9621527820458162,0,Normal
2024-04-30 12:51:03.108,thanujmurthy47@gmail.com,22,Male,RV Institute of management,MBA,4 and above,"20,000 to 30,000",Hostel / PG,Hindu,SC,Introvert,Less than 5,No,Other (please specify),Heterosexual or straight,Retired,House wife,Two,Religious,Two parents,No,No,Yes,Yes,Yes,0,0,0,0,0,0,0,0,0,0,0,0,0,0,0,0,0,0,0,0,0,0,0,0,0,Nobody,Nobody,Family member(s),No,"Career/Professional, Relationships (Family, Friends, Romantic), Physical Health, Mental Health/Well-being, Financial Stability, Personal Development/Growth",Strong and Healthy Relationships,"Access to Mental Health Services, Strong Social Support Networks, Effective Coping Skills Training, Education and Awareness Programs, Reduced Stigma Surrounding Mental Health, Positive Parental or Guardian Relationships, Supportive School Environments, Opportunities for Recreational Activities and Hobbies, Community Engagement and Volunteerism",0,3,2,5,0,0,2,2,0,0,2,5,Medium,Normal,0.22589027441623966,Normal,-0.9971627588120511,Normal,0.44064961983148754,0,Normal
2024-04-30 12:51:19.150,Hussainismail077@gmail.com,23,Male,RVIM,MBA,4 and above,"Greater than 50,000",Family,Muslim,..,Introvert,Greater than 20,Sports and travelling ,,Heterosexual or straight,Government employee,House wife,One,Religious,Two parents,Yes,Yes,No,Maybe,Maybe,0,0,0,0,0,0,3,3,0,0,0,0,0,0,0,0,1,1,1,0,0,0,0,0,0,Friend(s),Family member(s),Family member(s),No,Career/Professional,Career Success and Fulfillment,"Access to Mental Health Services, Effective Coping Skills Training, Opportunities for Recreational Activities and Hobbies, Community Engagement and Volunteerism",9,0,1,1,2,2,2,2,0,0,2,10,Medium,Normal,0.09203119544813554,Normal,-17.497440296429588,Normal,0.5139487245535634,0,Normal
2024-04-30 12:51:41.512,sudeeptholar@gmail.com,24,Male,Rv institute of management ,Mba,4 and above,"Greater than 50,000",Family,Hindu,Bunts,Extrovert,Greater than 20,Games,Alcohol,Heterosexual or straight,Retired,House wife,One,"Religious (please specify religion, e.g., Christianity, Islam, Hinduism, Buddhism, Judaism, etc.)",Two parents,No,No,No,No,No,4,3,0,0,0,0,0,0,0,0,0,0,0,0,0,0,0,0,0,0,0,0,0,0,0,Religious or spiritual leader,Religious or spiritual leader,"Mental health professional (e.g., therapist, counselor)",Maybe,Personal Development/Growth,Career Success and Fulfillment,Strong Social Support Networks,7,0,0,0,0,0,2,0,0,1,1,8,Medium,Normal,0.2206944253494844,Normal,-19.54869964742891,Normal,0.5909876360091273,0,Normal
2024-04-30 12:54:23.477,dushyanthgowda00710@gmail.com,23,Male,RV institute of Management ,MBA,4 and above,"40,000 to 50,000",Family,Hindu,Vokkaliga,Introvert,Less than 5,Playing Cricket ,,Heterosexual or straight,Business owner/Entrepreneur,House wife,One,Religious,Two parents,No,No,No,No,No,0,0,0,0,0,0,0,0,0,0,0,0,0,0,0,0,0,0,0,0,0,0,0,0,0,Family member(s),Family member(s),Family member(s),No,"Career/Professional, Financial Stability, Personal Development/Growth",Career Success and Fulfillment,Supportive School Environments,0,3,0,3,0,0,2,2,0,0,2,3,Medium,Normal,0.25612827643167974,Normal,-1.0,Normal,0.7322037115749263,0,Normal
2024-04-30 12:55:38.672,pranam14052003@gmail.com,21,Male,RVIM ,MBA ,4 and above,"20,000 to 30,000",Room ,Hindu,Mogaveera CAT-1,Introvert,Less than 5,"Watching anime, cooking ",,Heterosexual or straight,Ownes a small canteen ,Private sector employee,One,Spiritual but not religious,Two parents,No,Maybe,Yes,Yes,Yes,1,0,0,0,0,0,1,0,0,1,0,0,0,1,1,0,0,1,2,0,0,0,2,0,0,No-one ,Friend(s),No one ,No,"Career/Professional, Physical Health, Financial Stability",Financial Security and Stability,"Strong Social Support Networks, Reduced Stigma Surrounding Mental Health, Positive Parental or Guardian Relationships, Opportunities for Recreational Activities and Hobbies",10,3,2,5,0,1,3,0,0,0,0,18,High,Normal,0.12856082391496337,Normal,-1.729801706259956,Normal,1.589479510762989,0,Normal
2024-04-30 12:58:50.498,pawarprashant7349@gmail.com,23,Male,RV institute of Management Banglore ,MBA,4 and above,"20,000 to 30,000",Hostel / PG,Hindu,SC,Introvert,10-20,Bike Riding ,,Heterosexual or straight,Farmer,House wife,Four or more,Religious,Two parents,No,No,Yes,No,Maybe,0,0,0,0,0,0,0,0,0,0,0,0,0,0,0,0,0,0,0,0,0,0,0,0,1,Friend(s),Friend(s),Family member(s),No,"Career/Professional, Relationships (Family, Friends, Romantic), Physical Health, Mental Health/Well-being",Good Physical Health and Well-being,"Strong Social Support Networks, Positive Parental or Guardian Relationships",1,1,0,1,0,0,2,2,0,0,2,2,Low,Normal,0.2585756374157743,Normal,-356701695.58425486,Normal,0.573127600431194,0,Normal
2024-04-30 12:59:05.328,rvim23mba109.rvim@rvei.edu.in,23,Male,RV INSTITUTE OF MANAGEMENT ,MBA,4 and above,"Less than 10,000",Family,Hindu,SC,Extrovert,Greater than 20,CRICKET,,Heterosexual or straight,Laborer/Blue-collar worker,House wife,One,Agnostic (unsure about the existence of a higher power),Two parents,No,No,No,No,No,0,0,0,0,0,0,0,0,0,0,0,0,0,0,0,0,0,0,0,0,0,0,0,0,0,Family member(s),Family member(s),Family member(s),No,Financial Stability,Positive Mental Health and Emotional Balance,Opportunities for Recreational Activities and Hobbies,0,0,0,0,0,0,2,2,0,0,2,0,Low,Normal,0.27787774594736653,Normal,-1.0,Normal,0.5930094755188309,0,Normal
2024-04-30 13:00:06.586,rvim23mba095.rvim@rvei.edu.in,22,Female,RV Institute of Management ,MBA,4 and above,"Greater than 50,000",Hostel / PG,Hindu,Hindu-Bhandari,Introvert,Less than 5,"Painting, singing",,Heterosexual or straight,Government employee,House wife,One,Religious,,No,No,Yes,Yes,Maybe,1,1,0,1,0,0,2,0,0,0,0,0,0,0,0,0,0,0,0,0,0,0,1,1,0,Family member(s),Family member(s),Family member(s),No,"Career/Professional, Personal Development/Growth",Career Success and Fulfillment,Strong Social Support Networks,7,3,2,5,0,0,2,2,0,0,2,12,High,Normal,0.18840287701834857,Normal,-1.338268378365982,Normal,1.1361264504192103,0,Normal
2024-04-30 13:00:32.417,ramyaacharya888@gmail.com,23,Female,RV Institute of Management ,MBA,3,"Greater than 50,000",Hostel / PG,Hindu,-,Introvert,10-20,"Travelling, sports",,Heterosexual or straight,Business owner/Entrepreneur,Business owner/Entrepreneur,,Religious,,No,No,No,No,Maybe,0,0,0,0,0,0,0,0,0,0,0,0,0,0,0,0,0,0,0,0,0,0,0,0,0,Family member(s),Family member(s),Family member(s),Yes,"Career/Professional, Physical Health, Financial Stability",Positive Mental Health and Emotional Balance,"Access to Mental Health Services, Strong Social Support Networks, Effective Coping Skills Training, Education and Awareness Programs, Reduced Stigma Surrounding Mental Health, Positive Parental or Guardian Relationships, Supportive School Environments, Opportunities for Recreational Activities and Hobbies",0,1,0,1,0,0,2,2,0,2,4,-1,Low,Normal,0.2534637384010806,Normal,-266247268.19477075,Normal,0.5463810637651227,0,Normal
2024-04-30 13:00:42.537,moulyagowda21@gmail.com,21,Female,RV INSTITUTE OF MANAGEMENT ,MBA,3,"10,000 to 20,000",Family,Hindu,Vokkaliga,Extrovert,Greater than 20,S,Alcohol,Heterosexual or straight,Business owner/Entrepreneur,Business owner/Entrepreneur,,Religious,Two parents,No,Yes,No,Yes,No,0,0,0,0,0,0,0,0,0,0,0,0,0,0,0,0,0,0,0,0,0,0,0,0,0,,,Family member(s),No,"Career/Professional, Physical Health, Financial Stability, Personal Development/Growth",Career Success and Fulfillment,"Education and Awareness Programs, Positive Parental or Guardian Relationships, Supportive School Environments, Opportunities for Recreational Activities and Hobbies",0,0,2,2,0,2,4,2,0,0,2,4,Medium,Normal,0.2321399757588486,Normal,-0.997287529558991,Normal,0.539930125263957,0,Normal
2024-04-30 13:07:32.147,varshasharaday@gmail.com,21,Female,RVIM,MBA,3,"Greater than 50,000",Family,Hindu,Brahmin,Introvert,5-10,Yes,,Heterosexual or straight,Private sector employee,Private sector employee,One,Religious,One parent,No,Yes,Maybe,Yes,No,1,0,0,0,1,0,0,2,1,0,1,0,0,0,0,0,1,1,1,0,0,0,0,0,0,Friend(s),Friend(s),Family member(s),No,"Career/Professional, Relationships (Family, Friends, Romantic), Physical Health, Mental Health/Well-being, Financial Stability, Personal Development/Growth",Career Success and Fulfillment,"Strong Social Support Networks, Positive Parental or Guardian Relationships, Opportunities for Recreational Activities and Hobbies",9,2,2,4,0,2,4,2,0,0,2,15,High,Normal,0.13725923917303667,Normal,-1.44185478110995,Normal,1.588040175680998,0,Normal
2024-04-30 13:08:01.807,rvim23mba091.rvim@rvei.edu.in,22,Male,Rvim,B.Com,4 and above,"40,000 to 50,000",Family,Hindu,Achar,Introvert,Greater than 20,Singing ,,Heterosexual or straight,Government employee,House wife,One,Religious,Two parents,Yes,No,Yes,Maybe,Yes,0,0,0,0,0,0,0,0,0,0,0,0,0,0,0,0,0,0,0,0,0,0,0,0,0,Friend(s),Friend(s),Friend(s),Maybe,"Career/Professional, Mental Health/Well-being, Financial Stability, Personal Development/Growth",Strong and Healthy Relationships,Education and Awareness Programs,0,0,1,1,2,0,0,0,2,1,3,-2,Low,Normal,0.2290882111311333,Normal,-0.9900404924544517,Normal,0.13652895796287723,0,Normal
2024-04-30 13:08:17.001,shivanigowda1821@gmail.com,22,Female,RVIM ,MBA,4 and above,"Greater than 50,000",Family,Hindu,Vokkaliga,Introvert,5-10,"Cooking, listening to music, dancing, swimming ",,Heterosexual or straight,Government employee,House wife,One,Religious,Two parents,Yes,Yes,Maybe,Yes,Yes,1,0,0,0,0,0,1,1,1,1,1,1,1,1,1,1,1,1,1,1,1,1,1,1,1,Friend(s),Friend(s),Friend(s),No,"Career/Professional, Financial Stability, Personal Development/Growth",Good career health and relationship ,Strong Social Support Networks,20,2,2,4,2,2,2,0,2,0,2,24,High,Normal,0.13704163433679284,Normal,-1.4147452790068922,Normal,2.785325848582529,0,Normal
2024-04-30 13:10:38.456,poojajopoo1131@gmail.com,23,Female,Rvim,MBA,4 and above,"40,000 to 50,000",Family,Hindu,2A,Introvert,5-10,Dancing ,,Heterosexual or straight,Business owner/Entrepreneur,House wife,Two,Spiritual but not religious,,No,No,No,Yes,Yes,0,0,0,0,0,0,0,0,0,0,0,0,0,0,0,0,0,0,0,0,0,0,0,0,0,Friend(s),Friend(s),Friend(s),No,Career/Professional,Career Success and Fulfillment,"Access to Mental Health Services, Education and Awareness Programs, Positive Parental or Guardian Relationships",0,2,2,4,0,0,2,0,2,0,2,4,Medium,Normal,0.23836515006948145,Normal,-0.9958930640874752,Normal,0.7319933494207413,0,Normal
2024-04-30 13:11:42.724,hegdepramath22@gmail.com,23,Male,Rvim,Mba,3,"20,000 to 30,000",Room,Hindu,Bramhin,Extrovert,Greater than 20,Volleyball ,,Heterosexual or straight,Farmer,House wife,,Religious,Two parents,No,No,Yes,Maybe,Yes,0,0,0,0,0,0,0,0,0,0,0,0,0,0,0,0,0,0,0,0,0,0,0,0,0,Family member(s),Family member(s),Family member(s),No,Career/Professional,Making parents proud ,Opportunities for Recreational Activities and Hobbies,0,0,1,1,0,0,2,2,0,0,2,1,Low,Normal,0.23876818003799066,Normal,-1.002552227406325,Normal,0.1565796972153919,0,Normal
2024-04-30 13:11:53.309,surajsingjayaramanavar@gmail.com,Above 24,Male,RVIM Bangalore,MBA,4 and above,"Greater than 50,000",Hostel / PG,Hindu,Rajaput,Introvert,Greater than 20,Yes,,Heterosexual or straight,Retired,Government employee,Two,Religious,Two parents,No,No,Maybe,No,Maybe,0,0,0,0,0,0,0,0,0,0,0,0,0,0,0,1,0,0,0,0,0,0,0,0,0,Religious or spiritual leader,Family member(s),Family member(s),No,"Career/Professional, Mental Health/Well-being, Personal Development/Growth",Good Physical Health and Well-being,"Education and Awareness Programs, Positive Parental or Guardian Relationships, Supportive School Environments, Stoping comparison of individuals with others in any spear of their life would help.",1,0,0,0,0,0,2,2,0,0,2,1,Low,Normal,0.27601881388318494,Normal,-240514698.6489225,Normal,0.6065235956137638,0,Normal
2024-04-30 13:13:13.215,namrathamk18@gmail.com,23,Female,RV institute of management ,MBA,3,"20,000 to 30,000",Family,Hindu,Lingayath,Extrovert,Greater than 20,"Travelling, pencil shading, cooking",Alcohol,Heterosexual or straight,Private sector employee,Private sector employee,,Spiritual but not religious,Two parents,Maybe,No,Yes,Yes,Yes,0,0,0,0,0,0,0,0,0,0,0,0,0,0,0,0,0,0,0,0,0,0,0,0,0,Friend(s),Friend(s),Friend(s),No,"Career/Professional, Relationships (Family, Friends, Romantic), Physical Health, Mental Health/Well-being, Financial Stability, Personal Development/Growth",All of the above,"Access to Mental Health Services, Strong Social Support Networks, Reduced Stigma Surrounding Mental Health, Positive Parental or Guardian Relationships, Supportive School Environments, Community Engagement and Volunteerism",0,0,2,2,1,0,1,0,2,0,2,1,Low,Normal,0.23259507338059293,Normal,-0.9968977512327367,Normal,0.519952976154761,0,Normal
2024-04-30 13:13:24.286,sharpsniper111@gmail.com,24,Male,COLLEGE OF AGRICULTURE SHIVAMOGGA,Bsc Agriculture ,4 and above,"20,000 to 30,000",Family,Hindu,VANNIYAR ,Introvert,Greater than 20,Yes,,Heterosexual or straight,Business owner/Entrepreneur,House wife,One,Spiritual but not religious,Two parents,No,No,No,No,No,3,0,0,0,0,0,0,0,3,1,1,1,1,3,0,0,1,0,2,2,0,1,4,0,0,Internet ,Friend(s),Situation and observation ,No,"Career/Professional, Relationships (Family, Friends, Romantic)",Good Physical Health and Well-being,Strong Social Support Networks,23,0,0,0,0,0,2,0,0,0,0,25,High,Normal,0.03831059584291674,Normal,-1.7434782980113621,Normal,1.21075676108775,0,Normal
2024-04-30 13:16:09.209,shivarajjagapur58@gmail.com,23,Male,RVIM BANGALORE ,MBA,4 and above,"30,000 to 40,000",Family,Hindu,Ganiga,Extrovert,Greater than 20,Solving quantitative aptitude problems ,,Heterosexual or straight,Farmer,House wife,Two,Religious,Two parents,No,No,Yes,Yes,Maybe,2,0,3,3,3,3,1,2,0,2,0,1,1,0,0,0,0,0,0,3,0,3,0,0,1,Family member(s),Friend(s),Family member(s),No,"Career/Professional, Relationships (Family, Friends, Romantic), Financial Stability, Personal Development/Growth",Financial Security and Stability,Financial support ,28,0,2,2,0,0,2,2,0,0,2,30,High,Normal,0.05686069076025324,Normal,-1.9132318131069166,Normal,1.0190901405777613,0,Normal
2024-04-30 13:16:15.870,rvim23mba004.rvim@rvei.edu.in,23,Female,Rvim,Mba,4 and above,"Greater than 50,000",Hostel / PG,Hindu,Brahmin,Extrovert,Greater than 20,Painting ,,Heterosexual or straight,Private sector employee,House wife,One,Spiritual but not religious,Two parents,No,No,No,No,No,0,0,0,0,0,0,0,0,0,0,0,0,0,0,0,0,0,0,0,0,0,0,0,0,0,Family member(s),Friend(s),Family member(s),No,Career/Professional,Career success and healty family relationships,Access to Mental Health Services,0,0,0,0,0,0,2,2,0,0,2,0,Low,Normal,0.27787774594736653,Normal,-1.0,Normal,0.5930094755188309,0,Normal
2024-04-30 13:16:23.041,bishanbopanna646@gmail.com,22,Male,RV INSTITUTE of Management ,MBA,4 and above,"40,000 to 50,000",Hostel / PG,Hindu,Kodava,Introvert,5-10,"Hockey, watching anime ",,Heterosexual or straight,Farmer,House wife,One,Religious,,Yes,Yes,No,Yes,No,0,0,0,0,0,0,0,0,0,0,0,0,0,0,0,0,0,0,0,0,0,0,0,0,0,Friend(s),Friend(s),Family member(s),No,"Career/Professional, Physical Health, Personal Development/Growth",Financial Security and Stability,"Education and Awareness Programs, Opportunities for Recreational Activities and Hobbies, Community Engagement and Volunteerism",0,2,2,4,2,2,2,2,0,0,2,4,Medium,Normal,0.23836515006948145,Normal,-0.9958930640874752,Normal,0.7319933494207413,0,Normal
2024-04-30 13:18:10.379,niranjanhebbar04@gmail.com,21,Male,RV INSTITUTE OF MANAGEMENT,MBBA,4 and above,"20,000 to 30,000",Family,Hindu,Brahmin,Extrovert,Greater than 20,"Karate, Cricket, Badminton",,Heterosexual or straight,Farmer,House wife,One,Religious,Two parents,No,No,Yes,Yes,Yes,0,0,0,0,0,0,0,0,0,0,0,0,0,0,0,0,0,0,1,0,0,0,0,0,0,Friend(s),Family member(s),Family member(s),No,"Career/Professional, Relationships (Family, Friends, Romantic), Physical Health, Financial Stability",Career Success and Fulfillment,"Strong Social Support Networks, Education and Awareness Programs, Positive Parental or Guardian Relationships, Supportive School Environments, Opportunities for Recreational Activities and Hobbies",1,0,2,2,0,0,2,2,0,0,2,3,Medium,Normal,0.2130546865979146,Normal,-1.001898765689106,Normal,0.6266684329179206,0,Normal
2024-04-30 13:18:59.967,rvim23mba152.rvim@rvei.edu.in,24,Female,RVIM Bengaluru ,MBA,4 and above,"Greater than 50,000",Hostel / PG,Hindu,SC,Introvert,Greater than 20,Listening to podcasts ,,Heterosexual or straight,Government employee,House wife,One,Religious,,No,Yes,No,No,No,0,0,0,0,0,0,0,0,0,0,0,0,0,0,0,0,0,0,0,0,0,0,0,0,0,Friend(s),Friend(s),Friend(s),No,"Career/Professional, Relationships (Family, Friends, Romantic), Physical Health, Mental Health/Well-being, Financial Stability, Personal Development/Growth",Positive Mental Health and Emotional Balance,"Access to Mental Health Services, Strong Social Support Networks, Effective Coping Skills Training, Education and Awareness Programs, Reduced Stigma Surrounding Mental Health, Positive Parental or Guardian Relationships, Supportive School Environments, Opportunities for Recreational Activities and Hobbies",0,0,0,0,0,2,4,0,2,0,2,2,Low,Normal,0.27695842817694377,Normal,-1.0593969467184805,Normal,0.6067468206321784,0,Normal
2024-04-30 13:19:09.547,bgsmayurshankar1@gmail.com,22,Male,RVIM ,MBA ,3,"30,000 to 40,000",Family,Hindu,Gowda,Introvert,10-20,Sport's ,,Heterosexual or straight,Farmer,House wife,One,Religious,Two parents,No,No,No,No,No,0,0,0,0,0,0,0,2,1,0,0,0,1,0,0,0,0,0,0,0,0,0,0,0,0,"Mental health professional (e.g., therapist, counselor)",Religious or spiritual leader,Family member(s),No,Personal Development/Growth,Strong and Healthy Relationships,Strong Social Support Networks,4,1,0,1,0,0,2,2,0,0,2,5,Medium,Normal,0.18683067915771645,Outlier,-7984015064.55291,Normal,0.7884172073575106,1,Moderate Outlier
2024-04-30 13:20:31.731,rakshar7172@gmail.com,21,Female,Rvim,Mba ,4 and above,"20,000 to 30,000",Family,Hindu,Gowdas ,Extrovert,Greater than 20,"Painting , sports ",,Heterosexual or straight,Government employee,House wife,One,Religious,Two parents,Maybe,No,No,No,No,0,0,0,0,0,0,0,0,0,0,0,0,0,0,0,0,0,0,0,0,0,0,0,0,0,Family member(s),Family member(s),Friend(s),No,Physical Health,Career Success and Fulfillment,Access to Mental Health Services,0,0,0,0,1,0,1,0,2,0,2,-1,Low,Normal,0.2739195687018826,Normal,-200826510.93692538,Normal,0.5856091255471085,0,Normal
2024-04-30 13:22:52.875,meghaangadi1655@gmail.com,23,Female,Rv institute of management ,MBA ,4 and above,"10,000 to 20,000",Hostel / PG,Hindu,Hindu,Introvert,5-10,Yes,,Heterosexual or straight,Farmer,House wife,One,Religious,Two parents,No,No,No,Yes,Yes,0,0,0,0,0,0,0,0,0,0,0,0,0,0,0,0,0,0,0,0,0,0,0,0,0,Religious or spiritual leader,Friend(s),Religious or spiritual leader,No,"Relationships (Family, Friends, Romantic), Mental Health/Well-being, Personal Development/Growth",Positive Mental Health and Emotional Balance,Positive Parental or Guardian Relationships,0,2,2,4,0,0,2,0,0,0,0,6,Medium,Normal,0.23749525470492555,Normal,-0.9961903726226004,Normal,0.7445874223726143,0,Normal
2024-04-30 13:24:23.691,pthosalli@gmail.com,Above 24,Male,R V INSTITUTE OF MANAGEMENT BENGALURU,MBA,4 and above,"10,000 to 20,000",Hostel / PG,Hindu,ST,Extrovert,5-10,Traveling ,,Heterosexual or straight,Retired,Agriculture,Two,Religious,One parent,No,No,Yes,Yes,No,0,0,0,0,0,0,0,0,0,0,0,0,0,0,0,0,0,0,0,0,0,0,0,0,0,Religious or spiritual leader,Family member(s),Family member(s),No,"Career/Professional, Relationships (Family, Friends, Romantic), Physical Health, Mental Health/Well-being, Financial Stability, Personal Development/Growth",Career Success and Fulfillment,"Access to Mental Health Services, Strong Social Support Networks, Effective Coping Skills Training, Education and Awareness Programs, Reduced Stigma Surrounding Mental Health, Positive Parental or Guardian Relationships, Supportive School Environments, Opportunities for Recreational Activities and Hobbies, Community Engagement and Volunteerism",0,2,2,4,0,0,2,2,0,0,2,4,Medium,Normal,0.23836515006948145,Normal,-0.9958930640874752,Normal,0.7319933494207413,0,Normal
2024-04-30 13:25:30.753,mpkavya2000@gmail.com,23,Female,RVIM,MBA,4 and above,"20,000 to 30,000",Family,Hindu,Lingayat,Introvert,5-10,"taking walks, reading",,Heterosexual or straight,Tailor,Tailor,One,Spiritual but not religious,Two parents,No,No,Maybe,Maybe,Yes,0,0,0,0,0,0,0,0,0,0,0,0,0,0,0,0,0,0,0,0,0,0,0,0,0,Friend(s),Family member(s),Family member(s),No,"Career/Professional, Physical Health, Mental Health/Well-being, Financial Stability",Positive Mental Health and Emotional Balance,"Strong Social Support Networks, Positive Parental or Guardian Relationships, Supportive School Environments, Opportunities for Recreational Activities and Hobbies",0,2,1,3,0,0,2,2,0,0,2,3,Medium,Normal,0.22999698982450995,Normal,-0.991708364879447,Normal,0.403370496457637,0,Normal
2024-04-30 13:26:02.169,likhithel9@gmail.com,22,Male,Rv institute of management ,MBA,4 and above,"Greater than 50,000",Family,Hindu,Veerashaiva lingayath,Extrovert,Greater than 20,"Swimming,riding ",,Heterosexual or straight,Farmer,House wife,One,Religious,Two parents,No,Maybe,No,No,No,2,0,0,0,0,0,0,0,0,0,0,0,0,0,4,0,0,0,0,0,0,0,0,0,0,Friend(s),Family member(s),Family member(s),No,"Relationships (Family, Friends, Romantic), Financial Stability",Financial Security and Stability,"Access to Mental Health Services, Strong Social Support Networks, Effective Coping Skills Training, Education and Awareness Programs, Reduced Stigma Surrounding Mental Health, Positive Parental or Guardian Relationships, Supportive School Environments, Opportunities for Recreational Activities and Hobbies, Community Engagement and Volunteerism, ",6,0,0,0,0,1,3,2,0,0,2,7,Medium,Normal,0.2454840437774557,Normal,-15.890643100097284,Normal,0.8463676483926772,0,Normal
2024-04-30 13:26:02.291,rashmi2018r@gmail.com,23,Female,R V INSTITUTE OF MANAGEMENT,MBA,3,"40,000 to 50,000",Family,Hindu,TogataVeera,Introvert,10-20,Yes,Alcohol,Heterosexual or straight,Business owner/Entrepreneur,House wife,,Atheist (do not believe in the existence of a higher power),Two parents,No,Yes,Yes,Yes,Yes,2,2,2,0,0,0,2,0,2,2,2,2,0,2,2,0,2,2,0,2,0,0,2,0,0,Friend(s),Friend(s),Friend(s),No,"Career/Professional, Relationships (Family, Friends, Romantic), Physical Health, Mental Health/Well-being, Financial Stability, Personal Development/Growth",All of the above,"Education and Awareness Programs, Positive Parental or Guardian Relationships, Supportive School Environments, Opportunities for Recreational Activities and Hobbies",28,1,2,3,0,2,4,0,2,0,2,33,High,Normal,0.036259418201233906,Normal,-1.691712825043902,Normal,1.4981422394903907,0,Normal
2024-04-30 13:26:11.708,prathvihegde27@gmail.com,22,Female,RVIM,MBA,4 and above,"Greater than 50,000",Hostel / PG,Hindu,Havyaka Brahmin,Introvert,Greater than 20,"Fish rearing, dancing ",,Heterosexual or straight,Farmer,House wife,,Religious,Two parents,No,No,No,No,Yes,1,1,0,0,1,0,0,0,0,0,0,0,0,0,0,0,0,0,0,0,0,0,0,0,0,Friend(s),Friend(s),Family member(s),No,"Career/Professional, Relationships (Family, Friends, Romantic), Physical Health, Mental Health/Well-being, Financial Stability, Personal Development/Growth",Financial Security and Stability,Education and Awareness Programs,3,0,0,0,0,0,2,2,0,0,2,3,Medium,Normal,0.2620595875337929,Normal,-12.640370228385626,Normal,0.7737683510240885,0,Normal
2024-04-30 13:26:32.413,vindhyahegde20@gmail.com,21,Female,Rv. Institute of management ,MBA,4 and above,"40,000 to 50,000",Hostel / PG,Hindu,Brahmin,Introvert,5-10,No,,Heterosexual or straight,Farmer,House wife,One,Religious,Two parents,No,No,Maybe,Maybe,Maybe,0,0,0,0,0,0,0,0,0,0,0,0,0,0,0,0,0,0,0,0,0,0,0,0,0,Family member(s),Family member(s),Family member(s),No,"Career/Professional, Relationships (Family, Friends, Romantic), Physical Health, Mental Health/Well-being, Financial Stability, Personal Development/Growth",Good Physical Health and Well-being,"Strong Social Support Networks, Opportunities for Recreational Activities and Hobbies",0,2,1,3,0,0,2,2,0,0,2,3,Medium,Normal,0.22999698982450995,Normal,-0.991708364879447,Normal,0.403370496457637,0,Normal
2024-04-30 13:26:34.905,nandish1314@gmail.com,22,Male,RVIM,MBA,4 and above,"40,000 to 50,000",Family,Hindu,3 A,Introvert,5-10,Yes,,Heterosexual or straight,Farmer,House wife,Two,Religious,Two parents,No,No,Maybe,Maybe,Maybe,6,5,5,4,3,5,6,6,6,6,6,6,5,6,6,5,0,0,6,5,4,0,0,0,6,Friend(s),Friend(s),Partner/Spouse,Maybe,Career/Professional,Good Physical Health and Well-being,"Access to Mental Health Services, ",107,2,1,3,0,0,2,0,0,1,1,111,High,Outlier,-0.06864915829510154,Normal,-1.6975835583531418,Outlier,-1.4754737260138537,2,Critical Outlier
2024-04-30 13:27:20.996,puneethym04@gmail.com,21,Male,RVIM,MBA,4 and above,"Less than 10,000",Family,Hindu,Mogaveera,Extrovert,Greater than 20,No,,Heterosexual or straight,Laborer/Blue-collar worker,House wife,Two,Religious,Two parents,Maybe,Yes,No,No,No,0,0,0,0,0,0,0,0,0,0,0,0,0,0,0,0,0,0,0,0,0,0,0,0,0,Family member(s),Family member(s),Family member(s),No,Career/Professional,Career Success and Fulfillment,Access to Mental Health Services,0,0,0,0,1,2,3,2,0,0,2,1,Low,Normal,0.277604279474793,Normal,-221950390.64037585,Normal,0.600056000813102,0,Normal
2024-04-30 13:27:26.773,varungowda1295@gmail.com,22,Male,RVIM,MBA,4 and above,"30,000 to 40,000",Hostel / PG,Hindu,Vokkaliga,Introvert,Less than 5,Yes,"Alcohol, Tobacco",Heterosexual or straight,Farmer,House wife,One,Religious,,No,No,Yes,Yes,Yes,1,0,0,0,0,0,1,0,0,0,0,0,0,0,0,0,0,1,1,1,0,0,3,0,0,Family member(s),Family member(s),Family member(s),No,"Career/Professional, Financial Stability, Personal Development/Growth",Financial Security and Stability,"Strong Social Support Networks, Positive Parental or Guardian Relationships, Supportive School Environments, Opportunities for Recreational Activities and Hobbies, Community Engagement and Volunteerism",8,3,2,5,0,0,2,2,0,0,2,13,High,Normal,0.13939156900629063,Normal,-1.9336773111960177,Normal,1.3796650233132377,0,Normal
2024-04-30 13:27:34.623,ashrithareddy98765@gmail.com,22,Female,RVIM,MBA,4 and above,"Greater than 50,000",Hostel / PG,Hindu,General ,Introvert,5-10,Pencil sketching ,,Heterosexual or straight,Contractor ,House wife,One,Religious,Two parents,No,No,No,Maybe,No,1,0,0,0,0,0,0,0,0,0,0,0,0,0,0,0,0,0,0,0,0,0,0,0,0,Family member(s),Family member(s),Family member(s),No,Career/Professional,Career Success and Fulfillment,"Access to Mental Health Services, Strong Social Support Networks, Effective Coping Skills Training",1,2,1,3,0,0,2,2,0,0,2,4,Medium,Normal,0.21792083477903962,Normal,-0.994898881013337,Normal,0.5763068910346112,0,Normal
2024-04-30 13:28:07.810,rvim23mba046.rvim@rvei.edu.in,22,Female,RV Institute of Management ,MBA,4 and above,"Greater than 50,000",Hostel / PG,Hindu,Namdhari ,Introvert,5-10,Painting ,,Heterosexual or straight,Business owner/Entrepreneur,House wife,One,Religious,Two parents,No,No,Yes,Maybe,Yes,1,0,0,0,1,0,0,1,1,1,0,1,0,1,1,0,0,0,1,0,0,0,0,0,0,Friend(s),Family member(s),Family member(s),No,Career/Professional,Career Success and Fulfillment,Access to Mental Health Services,9,2,1,3,0,0,2,2,0,0,2,12,High,Normal,0.14273772271974278,Normal,-1.0352857135435498,Normal,1.2770964808438103,0,Normal
2024-04-30 13:30:08.297,medhabhatbellegadde@gmail.com,21,Female,RV Institute of management,MBA,4 and above,"Greater than 50,000",Hostel / PG,Hindu,Havyaka brahmin,Introvert,Less than 5,Reading,,Heterosexual or straight,Farmer,Retired,Two,Religious,,No,No,Yes,Yes,Yes,1,0,0,0,0,0,1,0,0,0,0,0,0,0,0,0,0,0,0,0,0,0,0,0,0,Family member(s),"Mental health professional (e.g., therapist, counselor)","Mental health professional (e.g., therapist, counselor)",Yes,"Career/Professional, Mental Health/Well-being, Financial Stability, Personal Development/Growth",Financial Security and Stability,"Access to Mental Health Services, Strong Social Support Networks, Education and Awareness Programs, Positive Parental or Guardian Relationships, Supportive School Environments",2,3,2,5,0,0,2,0,0,2,2,7,Medium,Normal,0.21031133618092346,Normal,-0.9940512679544421,Normal,0.8061117659938422,0,Normal
2024-04-30 13:30:20.860,rudraprasad7996@gmail.com,24,Male,RV INSTITUTE OF MANAGEMENT ,MBA,3,"Less than 10,000",Family,Hindu,Thigala,Introvert,Less than 5,No,Alcohol,Heterosexual or straight,Business owner/Entrepreneur,House wife,,Religious,Two parents,No,No,No,No,No,0,0,0,0,0,0,0,0,0,0,0,0,0,0,0,0,0,0,0,0,0,0,0,0,0,Family member(s),Friend(s),Family member(s),No,"Career/Professional, Physical Health, Mental Health/Well-being, Financial Stability, Personal Development/Growth",Good Physical Health and Well-being,"Strong Social Support Networks, Positive Parental or Guardian Relationships",0,3,0,3,0,0,2,2,0,0,2,3,Medium,Normal,0.25612827643167974,Normal,-1.0,Normal,0.7322037115749263,0,Normal
2024-04-30 13:31:56.870,mohandk8055@gmail.com,24,Male,RV Institute of management,MBA,4 and above,"20,000 to 30,000",Family,Hindu,Lingayath,Introvert,Less than 5,No,"Alcohol, Tobacco",Heterosexual or straight,Private sector employee,House wife,One,Spiritual and religious( strongly believe in the existence of tge supreme personality,Two parents,No,Yes,Maybe,Maybe,Yes,1,0,0,0,1,0,0,1,0,1,0,0,0,0,0,1,1,1,0,1,0,1,1,0,0,Religious or spiritual leader,Nobody,Family member(s),No,"Career/Professional, Relationships (Family, Friends, Romantic), Physical Health, Mental Health/Well-being, Financial Stability, Personal Development/Growth",Personal Growth and Development,"Access to Mental Health Services, Strong Social Support Networks, Reduced Stigma Surrounding Mental Health, Positive Parental or Guardian Relationships, Opportunities for Recreational Activities and Hobbies",10,3,1,4,0,2,4,2,0,0,2,16,High,Normal,0.09190458402731472,Normal,-4.755420308019774,Normal,0.971995268168242,0,Normal
2024-04-30 13:32:44.466,aura96official@gmail.com,23,Female,RVIM,MBA,4 and above,"Greater than 50,000",Hostel / PG,Hindu,Arya Vysya,Extrovert,Greater than 20,Classical music,,Homosexual or gay/lesbian,Business owner/Entrepreneur,House wife,One,Spiritual but not religious,,Yes,No,Yes,Yes,Yes,6,1,1,1,1,0,0,2,6,4,3,2,1,6,4,3,3,0,0,0,0,0,0,0,0,"Mental health professional (e.g., therapist, counselor)",Friend(s),Friend(s),Yes,"Career/Professional, Relationships (Family, Friends, Romantic), Physical Health, Mental Health/Well-being, Financial Stability, Personal Development/Growth",Financial Security and Stability,"Access to Mental Health Services, Education and Awareness Programs, Positive Parental or Guardian Relationships, Supportive School Environments",44,0,2,2,2,0,0,0,2,2,4,42,High,Outlier,-0.02877455734656742,Normal,-1.6979230680978923,Outlier,-0.6001888235568633,2,Critical Outlier
2024-04-30 13:33:03.970,patgarkeerthy@gmail.com,21,Female,"RV institute of management, Bangalore",MBA,4 and above,"20,000 to 30,000",Family,Hindu,Cat-1,Introvert,5-10,Listening music,,Heterosexual or straight,Laborer/Blue-collar worker,House wife,Two,Religious,Two parents,No,No,Yes,Yes,Yes,1,1,1,1,0,0,2,2,2,1,0,1,1,2,2,2,6,4,4,1,1,6,4,1,0,Religious or spiritual leader,Religious or spiritual leader,Religious or spiritual leader,No,"Career/Professional, Mental Health/Well-being, Financial Stability, Personal Development/Growth",Financial Security and Stability,"Supportive School Environments, Opportunities for Recreational Activities and Hobbies",46,2,2,4,0,0,2,0,0,0,0,52,High,Outlier,-0.006289175276139813,Normal,-1.3649598130142537,Normal,7.744028114631263e-05,1,Moderate Outlier
2024-04-30 13:34:41.686,neha.chougale2001@gmail.com,22,Female,RVIM,MBA,4 and above,"30,000 to 40,000",Hostel / PG,Hindu,Lingyayat,Introvert,10-20,"Painting, sports",,Heterosexual or straight,Retired,Government employee,One,Spiritual but not religious,,No,No,Yes,Yes,Yes,2,1,1,0,0,0,0,6,0,1,0,0,0,4,0,0,0,0,1,1,0,0,0,0,0,Friend(s),Friend(s),Family member(s),No,All,All,"Opportunities for Recreational Activities and Hobbies, Community Engagement and Volunteerism",17,1,2,3,0,0,2,2,0,0,2,20,High,Normal,0.05160534083332058,Normal,-2.268512853225105,Outlier,-0.004454660094199259,1,Moderate Outlier
2024-04-30 13:44:06.512,ramakrishnaroshan@gmail.com,21,Male,RVIM,MBA,4 and above,"10,000 to 20,000",Hostel / PG,Hindu,OBC,Introvert,Greater than 20,Watching Movies,,Heterosexual or straight,Business owner/Entrepreneur,House wife,One,Spiritual but not religious,Two parents,No,Yes,Yes,No,Yes,0,0,0,0,0,0,0,0,0,0,0,0,0,0,0,0,0,0,0,0,0,0,0,0,0,Friend(s),Friend(s),Friend(s),No,"Mental Health/Well-being, Financial Stability",Career Success and Fulfillment,"Access to Mental Health Services, Strong Social Support Networks, Positive Parental or Guardian Relationships, Supportive School Environments",0,0,0,0,0,2,4,0,2,0,2,2,Low,Normal,0.27695842817694377,Normal,-1.0593969467184805,Normal,0.6067468206321784,0,Normal
2024-04-30 13:58:07.738,sahanakokkalaki2001@gmail.com,22,Female,RV Institute of Management ,MBA,3,"10,000 to 20,000",Family,Hindu,Kuruhinashetty ,Extrovert,Greater than 20,"Singing, mahendi art, mandala art, drawing.",,Heterosexual or straight,I don't have father,Tailor ,One,Religious,One parent,No,No,Maybe,Yes,Maybe,1,1,0,0,0,0,0,0,1,0,1,0,0,1,0,0,0,1,1,0,0,0,0,0,0,Family member(s),Family member(s),Family member(s),No,"Career/Professional, Relationships (Family, Friends, Romantic), Mental Health/Well-being, Financial Stability, Personal Development/Growth",Financial Security and Stability,Access to Mental Health Services,7,0,2,2,0,0,2,2,0,0,2,9,Medium,Normal,0.14352484211844296,Normal,-1.0088003123656446,Normal,1.2230422695382988,0,Normal
2024-04-30 14:10:57.021,saumyasanchita03@gmail.com,21,Female,RVIM,MBA,4 and above,"40,000 to 50,000",Hostel / PG,Hindu,general ,Extrovert,5-10,"singing, cooking and dancing",,Heterosexual or straight,Private sector employee,House wife,One,Religious,Two parents,No,No,No,Yes,Yes,5,0,0,0,1,0,4,3,2,0,2,2,0,3,1,1,1,2,3,1,0,2,1,0,0,no one,no one,no one,Maybe,"Career/Professional, Mental Health/Well-being, Personal Development/Growth",successful career with healthy relationship with family,"Effective Coping Skills Training, Reduced Stigma Surrounding Mental Health, Opportunities for Recreational Activities and Hobbies, Community Engagement and Volunteerism",34,2,2,4,0,0,2,0,0,1,1,39,High,Normal,0.04235719604961952,Normal,-1.2991426234394283,Normal,1.7905164862465108,0,Normal
2024-04-30 15:41:57.889,msvibhabhat@gmail.com,23,Female,RVIM,MBA,4 and above,"20,000 to 30,000",Hostel / PG,Hindu,Hindu Havyaka Brahmin,Introvert,5-10,"Reading novels, Listening to music, gardening",,Heterosexual or straight,Farmer,House wife,One,Religious,Two parents,No,No,No,No,No,0,0,0,0,0,0,0,0,0,0,0,0,0,0,0,0,0,0,0,0,0,0,0,0,0,Family member(s),Family member(s),Family member(s),No,"Career/Professional, Physical Health, Personal Development/Growth",Work-Life Balance,"Access to Mental Health Services, Strong Social Support Networks, Effective Coping Skills Training, Education and Awareness Programs, Reduced Stigma Surrounding Mental Health, Positive Parental or Guardian Relationships, Supportive School Environments",0,2,0,2,0,0,2,2,0,0,2,2,Low,Normal,0.2717792342701301,Normal,-1.0,Normal,1.1062082140844476,0,Normal
2024-04-30 16:54:33.568,chaitrasrinivas.118@gmail.com,Above 24,Female,RV institute of management ,B.E / B.Tech,4 and above,"Greater than 50,000",Family,Hindu,Sc,Extrovert,Less than 5,"Art , reading books, gardening, listening to mythology stories ",,Heterosexual or straight,Government employee,Government employee,Three,Religious,Two parents,Yes,No,Maybe,No,No,1,0,0,0,0,0,0,0,0,0,0,0,0,0,0,0,0,0,0,0,0,0,0,0,0,Family member(s),Family member(s),Family member(s),No,Financial Stability,Good Physical Health and Well-being,"Access to Mental Health Services, Strong Social Support Networks, Education and Awareness Programs, Positive Parental or Guardian Relationships",1,3,0,3,2,0,0,2,0,0,2,2,Low,Normal,0.23948977656936193,Outlier,-4772952339.512563,Normal,0.9008301344171858,1,Moderate Outlier
2024-04-30 17:51:06.938,adhvi02@gmail.com,23,Female,Rv institute of management,MBA,4 and above,"Greater than 50,000",Hostel / PG,Hindu,Vokkaliga 3A,Introvert,10-20,"Watching series, listening to music",,Heterosexual or straight,Business owner/Entrepreneur,House wife,One,Religious,Two parents,No,No,No,Maybe,Maybe,1,0,0,0,0,0,1,0,0,0,0,0,0,0,0,0,0,0,0,0,0,0,0,0,0,Religious or spiritual leader,Friend(s),Friend(s),No,"Career/Professional, Physical Health, Personal Development/Growth",Career Success and Fulfillment,"Access to Mental Health Services, Reduced Stigma Surrounding Mental Health, Positive Parental or Guardian Relationships, Community Engagement and Volunteerism",2,1,1,2,0,0,2,0,2,0,2,4,Medium,Normal,0.18812207497375627,Normal,-0.9878409616445172,Normal,0.2870587083767502,0,Normal
2024-04-30 20:14:08.410,veereshg1234@gmail.com,24,Male,R V INSTITUTE OF MANAGEMENT ,BSC CS ,4 and above,"Greater than 50,000",Family,Hindu,OBC 2A,Extrovert,Greater than 20,DRAWING ,,Heterosexual or straight,Government employee,House wife,One,Religious,Two parents,No,Yes,Yes,No,Maybe,3,5,3,4,3,4,3,4,3,4,4,4,3,4,5,4,3,4,4,5,3,4,3,4,4,Family member(s),Family member(s),Family member(s),No,"Career/Professional, Relationships (Family, Friends, Romantic), Physical Health, Mental Health/Well-being, Financial Stability, Personal Development/Growth",Career Success and Fulfillment,"Access to Mental Health Services, Strong Social Support Networks, Effective Coping Skills Training, Education and Awareness Programs, Reduced Stigma Surrounding Mental Health, Positive Parental or Guardian Relationships, Supportive School Environments, Opportunities for Recreational Activities and Hobbies, Community Engagement and Volunteerism",94,0,0,0,0,2,4,2,0,0,2,96,High,Normal,0.02067835290345854,Normal,-1.0063613250271546,Normal,1.1734867057476377,0,Normal
2024-04-30 20:15:44.037,sammedchougale412@gmail.com,23,Male,Rvim,Mba,3,"10,000 to 20,000",Hostel / PG,Jain,Jain,Extrovert,Greater than 20,Swimming ,,Heterosexual or straight,Farmer,House wife,,Agnostic (unsure about the existence of a higher power),Two parents,Maybe,Yes,Yes,Yes,Yes,0,0,0,0,0,0,0,0,0,0,0,0,0,0,0,0,0,0,0,0,0,0,0,0,0,Family member(s),Family member(s),Family member(s),Yes,Career/Professional,Career Success and Fulfillment,Access to Mental Health Services,0,0,2,2,1,2,3,2,0,2,4,1,Low,Normal,0.23259507338059293,Normal,-0.9968977512327367,Normal,0.519952976154761,0,Normal
2024-04-30 20:18:28.840,kishornaik098765@gmail.com,21,Male,RVIM,MBA,4 and above,"Less than 10,000",Family,Hindu,ST,Extrovert,Greater than 20,Yes,,Heterosexual or straight,Business owner/Entrepreneur,House wife,One,Religious,Two parents,No,Yes,Yes,Yes,Yes,1,0,0,0,0,0,0,2,0,0,0,0,0,2,0,0,0,5,2,3,0,0,0,0,0,Friend(s),Friend(s),Friend(s),No,"Career/Professional, Physical Health, Financial Stability, Personal Development/Growth",Career Success and Fulfillment,"Access to Mental Health Services, Strong Social Support Networks, Positive Parental or Guardian Relationships, Supportive School Environments, Opportunities for Recreational Activities and Hobbies, Community Engagement and Volunteerism",15,0,2,2,0,2,4,0,2,0,2,19,High,Normal,0.05189469885476106,Normal,-1.9176754128733449,Normal,0.3330789197460349,0,Normal
2024-04-30 20:18:51.256,sharathumesh725@gmail.com,23,Male,RV Institute Of Management,MBA,4 and above,"Greater than 50,000",Hostel / PG,Hindu,Lingayath,Extrovert,10-20,YouTube Shorts,,Nothing,Farmer,House wife,One,Atheist (do not believe in the existence of a higher power),One parent,No,No,No,No,No,6,0,0,0,0,0,0,0,0,0,0,0,0,0,0,0,0,0,0,0,0,0,0,0,0,No one,Family member(s),Family member(s),No,Career/Professional,Career Success and Fulfillment,Reduced Stigma Surrounding Mental Health,6,1,0,1,0,0,2,2,0,0,2,7,Medium,Normal,0.1866517341555204,Normal,-11.996317103928169,Normal,4.544520599658597e-05,0,Normal
2024-04-30 20:37:38.534,harshithharshi6111@gmail.com,23,Male,RVIM,MBA,4 and above,"Less than 10,000",Family,Hindu,Lingayat,Extrovert,Greater than 20,"Sports, sketching, reading books.",,Heterosexual or straight,Farmer,House wife,One,Spiritual but not religious,Two parents,No,No,No,No,No,0,0,0,0,0,0,0,0,0,0,0,0,0,0,0,0,0,0,2,0,0,0,0,0,0,Myself ,Friend(s),Myself,No,"Career/Professional, Financial Stability, Personal Development/Growth",To be Happy,Believe in Yourself ,2,0,0,0,0,0,2,0,0,0,0,4,Medium,Normal,0.23557453067453343,Normal,-32.24846089812921,Normal,0.7020983760072621,0,Normal
2024-05-01 08:51:46.433,hithenas4228@gmail.com,22,Male,RVIM,B.E / B.Tech,4 and above,"20,000 to 30,000",Hostel / PG,Hindu,Vokkaliga ,Introvert,10-20,Badminton ,,Heterosexual or straight,Business owner/Entrepreneur,House wife,,Spiritual but not religious,,No,No,No,No,Yes,0,5,0,0,0,0,0,0,0,0,0,0,0,0,0,0,0,0,4,1,1,1,1,1,1,Family member(s),Family member(s),Family member(s),Yes,Career/Professional,Financial Security and Stability,"Access to Mental Health Services, Strong Social Support Networks, Effective Coping Skills Training, Education and Awareness Programs, Opportunities for Recreational Activities and Hobbies",15,1,0,1,0,0,2,2,0,2,4,14,High,Normal,0.1064883272882311,Outlier,-7088173856.784528,Normal,0.6338202204078405,1,Moderate Outlier
2024-05-01 09:35:44.434,Nikhitakalmane968@gmail.com,Above 24,Female,RV Institute of Management ,MBA,4 and above,"Greater than 50,000",Hostel / PG,Hindu,Hindu Vaishya,Extrovert,5-10,"Painting, playing badminton, dancing ",,Heterosexual or straight,Government employee,House wife,One,Religious,Two parents,No,No,Maybe,Maybe,No,0,0,0,0,0,0,0,0,0,0,0,0,0,0,0,0,0,0,0,0,0,0,0,0,0,Family member(s),Family member(s),Family member(s),No,"Career/Professional, Physical Health, Personal Development/Growth",Positive Mental Health and Emotional Balance,"Access to Mental Health Services, Strong Social Support Networks, Education and Awareness Programs, Reduced Stigma Surrounding Mental Health, Positive Parental or Guardian Relationships, Opportunities for Recreational Activities and Hobbies, Community Engagement and Volunteerism",0,2,1,3,0,0,2,2,0,0,2,3,Medium,Normal,0.22999698982450995,Normal,-0.991708364879447,Normal,0.403370496457637,0,Normal
2024-05-01 09:45:39.295,kkgr2001@gmail.com,22,Male,RVIM,MBA,4 and above,"30,000 to 40,000",Hostel / PG,Hindu,Vokkaliga,Extrovert,Greater than 20,"Playing, trecking",,Heterosexual or straight,Farmer,House wife,One,Religious,Two parents,Yes,No,Yes,No,No,0,0,0,0,0,0,1,2,0,1,0,1,1,1,0,1,0,0,1,0,0,2,0,0,0,Friend(s),Friend(s),Friend(s),No,Career/Professional,Financial Security and Stability,Positive Parental or Guardian Relationships,11,0,0,0,2,0,0,0,2,0,2,9,Medium,Normal,0.12727633965260798,Normal,-19.95178910721888,Normal,1.292175023934842,0,Normal
2024-05-01 10:44:18.255,keerthanagopal18@gmail.com,23,Female,RVIM,MBA,4 and above,"Greater than 50,000",Family,Hindu,REDDY,Extrovert,10-20,"SPORTS,DANCE,POETRY,INTERIOR DESIGNING,ADVENTURE ACTIVITIES",Alcohol,Heterosexual or straight,Government employee,House wife,One,Spiritual but not religious,Two parents,No,No,Yes,Maybe,Yes,1,0,0,0,0,0,0,0,0,0,0,0,0,0,0,0,0,0,0,0,0,0,0,0,0,Religious or spiritual leader,Religious or spiritual leader,Family member(s),Yes,"Career/Professional, Physical Health, Mental Health/Well-being, Personal Development/Growth",Positive Mental Health and Emotional Balance,"Access to Mental Health Services, Strong Social Support Networks, Education and Awareness Programs, Reduced Stigma Surrounding Mental Health, Positive Parental or Guardian Relationships, Supportive School Environments, Opportunities for Recreational Activities and Hobbies",1,1,1,2,0,0,2,2,0,2,4,1,Low,Normal,0.19690078149286755,Normal,-0.9799309121667015,Normal,0.14933974245706416,0,Normal
2024-05-01 11:48:08.168,deepthibhuvan@gmail.com,24,Male,Sri Venkateshwara College of Engineering,B.E / B.Tech,4 and above,"40,000 to 50,000",Family,Hindu,Lingayat,Ambivert,Greater than 20,Movies,,Heterosexual or straight,Laborer/Blue-collar worker,House wife,One,Agnostic (unsure about the existence of a higher power),Two parents,No,No,No,Yes,Yes,0,0,0,0,1,0,0,1,0,0,0,0,0,0,0,1,0,0,0,0,0,0,0,0,0,Friend(s),Friend(s),Friend(s),No,"Career/Professional, Relationships (Family, Friends, Romantic), Physical Health, Mental Health/Well-being, Personal Development/Growth",All of the above,"Access to Mental Health Services, Strong Social Support Networks, Effective Coping Skills Training, Education and Awareness Programs, Reduced Stigma Surrounding Mental Health, Positive Parental or Guardian Relationships, Supportive School Environments, Opportunities for Recreational Activities and Hobbies, Community Engagement and Volunteerism",3,0,2,2,0,0,2,0,2,0,2,5,Medium,Normal,0.20906727760254212,Normal,-0.9933467507268748,Normal,0.6827742863731521,0,Normal
2024-05-01 18:22:28.882,kishankraghavendra@gmail.com,23,Male,RVIM,MBA,3,"40,000 to 50,000",Family,Hindu,Yadava,Ambivert,5-10,"Playing cricket, frisbee and reading novels",Tobacco,Heterosexual or straight,Laborer/Blue-collar worker,House wife,,Spiritual but not religious,Two parents,No,Yes,Yes,Yes,Yes,1,0,0,0,1,0,0,1,0,0,0,0,1,0,0,0,1,1,0,0,0,0,1,1,1,Friend(s),Family member(s),Family member(s),Yes,"Career/Professional, Relationships (Family, Friends, Romantic), Physical Health, Financial Stability",Career Success and Fulfillment,"Access to Mental Health Services, Strong Social Support Networks, Effective Coping Skills Training, Education and Awareness Programs, Opportunities for Recreational Activities and Hobbies",9,2,2,4,0,2,4,2,0,2,4,13,High,Normal,0.16954007331075543,Normal,-1.1014639446509076,Normal,1.475793247096961,0,Normal
2024-05-01 20:29:50.391,shri.nidhii2k01@gmail.com,22,Female,Srinivas institute of medicine science and research centre ,MBBS,4 and above,"Greater than 50,000",Hostel / PG,Hindu,Kotegar ,Ambivert,5-10,"Singing, dancing ",,Heterosexual or straight,Business owner/Entrepreneur,House wife,One,Religious,Two parents,No,No,No,No,No,0,0,0,0,0,0,0,0,0,0,0,0,0,0,0,0,0,0,0,0,0,0,0,0,0,Family member(s),Friend(s),Friend(s),No,Career/Professional,Career Success and Fulfillment,Strong Social Support Networks,0,2,0,2,0,0,2,0,2,0,2,2,Low,Normal,0.2717792342701301,Normal,-1.0,Normal,1.1062082140844476,0,Normal
2024-05-01 20:35:24.300,lasyasreerama1@gmail.com,22,Female,SIMS&RC,MBBS,4 and above,"Greater than 50,000",Apartment ,Hindu,Vokkaliga,Ambivert,5-10,"Listening to music, Gym",Alcohol,Heterosexual or straight,Government employee,Government employee,One,Religious,,No,Yes,No,Yes,No,1,0,0,0,0,1,0,0,1,1,0,0,0,0,0,1,0,0,0,1,0,0,0,0,0,Friend(s),Family member(s),Friend(s),Yes,"Career/Professional, Personal Development/Growth",Work-Life Balance,Supportive School Environments,6,2,2,4,0,2,4,0,2,2,4,10,Medium,Normal,0.171236666148887,Normal,-1.0140736872273322,Normal,1.2393081287496397,0,Normal
2024-05-01 20:36:52.230,suraksha1374@gmail.com,23,Female,Srinivas institute of medical sciences and research Centre ,MBBS,4 and above,"Greater than 50,000",Apartment with friends ,Hindu,Kstriya,Introvert,Less than 5,Tv,,Heterosexual or straight,Business owner/Entrepreneur,House wife,One,Religious,Two parents,No,No,Yes,Yes,Yes,6,6,5,5,3,4,6,6,6,4,1,6,4,6,4,4,5,5,2,4,2,3,1,4,2,No one,No one ,No one,Yes,"Career/Professional, Relationships (Family, Friends, Romantic), Physical Health, Mental Health/Well-being, Personal Development/Growth",Positive Mental Health and Emotional Balance,"Access to Mental Health Services, Strong Social Support Networks, Effective Coping Skills Training, Education and Awareness Programs, Reduced Stigma Surrounding Mental Health, Supportive School Environments, Opportunities for Recreational Activities and Hobbies",104,3,2,5,0,0,2,0,0,2,2,109,High,Outlier,-0.026166606550106275,Normal,-1.1841857981035193,Outlier,-0.09198048172326168,2,Critical Outlier
2024-05-01 20:39:56.018,gauthamhanima2001@gmail.com,22,Male,Srinivas institute of medical sciences and research center,MBBS,3,"30,000 to 40,000",Family,Hindu,Thiyya,Introvert,Less than 5,"Poetry writing, butterfly rearing, painting",,Heterosexual or straight,Private sector employee,House wife,,Spiritual but not religious,Two parents,No,Yes,Yes,Yes,No,6,6,3,0,0,0,3,3,6,4,4,6,4,6,5,4,4,4,6,6,6,6,6,4,6,Family member(s),Family member(s),Family member(s),Yes,"Relationships (Family, Friends, Romantic)",Positive Mental Health and Emotional Balance,Effective Coping Skills Training,108,3,2,5,0,2,4,2,0,2,4,113,High,Outlier,-0.008217431020917876,Normal,-1.013431161528215,Normal,0.1673494141712628,1,Moderate Outlier
2024-05-01 20:45:52.751,prashanthreddy9742@gmail.com,23,Male,Srinivas medical college ,MBBS,4 and above,"10,000 to 20,000",Hostel / PG,Hindu,Hindhu,Introvert,Less than 5,Nothing ,Alcohol,Heterosexual or straight,Farmer,House wife,One,Agnostic (unsure about the existence of a higher power),Two parents,Maybe,Maybe,Yes,Yes,Yes,3,1,1,0,1,0,5,0,0,2,1,1,0,0,0,0,0,0,0,0,0,0,0,0,0,Friend(s),Friend(s),Friend(s),No,"Career/Professional, Relationships (Family, Friends, Romantic), Physical Health, Mental Health/Well-being, Personal Development/Growth",Personal Growth and Development,Strong Social Support Networks,15,3,2,5,1,1,2,0,2,0,2,20,High,Normal,0.11213144058052371,Normal,-1.8502186052060694,Normal,0.5704236814430921,0,Normal
2024-05-01 21:45:48.166,nashwanashu2002@gmail.com,21,Female,Srinivas institute of medical sciences ,MBBS,3,"Greater than 50,000",Family,Muslim,Muslim ,Ambivert,Less than 5,Nothing ,"Alcohol, Tobacco",Heterosexual or straight,Government employee,Government employee,One,Spiritual but not religious,One parent,Yes,Yes,Yes,Yes,Yes,3,1,1,0,0,0,0,1,1,1,1,0,6,6,1,1,6,0,1,1,1,6,5,6,6,Friend(s),Friend(s),Friend(s),No,"Career/Professional, Relationships (Family, Friends, Romantic)",Positive Mental Health and Emotional Balance,"Access to Mental Health Services, Strong Social Support Networks, Education and Awareness Programs, Positive Parental or Guardian Relationships",55,3,2,5,2,2,2,0,2,0,2,60,High,Outlier,-0.019989786773902063,Normal,-1.4856782958772465,Outlier,-0.4264591294904392,2,Critical Outlier
2024-05-01 21:49:14.573,sohanswain878@gmail.com,24,Male,sims&rc,MBBS,4 and above,"Greater than 50,000",Family,Hindu,Kshatriya,Ambivert,5-10,"gym,sports,gaming",,Heterosexual or straight,Private sector employee,House wife,One,Spiritual but not religious,Two parents,No,Maybe,Yes,Yes,Maybe,0,0,0,0,0,0,1,0,1,0,0,0,0,1,0,4,1,5,1,1,0,0,3,0,0,Friend(s),Family member(s),Family member(s),Yes,"Career/Professional, Relationships (Family, Friends, Romantic), Mental Health/Well-being",Positive Mental Health and Emotional Balance,"Access to Mental Health Services, Effective Coping Skills Training, Reduced Stigma Surrounding Mental Health, Opportunities for Recreational Activities and Hobbies",18,2,2,4,0,1,3,2,0,2,4,21,High,Normal,0.08694061739501369,Normal,-1.763955497035203,Normal,0.8999032283096513,0,Normal
2024-05-02 09:46:38.121,g16shetty@gmail.com,22,Male,Srinivas medical college ,MBBS,4 and above,"Greater than 50,000",Family,Hindu,Bunts,Extrovert,Greater than 20,"Bike rides, movies ",Alcohol,Heterosexual or straight,Business owner/Entrepreneur,House wife,One,Religious,,No,Yes,Yes,Yes,Yes,0,0,1,0,0,0,1,1,0,0,1,1,0,0,0,0,1,1,1,1,0,1,1,0,0,Friend(s),Friend(s),Friend(s),Yes,"Career/Professional, Relationships (Family, Friends, Romantic), Physical Health, Mental Health/Well-being, Financial Stability, Personal Development/Growth",Financial Security and Stability,"Access to Mental Health Services, Strong Social Support Networks, Effective Coping Skills Training, Reduced Stigma Surrounding Mental Health, Positive Parental or Guardian Relationships, Supportive School Environments",11,0,2,2,0,2,4,0,2,2,4,13,High,Normal,0.10984934344769326,Normal,-1.2311430941098063,Normal,1.6622389955034302,0,Normal
2024-05-02 13:17:04.648,lokeshganiga240@gmail.com,21,Male,Moodlkatte institute of technology kundapura,B.E / B.Tech,4 and above,"10,000 to 20,000",Family,Hindu,Ganiga,Ambivert,Greater than 20,"Games ,photography",,Heterosexual or straight,Farmer,House wife,One,Religious,Two parents,No,No,No,No,No,0,0,0,0,0,0,0,0,0,0,0,0,0,0,0,0,0,0,0,0,0,0,0,0,0,Friend(s),Family member(s),Family member(s),No,Physical Health,Career Success and Fulfillment,"Strong Social Support Networks, Education and Awareness Programs, Positive Parental or Guardian Relationships, Supportive School Environments",0,0,0,0,0,0,2,2,0,0,2,0,Low,Normal,0.27787774594736653,Normal,-1.0,Normal,0.5930094755188309,0,Normal
2024-05-02 13:39:25.794,koushikbs556@gmail.com,21,Male,Moodlakatte institute of technology Kundapura ,B.E / B.Tech,4 and above,"40,000 to 50,000",Hostel / PG,Hindu,Billava(2A),Introvert,5-10,"Gaming,Watching movies ",,Heterosexual or straight,Laborer/Blue-collar worker,Laborer/Blue-collar worker,One,Religious,Two parents,No,No,No,No,No,0,0,0,0,0,0,0,0,0,0,0,0,0,0,0,0,0,0,0,0,0,0,0,0,0,Friend(s),Friend(s),Friend(s),No,"Career/Professional, Financial Stability",Career Success and Fulfillment,"Education and Awareness Programs, Positive Parental or Guardian Relationships",0,2,0,2,0,0,2,0,2,0,2,2,Low,Normal,0.2717792342701301,Normal,-1.0,Normal,1.1062082140844476,0,Normal
2024-05-02 13:43:18.871,dummy@gmail.com,21,Male,Moodlakatte Institute of Technology ,B.E / B.Tech,4 and above,"30,000 to 40,000",Family,Prefer not to say,Unknown ,Ambivert,5-10,"Swimming, gaming, traveling ",,Heterosexual or straight,Private sector employee,House wife,One,Religious,Two parents,Maybe,Maybe,Yes,Yes,Yes,0,0,0,0,0,0,1,0,0,0,0,1,0,2,0,0,0,1,0,0,0,0,1,0,0,Imaginary friend ,Imaginary friend ,Friend(s),No,"Career/Professional, Mental Health/Well-being, Financial Stability",Positive Mental Health and Emotional Balance,"Access to Mental Health Services, Education and Awareness Programs, Positive Parental or Guardian Relationships, Supportive School Environments, Free councelling which keeps the persons privacy simultaneously solving the problem ",6,2,2,4,1,1,2,0,2,0,2,10,Medium,Normal,0.17154512123213134,Normal,-1.2549797386325552,Normal,1.3761343368733199,0,Normal
2024-05-02 13:47:50.908,prajwalbandi48@gmail.com,20,Male,Moodlakatte institute of technology kundapura ,B.E / B.Tech,4 and above,"20,000 to 30,000",Hostel / PG,Hindu,Lingayata,Introvert,Less than 5,Movie ,,Heterosexual or straight,Farmer,House wife,One,Religious,Two parents,No,No,No,No,No,1,1,0,0,0,0,0,0,0,0,0,0,0,0,0,1,0,0,0,1,0,0,1,0,4,Family member(s),Family member(s),Family member(s),No,Career/Professional,Career Success and Fulfillment,"Strong Social Support Networks, Education and Awareness Programs, Positive Parental or Guardian Relationships",9,3,0,3,0,0,2,2,0,0,2,12,High,Normal,0.18869090066702393,Outlier,-9028933090.136442,Normal,1.2200897466906664,1,Moderate Outlier
2024-05-02 13:48:15.623,rohanrudra1511@gmail.com,21,Male,Moodlakatte institute of technology Kundapura ,B.E / B.Tech,4 and above,"10,000 to 20,000",Hostel / PG,Hindu,Lingayat,Extrovert,10-20,helping others,,Heterosexual or straight,Business owner/Entrepreneur,House wife,Two,Religious,One parent,Maybe,Maybe,Maybe,Maybe,Maybe,3,0,0,0,0,0,1,0,0,0,0,0,0,2,0,0,0,1,1,1,0,0,2,0,0,Friend(s),Family member(s),Family member(s),Maybe,"Career/Professional, Relationships (Family, Friends, Romantic), Physical Health, Mental Health/Well-being, Financial Stability, Personal Development/Growth",Career Success and Fulfillment,"Access to Mental Health Services, Strong Social Support Networks, Positive Parental or Guardian Relationships, Supportive School Environments",11,1,1,2,1,1,2,2,0,1,3,12,High,Normal,0.08903473271433882,Normal,-1.4039876333833041,Normal,0.8493501935112677,0,Normal
2024-05-02 13:54:57.596,vinodbhagath9388@gmail.com,21,Male,Moodlakatte institute of technology,B.E / B.Tech,2,"Less than 10,000",Friends,Hindu,Kuruba,Introvert,Less than 5,"Watching phone, listening music, coding and  enjoying nature",,Heterosexual or straight,Expired,House wife,,Religious,One parent,Maybe,Yes,Yes,Yes,No,0,0,0,0,0,0,0,0,1,0,0,0,0,0,0,0,0,0,0,0,0,0,0,0,0,Friend(s),Friend(s),Friend(s),No,"Career/Professional, Relationships (Family, Friends, Romantic), Physical Health, Mental Health/Well-being, Financial Stability, Personal Development/Growth",Career Success and Fulfillment,Opportunities for Recreational Activities and Hobbies,1,3,2,5,1,2,3,0,2,0,2,7,Medium,Normal,0.20371835041305114,Normal,-0.9803163039636523,Normal,0.532612888708623,0,Normal
2024-05-02 14:17:36.758,nishamoger2293@gmail.com,20,Female,Moodlakatte institute of technology kundapura ,B.E / B.Tech,4 and above,"20,000 to 30,000",Hostel / PG,Hindu,SC (mogera),Ambivert,5-10,"Dancing, cooking ",,Heterosexual or straight,Fisherman ,House wife,One,Religious,One parent,No,No,No,No,No,1,0,0,0,0,0,0,0,1,0,0,0,0,1,0,0,1,0,0,0,0,0,0,0,0,Friend(s),Friend(s),Friend(s),No,"Career/Professional, Relationships (Family, Friends, Romantic), Personal Development/Growth",Career Success and Fulfillment,"Strong Social Support Networks, Education and Awareness Programs, Positive Parental or Guardian Relationships, Supportive School Environments",4,2,0,2,0,0,2,0,2,0,2,6,Medium,Normal,0.20129989330954856,Outlier,-3656425624.637732,Normal,1.5782166991862434,1,Moderate Outlier
2024-05-02 14:17:48.033,gunagaanjali@gmail.com,19,Female,Moodalkatte institute of technology ,B.E / B.Tech,4 and above,"Greater than 50,000",Hostel / PG,Hindu,Gunaga ,Extrovert,10-20,Dance,,Bisexual,Government employee,Government employee,One,Religious,Two parents,No,No,No,No,No,0,0,0,0,0,0,0,0,0,0,0,0,0,0,0,0,0,0,0,0,0,0,0,0,0,Friend(s),Friend(s),Friend(s),No,"Career/Professional, Relationships (Family, Friends, Romantic), Personal Development/Growth",Career Success and Fulfillment,"Strong Social Support Networks, Education and Awareness Programs, Positive Parental or Guardian Relationships, Supportive School Environments",0,1,0,1,0,0,2,0,2,0,2,1,Low,Normal,0.26039187238892075,Normal,-1.0,Normal,0.5603940349488337,0,Normal
2024-05-02 14:23:01.623,shrinidhipoojary901@gmail.com,20,Female,Moodlakatte institute of technology ,B.E / B.Tech,4 and above,"30,000 to 40,000",Hostel / PG,Hindu,Poojary OBC 2A,Extrovert,Greater than 20,Art ,,Asexual,Laborer/Blue-collar worker,House wife,One,Religious,Two parents,No,No,No,No,No,0,0,0,0,0,0,0,0,0,0,0,0,0,0,0,0,0,0,0,0,0,0,0,0,0,Family member(s),Family member(s),Family member(s),No,"Career/Professional, Relationships (Family, Friends, Romantic), Physical Health, Mental Health/Well-being, Financial Stability, Personal Development/Growth",Career Success and Fulfillment,Positive Parental or Guardian Relationships,0,0,0,0,0,0,2,2,0,0,2,0,Low,Normal,0.27787774594736653,Normal,-1.0,Normal,0.5930094755188309,0,Normal
2024-05-02 17:01:34.945,madhurakulal7@gmail.com,20,Female,Mitk,B.E / B.Tech,4 and above,"40,000 to 50,000",Family,Hindu,Kulal,Ambivert,Greater than 20,"Watching movies, gardening, listing music, writing, reading , playing ",,No,Farmer,House wife,One,Religious,Two parents,No,No,No,No,No,0,0,0,0,0,0,0,0,0,0,0,0,0,0,0,0,0,0,0,0,0,0,0,0,0,No,Family member(s),Family member(s),No,"Career/Professional, ",Career Success and Fulfillment,Education and Awareness Programs,0,0,0,0,0,0,2,2,0,0,2,0,Low,Normal,0.27787774594736653,Normal,-1.0,Normal,0.5930094755188309,0,Normal
2024-05-02 17:40:57.447,krishnaprasadrao001@gmail.com,24,Male,MIT,MTech,4 and above,"40,000 to 50,000",Family,Hindu,KSHATRIYA,Extrovert,Greater than 20,Cricket ,,Heterosexual or straight,Private sector employee,House wife,One,Religious,One parent,No,No,No,No,No,0,0,0,0,0,0,0,0,0,0,0,0,0,0,0,0,0,0,0,0,0,0,0,0,0,Friend(s),Family member(s),Family member(s),No,Mental Health/Well-being,Career Success and Fulfillment,"Access to Mental Health Services, Strong Social Support Networks, Education and Awareness Programs, Supportive School Environments",0,0,0,0,0,0,2,2,0,0,2,0,Low,Normal,0.27787774594736653,Normal,-1.0,Normal,0.5930094755188309,0,Normal
2024-05-02 17:53:01.591,sanathrai2k1@gmail.com,24,Male,NMAM INSTITUTE OF TECHNOLOGY ,B.E / B.Tech,4 and above,"Greater than 50,000",Family,Hindu,Bunts,Extrovert,5-10,Art,,Heterosexual or straight,Business owner/Entrepreneur,House wife,One,Spiritual but not religious,,Maybe,Maybe,No,No,No,0,0,0,0,0,0,0,0,0,0,0,0,0,0,0,0,0,0,0,0,0,0,0,0,0,Family member(s),Friend(s),Friend(s),No,"Career/Professional, Relationships (Family, Friends, Romantic), Physical Health, Mental Health/Well-being, Financial Stability, Personal Development/Growth",Strong and Healthy Relationships,"Strong Social Support Networks, Positive Parental or Guardian Relationships",0,2,0,2,1,1,2,0,2,0,2,2,Low,Normal,0.2717792342701301,Normal,-1.0,Normal,1.1062082140844476,0,Normal
2024-05-02 21:15:54.220,srajankulal17@gmail.com,21,Male,Moodlakatte institute of technology ,B.E / B.Tech,4 and above,"40,000 to 50,000",Family,Hindu,Kulal,Ambivert,10-20,"Traveling, Reading, listing songs ",Alcohol,Heterosexual or straight,Business owner/Entrepreneur,House wife,One,Religious,Two parents,No,No,Maybe,Maybe,No,1,0,0,1,1,0,0,1,1,0,0,0,3,0,1,1,1,2,2,1,1,0,0,0,0,Friend(s),Friend(s),Family member(s),No,"Career/Professional, Relationships (Family, Friends, Romantic), Physical Health, Mental Health/Well-being, Financial Stability, Personal Development/Growth",Financial Security and Stability,"Strong Social Support Networks, Education and Awareness Programs, Supportive School Environments, Opportunities for Recreational Activities and Hobbies, Community Engagement and Volunteerism",17,1,1,2,0,0,2,2,0,0,2,19,High,Normal,0.08224937252484321,Normal,-1.320653507511088,Normal,0.7799649912557554,0,Normal
2024-05-02 23:32:02.811,rajkumar182003@gmail.com,22,Male,Moodlakatte Institute of Technology,B.E / B.Tech,3,"30,000 to 40,000",Family,Hindu,Kotegara,Extrovert,Greater than 20,"Writing, Reading, Dancing",,Heterosexual or straight,Business owner/Entrepreneur,House wife,One,Spiritual but not religious,Two parents,No,Yes,Yes,Yes,Yes,0,0,0,0,0,0,0,0,0,0,0,0,0,0,0,0,0,0,1,1,0,0,0,0,0,"Mental health professional (e.g., therapist, counselor)",Family member(s),Family member(s),Yes,"Career/Professional, Relationships (Family, Friends, Romantic), Mental Health/Well-being, Financial Stability",Career Success and Fulfillment,Effective Coping Skills Training,2,0,2,2,0,2,4,2,0,2,4,4,Medium,Normal,0.18471060448101112,Normal,-0.997145586372242,Normal,0.7411671461384861,0,Normal
2024-05-03 09:03:23.177,hegde1803@gmail.com,21,Male,Moodlakatte Institute of Technology,B.E / B.Tech,4 and above,"Greater than 50,000",Family,Hindu,General,Ambivert,5-10,"Rading, Dancing",,Heterosexual or straight,Business owner/Entrepreneur,House wife,One,Spiritual but not religious,Two parents,No,No,Yes,Yes,Yes,0,0,0,0,0,0,0,0,0,0,0,0,0,0,0,0,0,1,0,1,0,1,1,1,1,none,Friend(s),Friend(s),No,"Relationships (Family, Friends, Romantic), Financial Stability",Career Success and Fulfillment,"Strong Social Support Networks, Effective Coping Skills Training, Positive Parental or Guardian Relationships",6,2,2,4,0,0,2,0,2,0,2,10,Medium,Normal,0.16827511889964403,Normal,-1.0390483751276658,Normal,1.3514778414457007,0,Normal
2024-05-03 11:05:12.483,ananyapanambur1@gmail.com,23,Female,Srinivas medical college ,MBBS,4 and above,"40,000 to 50,000",Family,Hindu,Stanika,Introvert,Less than 5,Dance sleep sing ,,Heterosexual or straight,Retired,House wife,One,Religious,One parent,No,No,Maybe,Yes,No,0,0,0,0,0,0,1,0,0,0,0,0,0,2,0,0,0,3,0,0,0,0,0,0,0,"Mental health professional (e.g., therapist, counselor)",Sleep,Family member(s),No,Career/Professional,Career Success and Fulfillment,"Access to Mental Health Services, Education and Awareness Programs, Reduced Stigma Surrounding Mental Health, Supportive School Environments",6,3,2,5,0,0,2,2,0,0,2,11,Medium,Normal,0.136278576224665,Normal,-2.1414334147141583,Normal,0.8614733153350036,0,Normal
2024-05-03 11:11:56.183,d.himanshu1568@gmail.com,19,Male,Srinivas Institute of medical college and research centre,MBBS,4 and above,"Greater than 50,000",Hostel / PG,Hindu,General,Ambivert,5-10,Sports,,Heterosexual or straight,Private sector employee,House wife,,Religious,Two parents,Yes,No,No,No,No,0,0,0,0,0,0,0,0,1,0,0,0,0,0,0,0,0,0,0,0,0,0,0,0,0,Friend(s),Family member(s),Friend(s),No,"Career/Professional, Personal Development/Growth",Career Success and Fulfillment,Education and Awareness Programs,1,2,0,2,2,0,0,0,2,0,2,1,Low,Normal,0.24578857932740922,Outlier,-5208094309.876951,Normal,1.1934281346711266,1,Moderate Outlier
2024-05-03 11:14:15.116,devikaprabh3@gmail.com,20,Female,Srinivas institute of medical sciences and research centre ,MBBS,4 and above,"Greater than 50,000",Family,Hindu,General ,Ambivert,Less than 5,Dancing,,Heterosexual or straight,Private sector employee,Business owner/Entrepreneur,One,Religious,Two parents,No,Yes,Maybe,Yes,Yes,1,0,0,0,0,0,2,0,0,0,0,0,0,0,0,0,0,0,1,0,0,0,0,0,0,Family member(s),Friend(s),Family member(s),No,"Career/Professional, Personal Development/Growth",Strong and Healthy Relationships,Supportive School Environments,4,3,2,5,0,2,4,2,0,0,2,11,Medium,Normal,0.18913420021047816,Normal,-1.3323887235731722,Normal,0.9971754274604541,0,Normal
2024-05-03 11:43:54.050,urmom@gmail.com,22,Male,Best college,B.E / B.Tech,4 and above,"Greater than 50,000",Hostel / PG,Hindu,Idli,Extrovert,Greater than 20,Playing,"Alcohol, *** of the above",Heterosexual or straight,Government employee,Private sector employee,One,Agnostic (unsure about the existence of a higher power),Two parents,Maybe,No,Maybe,No,Maybe,0,0,0,0,0,0,0,0,0,0,0,0,0,0,0,0,0,0,0,0,0,0,0,0,0,Myself,Myself,Myself,No,Masturbation,All,Ai sexbots,0,0,0,0,1,0,1,0,0,0,0,1,Low,Normal,0.277604279474793,Normal,-221950390.64037585,Normal,0.600056000813102,0,Normal
2024-05-03 11:47:00.341,suchethamn1975in09@gmail.com,20,Female,Moodlakatte Institute of Technology Kundapura ,B.E / B.Tech,4 and above,"20,000 to 30,000",Family,Hindu,Brahmin,Ambivert,5-10,"Reading, Drawing, Matchbox Collection ",,Heterosexual or straight,Business owner/Entrepreneur,Private sector employee,One,Religious,Two parents,No,No,Maybe,Maybe,Maybe,0,1,0,0,0,0,0,0,0,0,0,0,0,0,0,0,0,0,0,0,0,0,0,0,0,Family member(s),Family member(s),Family member(s),No,"Career/Professional, Financial Stability",Career Success and Fulfillment,"Strong Social Support Networks, Education and Awareness Programs, Positive Parental or Guardian Relationships, Supportive School Environments, Opportunities for Recreational Activities and Hobbies",1,2,1,3,0,0,2,2,0,0,2,4,Medium,Normal,0.2295992617690482,Normal,-0.991993274642555,Normal,0.41562965601950896,0,Normal
2024-05-03 12:03:20.435,sharvilshetty3@gmail.com,21,Male,Moodlakatte institute of technology kundapura ,B.E / B.Tech,4 and above,"Greater than 50,000",Family,Hindu,Bunts,Ambivert,Greater than 20,Video games ,,Heterosexual or straight,Business owner/Entrepreneur,House wife,Two,Religious,Two parents,No,No,Yes,Yes,Maybe,1,0,1,0,1,0,0,0,1,1,1,0,0,1,0,0,1,0,0,0,0,0,1,0,0,Video games,No one ,No one ,No,"Physical Health, Personal Development/Growth",Financial Security and Stability,"Reduced Stigma Surrounding Mental Health, Opportunities for Recreational Activities and Hobbies",9,0,2,2,0,0,2,0,0,0,0,13,High,Normal,0.12169723708050928,Normal,-1.1042636794896352,Normal,1.2989433602920046,0,Normal
2024-05-03 12:03:26.231,99prakashnaik@gmail.com,21,Male,Moodlakatte institute of technology kundapura ,B.E / B.Tech,4 and above,"10,000 to 20,000",Family,Hindu,ST,Introvert,Greater than 20,"Reading, watching tv , etc",,Heterosexual or straight,Died,House wife,Two,Religious,One parent,No,No,No,No,No,1,0,1,0,1,0,0,0,1,1,1,0,0,1,0,0,1,0,0,0,0,0,1,0,0,None ,None ,Family member(s),No,Financial Stability,Career Success and Fulfillment,"Access to Mental Health Services, Education and Awareness Programs",9,0,0,0,0,0,2,2,0,0,2,9,Medium,Normal,0.1469277759343523,Normal,-13.287995325066367,Normal,1.345404077760441,0,Normal
2024-05-03 12:11:56.485,nkvaishnavi03@gmail.com,21,Female,Moodlakatte institute of technology kundapura,B.E / B.Tech,4 and above,"Greater than 50,000",Hostel / PG,Hindu,Hindu havyaka brahmin,Ambivert,Less than 5,"Singing, painting reading novels, art and craft",,Heterosexual or straight,Government employee,Government employee,One,Religious,Two parents,No,Yes,Yes,Yes,Yes,0,0,0,0,0,0,0,0,0,0,0,0,0,0,0,0,0,0,1,0,0,1,1,1,0,Friend(s),Family member(s),Friend(s),No,"Career/Professional, Relationships (Family, Friends, Romantic), Mental Health/Well-being, Financial Stability, Personal Development/Growth",Positive Mental Health and Emotional Balance,"Strong Social Support Networks, Positive Parental or Guardian Relationships",4,3,2,5,0,2,4,0,2,0,2,11,Medium,Normal,0.1767634007014961,Normal,-1.2060196586812224,Normal,0.9591985310338407,0,Normal
2024-05-03 12:14:14.475,devadigavignesh53@gmail.com,20,Male,Moodlakatte institute of technology kundapura ,B.E / B.Tech,4 and above,"20,000 to 30,000",Family,Hindu,Devadiga ,Introvert,Less than 5,"Reading,watching movies ",,Heterosexual or straight,Farmer,House wife,Two,Religious,Two parents,No,No,Yes,No,Yes,5,5,6,5,6,5,5,4,3,5,2,3,2,3,2,1,1,3,0,1,0,1,2,3,2,Family member(s),Family member(s),Family member(s),No,"Career/Professional, Physical Health, Mental Health/Well-being, Financial Stability, Personal Development/Growth",Career Success and Fulfillment,"Access to Mental Health Services, Strong Social Support Networks, Education and Awareness Programs",75,3,0,3,0,0,2,2,0,0,2,78,High,Normal,0.017212279895779004,Normal,-1.2068070909014907,Normal,0.7858343228245639,0,Normal
2024-05-03 12:16:36.876,venkateshmoger67@gmail.com,20,Female,"Moodlkatte institute of technology,kundapura",B.E / B.Tech,4 and above,"10,000 to 20,000",Family,Hindu,SC,Extrovert,Greater than 20,Dance,No,Heterosexual or straight,Fisherman,House wife,One,Spiritual but not religious,Two parents,No,No,No,No,No,0,0,0,0,0,0,0,0,0,0,0,0,0,0,0,0,0,0,0,0,0,0,0,0,0,Family member(s),Family member(s),Family member(s),Yes,Career/Professional,Good Physical Health and Well-being,Education and Awareness Programs,0,0,0,0,0,0,2,2,0,2,4,-2,Low,Normal,0.27035232890815797,Normal,-25423049.789011676,Normal,0.5778569246552383,0,Normal
2024-05-03 12:44:37.635,mnaik3917@gmail.com,20,Female,MOODLAKATTE INSTITUTE of technology Kundapura ,B.E / B.Tech,4 and above,"10,000 to 20,000",Hostel / PG,Hindu,Hindu namadhari,Extrovert,5-10,"Cooking , dancing, sports ",,.,.,House wife,One,.,Two parents,No,No,No,No,Maybe,3,2,2,2,3,2,2,2,3,3,3,2,2,2,2,2,2,2,2,2,2,2,2,2,2,Friend(s),Friend(s),Friend(s),No,Career/Professional,Career Success and Fulfillment,"Access to Mental Health Services, Strong Social Support Networks, Education and Awareness Programs, Positive Parental or Guardian Relationships",55,2,0,2,0,0,2,0,2,0,2,57,High,Normal,0.06749369471256328,Normal,-0.9982626395857921,Normal,3.530659101046327,0,Normal
2024-05-03 12:50:55.014,sharanyasherugar2003@gmail.com,20,Female,Moodlakatte institute of technology Kundapura ,B.E / B.Tech,4 and above,"10,000 to 20,000",Hostel / PG,Hindu,Kotegar ,Ambivert,Less than 5,"Reading Books , listening music ",,Asexual,Laborer/Blue-collar worker,House wife,Two,Spiritual but not religious,Two parents,No,No,Maybe,Maybe,Maybe,0,0,1,1,0,0,1,0,0,1,1,0,0,3,0,0,0,0,1,0,0,0,0,0,0,Family member(s),Family member(s),Family member(s),No,Mental Health/Well-being,Good Physical Health and Well-being,Access to Mental Health Services,9,3,1,4,0,0,2,2,0,0,2,13,High,Normal,0.10300491307240434,Normal,-1.7206775382954416,Normal,0.5247933629746959,0,Normal
2024-05-03 13:53:18.761,adarshshettyadarshshetty7@gmail.com,21,Male,Moodlakatte institution of technology kundapura ,B.E / B.Tech,4 and above,"10,000 to 20,000",Family,Hindu,Kumbar Shetty ,Introvert,Less than 5,Sports ,,Heterosexual or straight,Farmer,House wife,One,Religious,Two parents,No,No,No,No,No,0,0,0,0,0,0,0,0,0,0,0,0,0,0,0,0,0,0,0,0,0,0,0,0,0,Friend(s),Friend(s),Family member(s),No,Career/Professional,Career Success and Fulfillment,Access to Mental Health Services,0,3,0,3,0,0,2,2,0,0,2,3,Medium,Normal,0.25612827643167974,Normal,-1.0,Normal,0.7322037115749263,0,Normal
2024-05-03 14:00:50.327,ashwinihegde118@gmail.com,20,Female,Moodlakatte Institute of technology,B.E / B.Tech,3,"Less than 10,000",Hostel / PG,Hindu,Bunts,Introvert,Less than 5,Reading novel,,Heterosexual or straight,Farmer,House wife,,Religious,Two parents,No,No,Yes,Maybe,Yes,0,0,2,2,0,0,2,2,1,2,2,2,0,2,0,0,2,2,2,2,0,2,2,0,0,Family member(s),Family member(s),Family member(s),Maybe,"Career/Professional, Relationships (Family, Friends, Romantic), Physical Health, Mental Health/Well-being, Financial Stability",Career Success and Fulfillment,"Access to Mental Health Services, Strong Social Support Networks, Positive Parental or Guardian Relationships",29,3,1,4,0,0,2,2,0,1,3,32,High,Normal,0.03158786106732969,Normal,-1.3972146274908839,Normal,1.7420767467964655,0,Normal
2024-05-03 15:22:51.213,pa9330888@gmail.com,20,Male,Moodlakatte institute of technology ,B.E / B.Tech,4 and above,"40,000 to 50,000",Family,Hindu,Das,Introvert,10-20,Traveling ,,Heterosexual or straight,Private sector employee,House wife,One,Religious,Two parents,Maybe,No,Maybe,No,No,0,0,0,0,0,0,0,0,0,0,0,0,0,0,0,0,0,0,0,0,0,0,0,0,0,Friend(s),Friend(s),Friend(s),No,"Career/Professional, Relationships (Family, Friends, Romantic), Physical Health, Mental Health/Well-being, Financial Stability, Personal Development/Growth",Career Success and Fulfillment,"Strong Social Support Networks, Effective Coping Skills Training, Education and Awareness Programs, Opportunities for Recreational Activities and Hobbies, Community Engagement and Volunteerism",0,1,0,1,1,0,1,0,2,0,2,0,Low,Normal,0.25721218012579283,Normal,-243426073.6922284,Normal,0.5535628841546201,0,Normal
2024-05-03 15:24:58.410,sharathnr570@gmail.com,20,Male,Moodlakatte institute of technology ,B.E / B.Tech,4 and above,"20,000 to 30,000",Hostel / PG,Hindu,Ediga,Introvert,5-10,Playing ,,Heterosexual or straight,Business owner/Entrepreneur,House wife,One,Agnostic (unsure about the existence of a higher power),Two parents,No,No,No,No,No,0,0,0,0,0,0,0,0,0,0,0,0,0,6,5,4,3,2,1,0,0,0,0,0,0,Family member(s),Friend(s),Friend(s),No,"Career/Professional, Physical Health",Good Physical Health and Well-being,Education and Awareness Programs,21,2,0,2,0,0,2,0,2,0,2,23,High,Normal,0.08731587024160847,Normal,-2.9346629053920674,Normal,0.00010700180160005957,0,Normal
2024-05-03 15:29:39.915,gaganasv3@gmail.com,20,Female,Moodlakatte institute of technology kundapura ,B.E / B.Tech,4 and above,"20,000 to 30,000",Family,Hindu,Lingayat ,Extrovert,5-10,Playing Volleyball ,,Heterosexual or straight,Farmer,Government employee,One,Religious,Two parents,No,No,No,No,Yes,0,0,1,0,0,0,0,1,1,1,0,1,0,1,0,0,0,1,1,1,0,0,0,0,0,Family member(s),Family member(s),Family member(s),No,"Career/Professional, Relationships (Family, Friends, Romantic), Physical Health, Mental Health/Well-being, Financial Stability, Personal Development/Growth",Good Physical Health and Well-being,"Access to Mental Health Services, Strong Social Support Networks, Effective Coping Skills Training, Education and Awareness Programs, Reduced Stigma Surrounding Mental Health, Positive Parental or Guardian Relationships, Supportive School Environments, Opportunities for Recreational Activities and Hobbies, Community Engagement and Volunteerism",9,2,0,2,0,0,2,2,0,0,2,11,Medium,Normal,0.159648938509586,Normal,-9.533133651230523,Normal,2.1493326095509326,0,Normal
2024-05-03 15:31:06.424,djnaik8055@gmail.com,21,Male,Moodlakatte Institute of Technology ,B.E / B.Tech,4 and above,"Greater than 50,000",Family,Hindu,Namdhari,Introvert,10-20,"Travelling, Cycling ",,Heterosexual or straight,Government employee,House wife,One,Religious,Two parents,No,No,No,No,No,0,0,0,0,0,0,0,0,0,0,0,0,0,0,0,0,0,0,0,0,0,0,0,0,0,Family member(s),Family member(s),Family member(s),No,Physical Health,Career Success and Fulfillment,"Access to Mental Health Services, Strong Social Support Networks, Effective Coping Skills Training, Education and Awareness Programs, Reduced Stigma Surrounding Mental Health, Positive Parental or Guardian Relationships, Supportive School Environments, Opportunities for Recreational Activities and Hobbies, Community Engagement and Volunteerism",0,1,0,1,0,0,2,2,0,0,2,1,Low,Normal,0.26039187238892075,Normal,-1.0,Normal,0.5603940349488337,0,Normal
2024-05-03 15:31:28.030,navyamanjunath063@gmail.com,19,Female,Moodalkatte institution of technology ,B.E / B.Tech,4 and above,"Greater than 50,000",Family,Hindu,Devadiga /sherigar ,Ambivert,Less than 5,Sleeping/shopping/cooking/painting/gardening/gossiping,,Heterosexual or straight,Business owner/Entrepreneur,House wife,One,Religious,One parent,No,No,Maybe,Yes,Yes,1,0,0,0,0,0,1,0,0,0,1,0,0,0,0,3,0,0,1,1,0,0,0,0,0,Family member(s),Family member(s),Friend(s),Maybe,"Career/Professional, Relationships (Family, Friends, Romantic), Physical Health, Mental Health/Well-being, Financial Stability, Personal Development/Growth",Career Success and Fulfillment,"Access to Mental Health Services, Strong Social Support Networks, Effective Coping Skills Training, Education and Awareness Programs, Reduced Stigma Surrounding Mental Health, Positive Parental or Guardian Relationships, Supportive School Environments, Opportunities for Recreational Activities and Hobbies, Community Engagement and Volunteerism",8,3,2,5,0,0,2,0,2,1,3,12,High,Normal,0.15681945332186975,Normal,-1.3357367830054554,Normal,1.0048340011768273,0,Normal
2024-05-03 15:31:28.250,nehamkgowda18@gmail.com,20,Female,"Moodlakatte institute of technology, kundapura ",B.E / B.Tech,3,"Greater than 50,000",Family,Hindu,Vokkaliga (gowda),Ambivert,Less than 5,"Sleeping, shopping,gossip",,Heterosexual or straight,Farmer,House wife,,Religious,One parent,No,No,Maybe,Yes,Yes,1,0,0,0,0,0,1,0,2,0,0,0,0,1,0,2,0,0,2,0,0,0,0,0,0,Family member(s),Family member(s),Family member(s),No,"Career/Professional, Relationships (Family, Friends, Romantic), Physical Health, Mental Health/Well-being, Financial Stability, Personal Development/Growth",Career Success and Fulfillment,"Access to Mental Health Services, Strong Social Support Networks, Effective Coping Skills Training, Education and Awareness Programs, Reduced Stigma Surrounding Mental Health, Positive Parental or Guardian Relationships, Supportive School Environments, Opportunities for Recreational Activities and Hobbies, Community Engagement and Volunteerism",9,3,2,5,0,0,2,2,0,0,2,14,High,Normal,0.13454899718078017,Normal,-1.691457040704981,Normal,1.0602845232410072,0,Normal
2024-05-03 15:31:28.575,tnaik9666@gmail.com,19,Female,Moodlakatte Institute of technology kundapura ,B.E / B.Tech,4 and above,"30,000 to 40,000",Family,Hindu,Namadhari (Naik),Ambivert,Less than 5,"Sleeping, Shopping, Cooking, Gossiping.",,Heterosexual or straight,Farmer,House wife,One,Religious,One parent,No,No,Maybe,Yes,Yes,1,0,0,0,0,0,1,0,0,0,1,0,0,0,0,3,0,0,1,0,0,0,0,0,0,Family member(s),Family member(s),Family member(s),No,"Career/Professional, Relationships (Family, Friends, Romantic), Physical Health, Mental Health/Well-being, Financial Stability, Personal Development/Growth",Career Success and Fulfillment,"Access to Mental Health Services, Strong Social Support Networks, Effective Coping Skills Training, Education and Awareness Programs, Reduced Stigma Surrounding Mental Health, Positive Parental or Guardian Relationships, Supportive School Environments, Opportunities for Recreational Activities and Hobbies, Community Engagement and Volunteerism",7,3,2,5,0,0,2,2,0,0,2,12,High,Normal,0.1769419439383853,Normal,-1.2235328429225867,Normal,0.9401828033106705,0,Normal
2024-05-03 15:32:11.427,530meghananaik@gmail.com,19,Female,Moodlakatte institute of technology kundapura ,B.E / B.Tech,3,"Greater than 50,000",Hostel / PG,Hindu,Namadhari naikp,Ambivert,5-10,"reading, drawing ",,Heterosexual or straight,Government employee,House wife,,Religious,Two parents,No,No,No,No,No,0,0,0,0,0,0,1,0,0,0,0,0,0,0,0,0,0,0,0,0,0,0,0,0,0,Family member(s),Family member(s),Friend(s),No,Career/Professional,Career Success and Fulfillment,"Positive Parental or Guardian Relationships, Supportive School Environments",1,2,0,2,0,0,2,0,2,0,2,3,Medium,Normal,0.25582626775601713,Outlier,-4910821442.934494,Normal,1.2710936769558403,1,Moderate Outlier
2024-05-03 15:33:21.875,aliyaisha282@gmail.com,20,Female,Moodlakatte Institute of Technology Kundapura ,B.E / B.Tech,4 and above,"Greater than 50,000",Family,Muslim,2B,Extrovert,Less than 5,"Watching Anime, Listening Music, Reading ",,Heterosexual or straight,Null,House wife,Two,Religious,One parent,No,No,No,No,No,5,0,0,0,0,0,0,0,0,0,0,0,0,0,0,0,0,0,0,0,0,0,0,0,0,Friend(s),Friend(s),Family member(s),No,Career/Professional,Career Success and Fulfillment,Strong Social Support Networks,5,3,0,3,0,0,2,2,0,0,2,8,Medium,Normal,0.18550482939303514,Outlier,-15105188663.974316,Normal,0.5203597852084978,1,Moderate Outlier
2024-05-03 15:33:35.594,kruthikarajshekar05@gmail.com,20,Female,Moodalkatte Institute of technology,B.E / B.Tech,4 and above,"Less than 10,000",Hostel / PG,Hindu,Ediga,Ambivert,Less than 5,"Shopping, gardening, sleeping, gossiping, kinting, listening to music ",,Heterosexual or straight,Farmer,House wife,One,Religious,Two parents,No,No,No,No,No,0,0,0,0,0,0,0,0,1,0,0,0,0,1,0,0,0,0,0,0,0,0,0,0,1,Friend(s),Friend(s),"Mental health professional (e.g., therapist, counselor)",Yes,"Career/Professional, Relationships (Family, Friends, Romantic), Physical Health, Mental Health/Well-being, Financial Stability, Personal Development/Growth",Career Success and Fulfillment,"Access to Mental Health Services, Strong Social Support Networks, Effective Coping Skills Training, Education and Awareness Programs, Positive Parental or Guardian Relationships, Supportive School Environments, Opportunities for Recreational Activities and Hobbies",3,3,0,3,0,0,2,0,0,2,2,6,Medium,Normal,0.21308907271400485,Outlier,-7642154435.171904,Normal,0.9945538480501099,1,Moderate Outlier
2024-05-03 15:34:17.752,poojadevadiga789@gmail.com,20,Female,Moodlakatte Institute of Technology ,B.E / B.Tech,4 and above,"10,000 to 20,000",Family,Hindu,Devadiga ,Extrovert,Less than 5,"Listening music , dance, pencil sketch ",,Heterosexual or straight,Null,House wife,One,Religious,One parent,No,No,No,No,No,5,0,0,0,0,0,0,0,0,0,0,0,0,0,0,0,0,0,0,0,0,0,0,0,0,Friend(s),Friend(s),Friend(s),No,Career/Professional,Career Success and Fulfillment,Access to Mental Health Services,5,3,0,3,0,0,2,0,2,0,2,8,Medium,Normal,0.18550482939303514,Outlier,-15105188663.974316,Normal,0.5203597852084978,1,Moderate Outlier
2024-05-03 15:34:21.023,nesarakn5@gmail.com,20,Female,Moodlakatte Institute Of Technology ,B.E / B.Tech,4 and above,"40,000 to 50,000",Hostel / PG,Hindu,Vokkaliga,Extrovert,5-10,"Watching TV, Reading books",,Heterosexual or straight,Farmer,House wife,Two,Religious,Two parents,No,No,Maybe,No,No,0,1,0,0,1,0,0,0,0,0,0,0,0,0,0,0,0,1,1,1,0,0,0,0,0,Friend(s),Friend(s),Family member(s),No,"Career/Professional, Relationships (Family, Friends, Romantic), Financial Stability, Personal Development/Growth",Career Success and Fulfillment,Access to Mental Health Services,5,2,0,2,0,0,2,2,0,0,2,7,Medium,Normal,0.20749972805866662,Outlier,-5083492443.5675955,Normal,1.5430912534972574,1,Moderate Outlier
2024-05-03 15:35:25.685,janardhandevadiga456@gmail.com,19,Male,Moodlakatte institute of technology kundapura ,B.E / B.Tech,4 and above,"10,000 to 20,000",Family,Hindu,Devadiga,Introvert,Greater than 20,Playing cricket and Watching Anime ,,Heterosexual or straight,Laborer/Blue-collar worker,House wife,One,Religious,One parent,No,Maybe,Maybe,No,No,0,0,0,0,0,0,0,0,0,0,0,0,0,0,0,0,0,0,0,0,0,0,0,0,0,Friend(s),Family member(s),Family member(s),No,"Career/Professional, Relationships (Family, Friends, Romantic), Physical Health, Mental Health/Well-being, Financial Stability, Personal Development/Growth",Financial Security and Stability,"Education and Awareness Programs, Reduced Stigma Surrounding Mental Health, Positive Parental or Guardian Relationships, Community Engagement and Volunteerism",0,0,0,0,0,1,3,2,0,0,2,1,Low,Normal,0.277604279474793,Normal,-221950390.64037585,Normal,0.600056000813102,0,Normal
2024-05-03 15:35:51.334,sinchanadk2004@gmail.com,20,Female,"Moodlakatte institute of technology, kundapura ",B.E / B.Tech,2,"40,000 to 50,000",Hostel / PG,Hindu,ST,Ambivert,Greater than 20,Yoga and meditation ,,Heterosexual or straight,Farmer,House wife,,Good heart ,One parent,Yes,No,No,No,No,0,0,0,0,0,0,0,0,0,0,0,0,0,0,0,0,0,0,0,0,0,0,0,0,0,Friend(s),Friend(s),Friend(s),No,Financial Stability,Positive Mental Health and Emotional Balance,Access to Mental Health Services,0,0,0,0,2,0,0,0,2,0,2,-2,Low,Normal,0.27035232890815797,Normal,-25423049.789011676,Normal,0.5778569246552383,0,Normal
2024-05-03 15:36:31.919,maheensaba917@gmail.com,19,Female,Moodlakatte institute of technology Kundapur ,B.E / B.Tech,3,"30,000 to 40,000",Family,Muslim,Islam,Introvert,10-20,"Listening music, reading stories ",,Asexual,Farmer,House wife,One,Religious,One parent,No,No,No,No,Maybe,5,1,0,0,0,0,6,4,0,5,3,0,0,4,1,0,0,1,6,6,0,0,6,0,0,No one,Close Friend ,Family member(s),No,Mental Health/Well-being,Positive Mental Health and Emotional Balance,"Access to Mental Health Services, Strong Social Support Networks, Reduced Stigma Surrounding Mental Health, Positive Parental or Guardian Relationships",48,1,0,1,0,0,2,2,0,0,2,49,High,Outlier,-0.03754680356836981,Normal,-1.6057894808614734,Outlier,-0.7268629592623586,2,Critical Outlier
2024-05-03 15:36:44.091,anjalikalas173@gmail.com,19,Female,Moodlakatte Institute of Technology Kundapura,B.E / B.Tech,4 and above,"40,000 to 50,000",Hostel / PG,Hindu,Kshatriya Komarpanth ,Introvert,Less than 5,"Reading, exploring, singing etc",,Heterosexual or straight,Government employee,House wife,One,Religious,Two parents,No,No,No,No,No,0,0,0,0,0,0,0,0,0,0,0,0,0,0,0,0,0,0,0,0,0,0,0,0,0,Family member(s),Family member(s),Family member(s),No,"Career/Professional, Relationships (Family, Friends, Romantic), Physical Health, Mental Health/Well-being, Financial Stability, Personal Development/Growth",Career Success and Fulfillment,"Access to Mental Health Services, Strong Social Support Networks, Education and Awareness Programs, Positive Parental or Guardian Relationships",0,3,0,3,0,0,2,2,0,0,2,3,Medium,Normal,0.25612827643167974,Normal,-1.0,Normal,0.7322037115749263,0,Normal
2024-05-03 15:38:11.022,vaishnavi21003@gmail.com,20,Female,Moodlakatte institute of technology kundapura ,B.E / B.Tech,4 and above,"10,000 to 20,000",Hostel / PG,Hindu,GSB,Ambivert,5-10,"Crafts,pencil sketch,crochet, watching k-drama",,Heterosexual or straight,Home industries ,House wife,One,Religious,Two parents,No,No,No,Yes,Yes,0,0,0,0,0,0,1,0,0,0,0,0,0,0,0,0,1,0,0,0,0,0,0,0,0,Both family and friends ,Friend(s),Family member(s),No,"Career/Professional, Relationships (Family, Friends, Romantic), Physical Health, Mental Health/Well-being, Financial Stability, Personal Development/Growth",Financial Security and Stability,"Strong Social Support Networks, Positive Parental or Guardian Relationships, Opportunities for Recreational Activities and Hobbies",2,2,2,4,0,0,2,2,0,0,2,6,Medium,Normal,0.20492952539514403,Normal,-0.9929019201518466,Normal,0.9219874236625714,0,Normal
2024-05-03 15:40:52.175,virajn595@gmail.com,23,Male,Moodlakatte institute of technology Kundapur ,B.E / B.Tech,4 and above,"10,000 to 20,000",Family,Hindu,Naik,Extrovert,5-10,"Travelling,spending time with friends ",,Heterosexual or straight,Laborer/Blue-collar worker,House wife,One,Religious,Two parents,Yes,Yes,Maybe,Maybe,No,0,3,1,0,0,0,0,1,1,0,1,0,0,0,0,1,1,1,1,0,1,1,1,1,1,Friend(s),Friend(s),Friend(s),No,"Career/Professional, Relationships (Family, Friends, Romantic), Physical Health, Mental Health/Well-being, Financial Stability, Personal Development/Growth",Good Physical Health and Well-being,"Access to Mental Health Services, Strong Social Support Networks, Effective Coping Skills Training, Education and Awareness Programs, Reduced Stigma Surrounding Mental Health, Positive Parental or Guardian Relationships, Supportive School Environments, Opportunities for Recreational Activities and Hobbies, Community Engagement and Volunteerism",16,2,1,3,2,2,2,0,2,0,2,19,High,Normal,0.10992751489738484,Normal,-1.1484823780665916,Normal,1.294262740355447,0,Normal
2024-05-03 15:45:34.178,prathyushapshetty423@gmail.com,22,Female,Moodlakatte institute of technology ,B.E / B.Tech,4 and above,"20,000 to 30,000",Family,Hindu,Bunts,Ambivert,Less than 5,"Reading, writting journal, painting",,Heterosexual or straight,Business owner/Entrepreneur,House wife,One,Religious,Two parents,No,Maybe,No,Yes,Yes,3,0,0,0,0,0,4,5,2,4,2,3,1,0,0,0,0,0,0,0,0,0,0,0,0,Family member(s),Friend(s),Friend(s),No,"Relationships (Family, Friends, Romantic), Mental Health/Well-being, Personal Development/Growth",Career Success and Fulfillment,"Access to Mental Health Services, Strong Social Support Networks, Effective Coping Skills Training, Education and Awareness Programs, Reduced Stigma Surrounding Mental Health, Positive Parental or Guardian Relationships, Supportive School Environments, Opportunities for Recreational Activities and Hobbies, Community Engagement and Volunteerism",24,3,2,5,0,1,3,0,2,0,2,30,High,Normal,0.03299713911827651,Normal,-1.8205092404351355,Outlier,-0.00021617741644197608,1,Moderate Outlier
2024-05-03 15:46:19.154,navyanarayan004@gmail.com,20,Female,Moodlakatte Institute of Technology Kundapura ,B.E / B.Tech,4 and above,"20,000 to 30,000",Family,Hindu,Cat-1,Introvert,5-10,"Reading novels, drawing etc",,Asexual,Farmer,House wife,One,Religious,Two parents,No,No,No,No,No,0,0,0,0,0,0,0,0,0,0,0,0,0,0,0,0,0,0,0,0,0,0,0,0,0,Family member(s),Family member(s),Family member(s),Maybe,"Career/Professional, Relationships (Family, Friends, Romantic), Physical Health, Mental Health/Well-being, Financial Stability, Personal Development/Growth",Good Physical Health and Well-being,"Access to Mental Health Services, Strong Social Support Networks, Education and Awareness Programs, Positive Parental or Guardian Relationships, Opportunities for Recreational Activities and Hobbies",0,2,0,2,0,0,2,2,0,1,3,1,Low,Normal,0.2701316502141151,Normal,-262443735.5646696,Normal,1.0984520296039442,0,Normal
2024-05-03 15:46:23.868,shwetassshwetass7@gmail.com,20,Female,Moodlakatte institute of technology Kundapura,B.E / B.Tech,4 and above,"10,000 to 20,000",Family,Hindu,3B,Introvert,10-20,Reading & drawing ,,Asexual,Private sector employee,House wife,Two,Religious,Two parents,No,No,No,No,No,0,0,0,0,0,0,0,0,0,0,0,0,0,0,0,0,0,0,0,0,0,0,0,0,0,Family member(s),Family member(s),Family member(s),Maybe,"Career/Professional, Relationships (Family, Friends, Romantic), Financial Stability, Personal Development/Growth",Good Physical Health and Well-being,"Access to Mental Health Services, Strong Social Support Networks, Education and Awareness Programs, Positive Parental or Guardian Relationships, Supportive School Environments, Opportunities for Recreational Activities and Hobbies",0,1,0,1,0,0,2,2,0,1,3,0,Low,Normal,0.25721218012579283,Normal,-243426073.6922284,Normal,0.5535628841546201,0,Normal
2024-05-03 15:51:54.642,aashithanaik3@gmail.com,20,Female,Moodlakatte institute of technology kundapur,B.E / B.Tech,4 and above,"10,000 to 20,000",Family,Hindu,Namadhari,Introvert,5-10,Watching anime,,Heterosexual or straight,Private sector employee,House wife,One,Spiritual but not religious,Two parents,No,No,Maybe,Yes,Maybe,5,1,0,0,0,0,5,0,0,1,0,1,0,0,0,0,1,0,0,0,0,0,0,0,0,Family member(s),Family member(s),Family member(s),No,"Career/Professional, Relationships (Family, Friends, Romantic), Mental Health/Well-being, Financial Stability",Positive Mental Health and Emotional Balance,"Access to Mental Health Services, Education and Awareness Programs",14,2,2,4,0,0,2,2,0,0,2,18,High,Normal,0.12340776339013737,Normal,-1.6186821467138106,Normal,0.34553868851857805,0,Normal
2024-05-03 15:58:19.839,kirankumartejappanavar18@gmail.com,21,Male,Srinivas Institute of medical science and research Center,MBBS,4 and above,"Less than 10,000",Family,Hindu,Hindu reddy,Extrovert,Greater than 20,Playing chess,,Heterosexual or straight,Farmer,House wife,One,Religious,Two parents,No,No,No,No,Maybe,2,2,2,2,2,2,2,2,2,2,2,2,2,2,2,2,2,2,2,2,2,2,2,2,2,Family member(s),Family member(s),Family member(s),Yes,Career/Professional,Career Success and Fulfillment,Access to Mental Health Services,50,0,0,0,0,0,2,2,0,2,4,48,High,Normal,0.050078020208424,Normal,-1.0621060080541447,Normal,2.874075697092686,0,Normal
2024-05-03 16:04:38.192,gouravgshetty93@gmail.com,20,Male,Moodalkatte institute of technology kundapura ,B.E / B.Tech,4 and above,"10,000 to 20,000",Family,Hindu,"OBC,3B",Ambivert,Less than 5,Listening songs,,Heterosexual or straight,Business owner/Entrepreneur,House wife,One,Spiritual but not religious,Two parents,No,No,Maybe,No,No,1,0,0,0,0,0,0,0,0,0,3,0,0,0,0,0,0,0,0,0,0,0,0,0,0,Friend(s),Friend(s),Friend(s),No,"Career/Professional, Relationships (Family, Friends, Romantic), Physical Health, Mental Health/Well-being, Financial Stability, Personal Development/Growth",Financial stable and healthy relationships  and healthy life,Strong Social Support Networks,4,3,0,3,0,0,2,0,2,0,2,7,Medium,Normal,0.18702346825967742,Outlier,-14260855032.049496,Normal,0.5197646035312631,1,Moderate Outlier
2024-05-03 16:05:32.259,vanisriyan@gmail.com,19,Female,Moodlakate institute of technology ,B.E / B.Tech,4 and above,"Less than 10,000",Family,Hindu,Hindu,Ambivert,Less than 5,Watering the plants ,,Heterosexual or straight,Private sector employee,House wife,One,Religious,Two parents,No,No,No,No,No,0,0,0,0,0,0,0,0,0,0,0,0,0,0,0,0,0,0,0,0,0,0,0,0,0,Family member(s),Family member(s),Family member(s),No,"Physical Health, Mental Health/Well-being, Financial Stability, Personal Development/Growth",Positive Mental Health and Emotional Balance,"Effective Coping Skills Training, Education and Awareness Programs, Positive Parental or Guardian Relationships, Supportive School Environments",0,3,0,3,0,0,2,2,0,0,2,3,Medium,Normal,0.25612827643167974,Normal,-1.0,Normal,0.7322037115749263,0,Normal
2024-05-03 16:09:35.353,yatakuntashwetareddy@gmail.com,21,Female,"Moodlakatte Institute of Technology, Kundapura",B.E / B.Tech,4 and above,"10,000 to 20,000",Hostel / PG,Hindu,REDDY,Extrovert,10-20,"Reading books ,Singing",,Heterosexual or straight,Business owner/Entrepreneur,House wife,One,Religious,Two parents,No,No,No,No,No,0,0,0,0,0,0,0,0,0,0,0,0,0,0,0,0,0,0,0,0,0,0,0,0,0,Family member(s),Family member(s),Family member(s),No,Career/Professional,Positive Mental Health and Emotional Balance,"Education and Awareness Programs, Positive Parental or Guardian Relationships",0,1,0,1,0,0,2,2,0,0,2,1,Low,Normal,0.26039187238892075,Normal,-1.0,Normal,0.5603940349488337,0,Normal
2024-05-03 16:09:37.880,shashankn722@gmail.com,19,Male,MOODLAKATTE INSTITUTE OF TECHNOLOGY ,B.E / B.Tech,4 and above,"30,000 to 40,000",Family,Hindu,Vishvakarma ,Introvert,10-20,Nothing ,,Heterosexual or straight,Laborer/Blue-collar worker,House wife,Two,Atheist (do not believe in the existence of a higher power),Two parents,No,No,No,No,No,0,0,0,0,0,0,0,0,0,0,0,0,0,0,0,0,0,0,0,0,0,0,0,0,0,No one ,No one ,No one ,No,Career/Professional,Career Success and Fulfillment,"Access to Mental Health Services, Strong Social Support Networks, Effective Coping Skills Training, Education and Awareness Programs, Reduced Stigma Surrounding Mental Health, Positive Parental or Guardian Relationships, Supportive School Environments, Opportunities for Recreational Activities and Hobbies, Community Engagement and Volunteerism",0,1,0,1,0,0,2,0,0,0,0,3,Medium,Normal,0.2591169970433564,Normal,-364323738.73678464,Normal,0.5729971342096105,0,Normal
2024-05-03 16:14:32.785,preethip232003@gmail.com,21,Female,"Moodlakatte Institute of technology, Kundapura ",B.E / B.Tech,4 and above,"40,000 to 50,000",Hostel / PG,Hindu,SC (Lambani),Ambivert,10-20,"Pencil sketch, Reading, Listening music",,Heterosexual or straight,Farmer,House wife,Two,Agnostic (unsure about the existence of a higher power),One parent,No,No,No,No,No,0,0,0,0,0,0,0,0,0,0,0,0,0,0,0,0,0,0,0,0,0,0,0,0,0,Family member(s),Family member(s),Family member(s),Maybe,"Career/Professional, Physical Health, Mental Health/Well-being, Financial Stability, Personal Development/Growth",Work-Life Balance,"Access to Mental Health Services, Education and Awareness Programs, Reduced Stigma Surrounding Mental Health, Positive Parental or Guardian Relationships, Supportive School Environments, Opportunities for Recreational Activities and Hobbies",0,1,0,1,0,0,2,2,0,1,3,0,Low,Normal,0.25721218012579283,Normal,-243426073.6922284,Normal,0.5535628841546201,0,Normal
2024-05-03 16:17:31.680,divyadivyal756@gmail.com,21,Female,Moodlakatte institute of technology ,B.E / B.Tech,4 and above,"30,000 to 40,000",Hostel / PG,Hindu,Devadiga ,Extrovert,5-10,"Dance ,reading",,Heterosexual or straight,Farmer,House wife,Two,Religious,Two parents,Yes,No,Yes,No,Yes,4,5,3,4,2,2,2,2,2,2,4,2,4,2,5,4,2,5,4,2,2,2,4,3,4,"Mental health professional (e.g., therapist, counselor)",Family member(s),Family member(s),Yes,"Career/Professional, Relationships (Family, Friends, Romantic), Physical Health, Personal Development/Growth, ",Career Success and Fulfillment,"Education and Awareness Programs, Positive Parental or Guardian Relationships, Supportive School Environments",77,2,0,2,2,0,0,2,0,2,4,75,High,Normal,0.032628018311593454,Normal,-0.990583067250103,Normal,1.8460535484574736,0,Normal
2024-05-03 16:17:50.131,sujithgowda008@gmail.com,22,Male,MITK,B.E / B.Tech,3,"10,000 to 20,000",Family,Hindu,Vokalliga,Introvert,Greater than 20,"Drawing, E games, sports ",,Heterosexual or straight,Expired ,House wife,One,.,One parent,No,No,No,Maybe,No,0,0,0,0,0,0,0,0,0,0,0,0,0,0,0,0,0,0,0,0,0,0,0,0,0,Friend(s),Friend(s),Friend(s),Yes,Career/Professional,Career Success and Fulfillment,"Access to Mental Health Services, Strong Social Support Networks, Effective Coping Skills Training, Education and Awareness Programs, Reduced Stigma Surrounding Mental Health, Positive Parental or Guardian Relationships, Supportive School Environments, Opportunities for Recreational Activities and Hobbies, Community Engagement and Volunteerism",0,0,1,1,0,0,2,0,2,2,4,-1,Low,Normal,0.23222971364071054,Normal,-1.0025522274063279,Normal,0.14352606074341034,0,Normal
2024-05-03 16:18:29.606,bshetty979@gmail.com,19,Female,Moodlakatte institute of technology kundapura ,B.E / B.Tech,4 and above,"30,000 to 40,000",Family,Hindu,Telugu shetty,Ambivert,5-10,"Drawing,dancing",,Heterosexual or straight,Business owner/Entrepreneur,Business owner/Entrepreneur,Three,Spiritual but not religious,Two parents,No,No,No,No,Maybe,0,0,0,0,0,0,0,0,0,0,0,0,0,0,0,0,0,0,0,0,0,0,0,0,0,Friend(s),Friend(s),Friend(s),No,"Career/Professional, Relationships (Family, Friends, Romantic), Physical Health, Mental Health/Well-being, Financial Stability, Personal Development/Growth",Career Success and Fulfillment,"Education and Awareness Programs, Positive Parental or Guardian Relationships, Supportive School Environments, Opportunities for Recreational Activities and Hobbies, Community Engagement and Volunteerism",0,2,0,2,0,0,2,0,2,0,2,2,Low,Normal,0.2717792342701301,Normal,-1.0,Normal,1.1062082140844476,0,Normal
2024-05-03 16:18:50.424,akash23poojary@gmail.com,19,Male,Moodlakatte institute of technology ,B.E / B.Tech,4 and above,"20,000 to 30,000",Family,Hindu,Billava,Ambivert,Greater than 20,Cricket ,,Heterosexual or straight,Government employee,House wife,One,Religious,Two parents,No,No,Yes,No,No,4,0,5,0,0,0,0,1,2,0,0,0,0,0,0,0,0,0,0,0,0,0,0,0,0,Family member(s),Friend(s),Friend(s),Maybe,Mental Health/Well-being,Strong and Healthy Relationships,Effective Coping Skills Training,12,0,0,0,0,0,2,0,2,1,3,11,Medium,Normal,0.14472958133870067,Normal,-16.64856430456451,Normal,0.7797843770692943,0,Normal
2024-05-03 16:20:38.581,abhishekdevadiga845@gmail.com,20,Male,Moodalkatte institute of technology ,B.E / B.Tech,3,"Less than 10,000",Family,Hindu,OBC,Introvert,5-10,I like to listen to music and speak with friends and family.,,Heterosexual or straight,Business owner/Entrepreneur,House wife,One,Religious,One parent,No,No,No,No,Yes,1,0,0,0,0,0,1,1,0,1,0,0,0,0,0,0,0,0,1,0,0,0,1,0,0,Friend(s),Friend(s),Family member(s),No,"Relationships (Family, Friends, Romantic)",Career Success and Fulfillment,Positive Parental or Guardian Relationships,6,2,0,2,0,0,2,2,0,0,2,8,Medium,Normal,0.1887879233872799,Normal,-2237544442.9335127,Normal,2.0831184027213574,0,Normal
2024-05-03 16:29:03.629,varunvarunka9@gmail.com,21,Male,Moodlakatte institute of technology Kundapura udupi ,B.E / B.Tech,4 and above,"20,000 to 30,000",Family,Hindu,Vokkaliga (3A),Extrovert,5-10,"Watching movies, playing games ",,Heterosexual or straight,Farmer,House wife,One,Religious,Two parents,No,No,No,No,No,6,6,4,5,5,4,5,5,3,3,2,3,2,5,5,5,5,5,3,3,3,3,5,6,5,Religious or spiritual leader,Friend(s),Friend(s),No,"Career/Professional, Relationships (Family, Friends, Romantic), Physical Health, Mental Health/Well-being",Good Physical Health and Well-being,"Access to Mental Health Services, Strong Social Support Networks, Education and Awareness Programs, Positive Parental or Guardian Relationships",106,2,0,2,0,0,2,0,2,0,2,108,High,Normal,0.011723876522597099,Normal,-1.0643501026031479,Normal,0.6644689711156522,0,Normal
2024-05-03 16:37:29.330,naikvikas744@gmail.com,19,Male,Moodlakatte institute of technology kundapura ,B.E / B.Tech,3,"10,000 to 20,000",Family,Hindu,Sc,Introvert,10-20,"Painting,sports",,Heterosexual or straight,Late,Laborer/Blue-collar worker,One,Religious,One parent,No,No,Yes,No,No,0,0,0,0,0,0,0,0,0,0,0,0,0,0,0,0,0,0,0,0,0,0,0,0,0,Family member(s),Friend(s),Family member(s),Yes,"Career/Professional, Relationships (Family, Friends, Romantic), Physical Health, Mental Health/Well-being, Financial Stability, Personal Development/Growth, ",Good Physical Health and Well-being,"Access to Mental Health Services, Strong Social Support Networks, Effective Coping Skills Training, Education and Awareness Programs, Reduced Stigma Surrounding Mental Health, Positive Parental or Guardian Relationships, Supportive School Environments, Opportunities for Recreational Activities and Hobbies, Community Engagement and Volunteerism",0,1,0,1,0,0,2,2,0,2,4,-1,Low,Normal,0.2534637384010806,Normal,-266247268.19477075,Normal,0.5463810637651227,0,Normal
2024-05-03 16:52:14.377,ghanashreegaikwad@gmail.com,19,Female,Moodalkatte institution of technology ,B.E / B.Tech,4 and above,"10,000 to 20,000",Hostel / PG,Hindu,Maratha,Introvert,Less than 5,Listen song ,,Heterosexual or straight,Private sector employee,House wife,,Religious,Two parents,Maybe,Maybe,Yes,Yes,Maybe,6,4,1,0,0,0,5,5,6,6,5,4,4,5,5,0,5,2,1,1,1,5,1,0,0,Friend(s),Friend(s),Friend(s),No,"Career/Professional, Relationships (Family, Friends, Romantic), Physical Health, Mental Health/Well-being, Financial Stability, Personal Development/Growth",Career Success and Fulfillment,"Strong Social Support Networks, Effective Coping Skills Training, Positive Parental or Guardian Relationships",72,3,2,5,1,1,2,0,2,0,2,77,High,Outlier,-0.017920643127324998,Normal,-1.309867565032588,Outlier,-0.03694520495479292,2,Critical Outlier
2024-05-03 16:52:50.156,rakshithabhatbenagal@gmail.com,20,Female,"Moodlakatte Institute of Technology, Kundapura ",B.E / B.Tech,4 and above,"10,000 to 20,000",Family,Hindu,Brahmin ,Ambivert,Greater than 20,"Singing, craft, drawing, calligraphy ",,Heterosexual or straight,Farmer,House wife,One,Religious,Two parents,No,No,No,No,No,0,0,0,0,0,0,0,0,0,0,0,0,0,0,0,0,0,0,0,0,0,0,0,0,0,Family member(s),Family member(s),Family member(s),No,Career/Professional,Financial Security and Stability,"Strong Social Support Networks, Education and Awareness Programs, Positive Parental or Guardian Relationships, Community Engagement and Volunteerism",0,0,0,0,0,0,2,2,0,0,2,0,Low,Normal,0.27787774594736653,Normal,-1.0,Normal,0.5930094755188309,0,Normal
2024-05-03 16:52:50.476,sowndaryayamanappaherekurubar@gmail.com,19,Female,Moodlakatte Institute of technology Kundapura,B.E / B.Tech,4 and above,"10,000 to 20,000",Family,Hindu,Kuruba,Ambivert,Greater than 20,"Dancing,drawing",,Heterosexual or straight,Driver,House wife,Three,Religious,Two parents,No,No,No,No,No,0,0,0,0,0,0,0,0,0,0,0,0,0,0,0,0,0,0,0,0,0,0,0,0,0,Family member(s),Family member(s),Family member(s),No,Career/Professional,Financial Security and Stability,"Strong Social Support Networks, Education and Awareness Programs, Positive Parental or Guardian Relationships, Community Engagement and Volunteerism",0,0,0,0,0,0,2,2,0,0,2,0,Low,Normal,0.27787774594736653,Normal,-1.0,Normal,0.5930094755188309,0,Normal
2024-05-03 16:53:13.847,sannidhisshetty35@gmail.com,20,Female,Moodlakatte Institute of technology Kundapura,B.E / B.Tech,4 and above,"10,000 to 20,000",Family,Hindu,Bunts,Extrovert,Greater than 20,Gardening,,Heterosexual or straight,Farmer,House wife,One,Religious,Two parents,No,No,No,No,No,0,0,0,0,0,0,0,0,0,0,0,0,0,0,0,0,0,0,0,0,0,0,0,0,0,Family member(s),Family member(s),Family member(s),No,Career/Professional,Good Physical Health and Well-being,"Access to Mental Health Services, Strong Social Support Networks, Effective Coping Skills Training, Education and Awareness Programs, Positive Parental or Guardian Relationships, Supportive School Environments, Opportunities for Recreational Activities and Hobbies, Community Engagement and Volunteerism",0,0,0,0,0,0,2,2,0,0,2,0,Low,Normal,0.27787774594736653,Normal,-1.0,Normal,0.5930094755188309,0,Normal
2024-05-03 16:53:17.942,shettyananya402@gmail.com,19,Female,"Moodlakatte institute of technology,kundapura",B.E / B.Tech,3,"Less than 10,000",Hostel / PG,Hindu,Hindu bunts,Introvert,5-10,Dancing ,,Heterosexual or straight,Laborer/Blue-collar worker,House wife,,Religious,,No,No,No,No,No,0,0,0,0,0,0,0,0,0,0,0,0,0,0,0,0,0,0,0,0,0,0,0,0,0,Family member(s),Family member(s),Family member(s),No,Personal Development/Growth,Career Success and Fulfillment,Access to Mental Health Services,0,2,0,2,0,0,2,2,0,0,2,2,Low,Normal,0.2717792342701301,Normal,-1.0,Normal,1.1062082140844476,0,Normal
2024-05-03 16:54:46.351,meghanaot7@gmail.com,20,Female,Moodlakatte Institute of Technology,B.E / B.Tech,4 and above,"10,000 to 20,000",Family,Hindu,Parivar Nayak,Ambivert,10-20,"Watching movies, reading novels",,Heterosexual or straight,Business owner/Entrepreneur,House wife,One,Agnostic (unsure about the existence of a higher power),Two parents,No,No,Maybe,Yes,Maybe,0,0,0,0,0,0,0,0,0,0,0,0,0,0,0,0,0,0,0,0,0,0,0,0,0,Friend(s),Family member(s),Friend(s),No,"Career/Professional, Relationships (Family, Friends, Romantic), Physical Health, Personal Development/Growth",Work-Life Balance,"Access to Mental Health Services, Strong Social Support Networks, Effective Coping Skills Training, Education and Awareness Programs, Reduced Stigma Surrounding Mental Health, Positive Parental or Guardian Relationships, Community Engagement and Volunteerism",0,1,2,3,0,0,2,0,2,0,2,3,Medium,Normal,0.21466499616376378,Normal,-1.0627383855220232,Normal,0.2755179383311046,0,Normal
2024-05-03 17:02:18.732,sumithshetty194@gmail.com,19,Male,Moodlakatte Institute of Technology ,B.E / B.Tech,3,"Greater than 50,000",Family,Hindu,Shetty,Ambivert,5-10,Gaming,,Heterosexual or straight,Government employee,House wife,,Religious,Two parents,No,No,No,No,Yes,0,0,0,0,0,0,0,0,0,0,0,0,0,0,0,0,0,0,0,0,0,0,0,0,0,Family member(s),Family member(s),Family member(s),No,Career/Professional,"All of the above and I highly agree on 1st, 2nd and 5th option ",Access to Mental Health Services,0,2,0,2,0,0,2,2,0,0,2,2,Low,Normal,0.2717792342701301,Normal,-1.0,Normal,1.1062082140844476,0,Normal
2024-05-03 17:08:49.763,pootb23@gmail.com,19,Female,Moodlkatte institute of technology kundapura ,B.E / B.Tech,4 and above,"30,000 to 40,000",Hostel / PG,Hindu,Namdhari naik,Introvert,Less than 5," Reading, seeking alone time",,Heterosexual or straight,Government employee,Government employee,One,Religious,Two parents,No,No,Yes,Yes,Maybe,2,0,0,0,2,0,4,4,0,2,0,0,0,2,0,0,0,0,0,0,0,0,1,0,0,Family member(s),Family member(s),Family member(s),Yes,"Career/Professional, Physical Health, Mental Health/Well-being",Financial Security and Stability,Access to Mental Health Services,17,3,2,5,0,0,2,2,0,2,4,20,High,Normal,0.0811833961155739,Normal,-2.1233446955176487,Normal,0.9312372657002657,0,Normal
2024-05-03 17:21:35.503,varsha21062003@gmail.com,21,Female,Moodlakatte Institute of Technology ,B.E / B.Tech,4 and above,"Greater than 50,000",Hostel / PG,Hindu,GSB,Ambivert,5-10,"Reading, Dancing",,Heterosexual or straight,Government employee,Government employee,One,Spiritual but not religious,Two parents,No,No,Maybe,Maybe,Maybe,1,1,1,1,0,1,1,1,1,1,1,1,1,1,1,1,1,0,1,1,0,1,0,0,0,Family member(s),Friend(s),Family member(s),No,Career/Professional,Work-Life Balance,Positive Parental or Guardian Relationships,19,2,1,3,0,0,2,2,0,0,2,22,High,Normal,0.10257127569261493,Normal,-1.2234562287038018,Normal,1.8976421332514937,0,Normal
2024-05-03 17:21:37.700,psonali2003@gmail.com,21,Female,Moodlakatte institute of technology kundapura ,B.E / B.Tech,4 and above,"20,000 to 30,000",Hostel / PG,Hindu,SC,Ambivert,10-20,"Dancing, drawing, painting, crafts , cycling etc",,Heterosexual or straight,Business owner/Entrepreneur,House wife,One,Spiritual but not religious,Two parents,No,No,Maybe,Maybe,Maybe,0,1,1,1,0,0,4,0,0,0,0,0,1,0,1,1,1,0,1,1,0,1,0,1,0,Family member(s),Family member(s),Family member(s),No,Career/Professional,Career Success and Fulfillment,Positive Parental or Guardian Relationships,15,1,1,2,0,0,2,2,0,0,2,17,High,Normal,0.08236786750618763,Normal,-1.4651392987968521,Normal,0.2749274874303116,0,Normal
2024-05-03 17:48:46.129,akshayacchu006@gmail.com,20,Male,MITK,B.E / B.Tech,4 and above,"20,000 to 30,000",Family,Hindu,Mogaveera,Ambivert,Greater than 20,Reading novels ,,Heterosexual or straight,Farmer,Laborer/Blue-collar worker,One,Religious,One parent,No,No,No,Maybe,No,0,0,0,0,0,0,0,0,0,0,0,0,0,0,0,0,0,0,0,0,0,0,0,0,0,Family member(s),Family member(s),Family member(s),No,"Career/Professional, Physical Health, Financial Stability",Work-Life Balance,"Access to Mental Health Services, Strong Social Support Networks, Positive Parental or Guardian Relationships, Opportunities for Recreational Activities and Hobbies",0,0,1,1,0,0,2,2,0,0,2,1,Low,Normal,0.23876818003799066,Normal,-1.002552227406325,Normal,0.1565796972153919,0,Normal
2024-05-03 17:52:38.223,hrishikeshpalekar5@gmail.com,20,Male,Moodlakatte institute of technology ,B.E / B.Tech,4 and above,"Greater than 50,000",Family,Hindu,SC,Introvert,Less than 5,"Designing, Drawing, Art, Watching anime",,Heterosexual or straight,,Government employee,Two,Religious,Two parents,Yes,No,Yes,Yes,Maybe,1,0,0,0,0,0,1,0,1,0,0,0,0,2,0,0,0,1,0,0,0,0,0,0,0,Friend(s),Friend(s),Friend(s),No,"Career/Professional, Relationships (Family, Friends, Romantic), Physical Health",Career Success and Fulfillment,"Access to Mental Health Services, Strong Social Support Networks, Positive Parental or Guardian Relationships",6,3,2,5,2,0,0,0,2,0,2,9,Medium,Normal,0.15730588892516228,Normal,-1.6174027262508623,Normal,1.2403073229092385,0,Normal
2024-05-03 17:54:47.745,dbg5044@gmail.com,19,Male,Moodalakatte institute of technology ,B.E / B.Tech,4 and above,"10,000 to 20,000",Family,Hindu,Vakkliga,Introvert,5-10,Reading newspaper ,,Heterosexual or straight,Farmer,Farmer,One,God and Guru,Two parents,No,No,No,No,No,0,0,0,0,0,0,0,0,0,0,0,0,0,0,0,0,0,0,0,0,0,0,0,0,0,Family member(s),Family member(s),Family member(s),Yes,Career/Professional,Career Success and Fulfillment,Education and Awareness Programs,0,2,0,2,0,0,2,2,0,2,4,0,Low,Normal,0.26777954210617566,Normal,-422192095.91704386,Normal,1.0902973251368566,0,Normal
2024-05-03 18:00:13.167,vidyashri750@gmail.com,19,Female,Moodlakatte institute of technology ,B.E / B.Tech,4 and above,"10,000 to 20,000",Family,Hindu,Kotegar,Introvert,10-20,"Reading novel ,watching movie",,Heterosexual or straight,Private sector employee,House wife,One,Religious,Two parents,No,No,No,No,No,0,0,0,0,0,0,0,0,0,0,0,0,0,0,0,0,0,0,0,0,0,0,0,0,0,Family member(s),Family member(s),Family member(s),No,"Career/Professional, Physical Health, Mental Health/Well-being, Financial Stability",Career Success and Fulfillment,"Strong Social Support Networks, Education and Awareness Programs, Positive Parental or Guardian Relationships, Supportive School Environments",0,1,0,1,0,0,2,2,0,0,2,1,Low,Normal,0.26039187238892075,Normal,-1.0,Normal,0.5603940349488337,0,Normal
2024-05-03 18:43:32.744,vigneshnaik0128@gmail.com,19,Male,Moodalakatte institution of technology Kundapura ,B.E / B.Tech,4 and above,"20,000 to 30,000",Family,Hindu,ST,Introvert,5-10,"Drawing, Painting",,Heterosexual or straight,Farmer,House wife,Two,Religious,Two parents,No,Yes,No,No,No,0,0,0,0,0,0,0,0,0,0,0,0,0,0,0,0,0,0,0,0,0,0,0,0,0,Friend(s),Friend(s),Family member(s),No,Career/Professional,Career Success and Fulfillment,"Education and Awareness Programs, Positive Parental or Guardian Relationships",0,2,0,2,0,2,4,2,0,0,2,4,Medium,Normal,0.27019527508685737,Normal,-375789000.8087223,Normal,1.1205168510532015,0,Normal
2024-05-03 19:08:15.181,dhathrisreevaishnavi@gmail.com,21,Female,Srinivas Institute of Medical Sciences and Research ,MBBS,4 and above,"Greater than 50,000",Gaurdian,Hindu,Chaudary,Introvert,Less than 5,Cooking,,Heterosexual or straight,Private sector employee,Retired,One,Religious,One parent,Yes,No,Yes,Yes,No,1,1,0,0,0,0,2,1,1,1,0,2,2,1,1,0,1,1,1,1,1,0,1,1,1,Religious or spiritual leader,Brother,Family member(s),No,Physical Health,Positive Mental Health and Emotional Balance,Positive Parental or Guardian Relationships,21,3,2,5,2,0,0,2,0,0,2,24,High,Normal,0.11749981415263488,Normal,-1.6850847442166574,Normal,2.1708458804244497,0,Normal
2024-05-03 19:25:09.931,swasthiks.356@gmail.com,20,Male,Moodlakatte Institute of technology kundapura,B.E / B.Tech,4 and above,"Greater than 50,000",Hostel / PG,Hindu,Billava,Introvert,Less than 5,Im a good writer and listener,,Heterosexual or straight,Cheff,House wife,Two,Religious,Two parents,No,No,No,No,No,0,1,0,2,5,5,1,3,5,3,1,1,3,4,5,5,6,5,5,3,2,1,2,2,0,"Mental health professional (e.g., therapist, counselor)",Religious or spiritual leader,Friend(s),Maybe,Mental Health/Well-being,Positive Mental Health and Emotional Balance,"Access to Mental Health Services, Strong Social Support Networks, Effective Coping Skills Training",70,3,0,3,0,0,2,0,2,1,3,72,High,Outlier,-0.01331629417889435,Normal,-1.313197895997972,Normal,8.712263158994205e-05,1,Moderate Outlier
2024-05-03 19:35:14.455,keerthiganapathishet@gmail.com,22,Female,Moodlakatte Institute of Technology Kundapura,B.E / B.Tech,4 and above,"Less than 10,000",Hostel / PG,Hindu,Daivagna Brahmin,Introvert,Greater than 20,"Listening song, spend time with family and friends",,Heterosexual or straight,Farmer,House wife,One,Spiritual but not religious,Two parents,No,No,No,No,No,0,0,0,0,0,0,0,0,0,0,0,0,0,0,0,0,0,0,0,0,0,0,0,0,0,Family member(s),Family member(s),Friend(s),No,"Career/Professional, Relationships (Family, Friends, Romantic), Mental Health/Well-being, Financial Stability, Personal Development/Growth",Personal Growth and Development,"Access to Mental Health Services, Strong Social Support Networks, Education and Awareness Programs, Reduced Stigma Surrounding Mental Health, Positive Parental or Guardian Relationships, Supportive School Environments, Opportunities for Recreational Activities and Hobbies, Community Engagement and Volunteerism",0,0,0,0,0,0,2,0,2,0,2,0,Low,Normal,0.27787774594736653,Normal,-1.0,Normal,0.5930094755188309,0,Normal
2024-05-03 19:38:19.217,spurthishetty9900@gmail.com,19,Female,Moodlakatte Institute of technology kundapura,B.E / B.Tech,4 and above,"Less than 10,000",Family,Hindu,Idiga (2A) ,Extrovert,5-10,"Singing, sleeping, story reading",,Heterosexual or straight,Farmer,House wife,,Religious,Two parents,Maybe,No,Yes,No,No,0,0,0,0,0,0,0,0,0,0,0,0,0,0,0,0,0,0,0,0,0,0,0,0,0,Friend(s),Family member(s),Partner/Spouse,No,"Career/Professional, Relationships (Family, Friends, Romantic), Physical Health, Mental Health/Well-being, Financial Stability, Personal Development/Growth",Career Success and Fulfillment,"Access to Mental Health Services, Effective Coping Skills Training, Education and Awareness Programs, Positive Parental or Guardian Relationships, Opportunities for Recreational Activities and Hobbies",0,2,0,2,1,0,1,0,0,0,0,3,Medium,Normal,0.2714246708248951,Normal,-289068462.3218824,Normal,1.113563809130481,0,Normal
2024-05-03 19:43:25.589,karthiksmaddodi2000@gmail.com,23,Male,Moodlakatte Institute of Technology Kundapura ,B.E / B.Tech,3,"20,000 to 30,000",Family,Hindu,Kotegar,Extrovert,5-10,"Cricket,Cooking,Travelling,Dancing ",,Heterosexual or straight,Government employee,House wife,,Religious,Two parents,Yes,No,No,No,No,0,0,0,0,0,0,0,0,0,0,0,0,0,0,0,0,0,0,0,0,0,0,0,0,0,Friend(s),Friend(s),Family member(s),No,Career/Professional,Career Success and Fulfillment,Education and Awareness Programs,0,2,0,2,2,0,0,2,0,0,2,0,Low,Normal,0.26777954210617566,Normal,-422192095.91704386,Normal,1.0902973251368566,0,Normal
2024-05-03 19:43:28.150,karthiksmerdi@gmail.com,23,Male,"NMAMIT, Nitte",B.E / B.Tech,4 and above,"Less than 10,000",Family,Hindu,Kotegar,Ambivert,Greater than 20,"Playing cricket, reading books ",,Heterosexual or straight,Business owner/Entrepreneur,House wife,One,Atheist (do not believe in the existence of a higher power),Two parents,No,No,No,No,No,0,0,0,0,0,0,0,0,0,0,0,0,0,0,0,0,0,0,0,0,0,0,0,0,0,Friend(s),Friend(s),Family member(s),No,Career/Professional,Career Success and Fulfillment,Education and Awareness Programs,0,0,0,0,0,0,2,2,0,0,2,0,Low,Normal,0.27787774594736653,Normal,-1.0,Normal,0.5930094755188309,0,Normal
2024-05-03 19:48:07.636,jkfriends08@gmail.com,17,Male,Reva,B.E / B.Tech,4 and above,"40,000 to 50,000",Hostel / PG,Hindu,Shett,Ambivert,5-10,Sleeping ,"Alcohol, Tobacco, Mohini pudi,vimal gutka,amar beedi",Heterosexual or straight,Business owner/Entrepreneur,House wife,,Atheist (do not believe in the existence of a higher power),One parent,Yes,Yes,Yes,Yes,Yes,3,3,3,3,3,3,3,3,3,3,3,3,3,3,3,3,3,3,3,3,3,3,3,3,3,Family member(s),Friend(s),Family member(s),Yes,"Career/Professional, Relationships (Family, Friends, Romantic), Physical Health, Mental Health/Well-being, Financial Stability, Personal Development/Growth",Positive Mental Health and Emotional Balance,"Access to Mental Health Services, Strong Social Support Networks, Education and Awareness Programs",75,2,2,4,2,2,2,2,0,2,4,77,High,Normal,0.07044671481840425,Normal,-1.0108157533714097,Normal,2.953934426308278,0,Normal
2024-05-03 19:55:18.757,lathar7795@gmail.com,21,Female,Moodlakatte Institute of Technology Kundapura ,B.E / B.Tech,4 and above,"10,000 to 20,000",Hostel / PG,Hindu,SC,Introvert,5-10,"Reading ,music listening etc",,Heterosexual or straight,Laborer/Blue-collar worker,House wife,Two,Religious,Two parents,No,No,No,No,No,1,0,0,0,0,0,1,0,0,0,1,0,0,0,0,0,0,0,0,0,0,0,0,0,0,Friend(s),Family member(s),Family member(s),No,"Career/Professional, Physical Health, Mental Health/Well-being, Financial Stability, Personal Development/Growth",Career Success and Fulfillment,"Access to Mental Health Services, Strong Social Support Networks, Education and Awareness Programs, Positive Parental or Guardian Relationships, Supportive School Environments, Opportunities for Recreational Activities and Hobbies, Community Engagement and Volunteerism",3,2,0,2,0,0,2,2,0,0,2,5,Medium,Normal,0.22233898143597147,Outlier,-4710395120.862545,Normal,1.5119180450334477,1,Moderate Outlier
2024-05-03 20:13:30.512,prameelanaik3011@gmail.com,22,Female,MIT kundapura,B.E / B.Tech,4 and above,"Less than 10,000",Family,Hindu,ST,Ambivert,10-20,Drawing and reading book,,I dont understand this question,Farmer,House wife,One,Agnostic (unsure about the existence of a higher power),Two parents,No,No,No,No,No,0,0,0,0,0,0,0,0,0,0,0,0,0,0,0,0,0,0,0,0,0,0,0,0,0,Family member(s),Family member(s),Family member(s),No,Career/Professional,Career Success and Fulfillment,Strong Social Support Networks,0,1,0,1,0,0,2,2,0,0,2,1,Low,Normal,0.26039187238892075,Normal,-1.0,Normal,0.5603940349488337,0,Normal
2024-05-03 20:17:27.448,bharathc2345@gmail.com,20,Male,Moodlakatte Institute of Technology & Management,B.E / B.Tech,4 and above,"10,000 to 20,000",Family,Hindu,Lingayath (3B),Introvert,Less than 5,"Listening 🎧 songs , traveling, spend more time in the nature ",,Heterosexual or straight,Farmer,House wife,One,Religious,,No,No,No,Yes,Yes,0,0,0,0,0,0,6,0,0,0,0,0,0,0,0,0,0,4,0,0,0,5,0,0,0,Friend(s),Religious or spiritual leader,Religious or spiritual leader,No,"Career/Professional, Relationships (Family, Friends, Romantic), Physical Health, Mental Health/Well-being, Financial Stability, Personal Development/Growth",Personal Growth and Development,"Access to Mental Health Services, Effective Coping Skills Training, Education and Awareness Programs, Positive Parental or Guardian Relationships, Supportive School Environments, Opportunities for Recreational Activities and Hobbies",15,3,2,5,0,0,2,0,0,0,0,22,High,Normal,0.0590367013315406,Normal,-2.8505929537269328,Outlier,-0.06648912102202331,1,Moderate Outlier
2024-05-03 20:21:07.114,mnagarathna92@gamil.com,21,Female,Moodlakatte Institute of technology,B.E / B.Tech,4 and above,"30,000 to 40,000",Family,Hindu,Sc,Introvert,Less than 5,Book reading,,No,Farmer,House wife,Three,Religious,One parent,Yes,No,Maybe,Yes,No,4,0,0,0,6,0,2,0,0,2,0,0,0,0,2,3,0,0,0,0,0,6,0,0,0,Family member(s),Family member(s),Family member(s),Maybe,"Relationships (Family, Friends, Romantic)",Career Success and Fulfillment,Education and Awareness Programs,25,3,2,5,2,0,0,2,0,1,3,27,High,Normal,0.07130146199815723,Normal,-2.5557825565313754,Normal,0.10358010206671198,0,Normal
2024-05-03 20:59:32.155,ashithanaik2@gmail.com,22,Female,Moodlakatte institute of technology kundapura ,B.E / B.Tech,4 and above,"Less than 10,000",Hostel / PG,Hindu,ST ( marati naik),Introvert,Less than 5,"Reading stories, gardening, ",,Not interested ,Farmer,House wife,Two,Religious,Two parents,No,No,No,No,No,0,0,0,0,0,0,0,0,0,0,0,0,0,0,0,0,0,0,0,0,0,0,0,0,0,Friend(s),Friend(s),Friend(s),No,Career/Professional,Career Success and Fulfillment,"Access to Mental Health Services, Strong Social Support Networks, Education and Awareness Programs, Positive Parental or Guardian Relationships, Community Engagement and Volunteerism",0,3,0,3,0,0,2,0,2,0,2,3,Medium,Normal,0.25612827643167974,Normal,-1.0,Normal,0.7322037115749263,0,Normal
2024-05-03 21:06:12.559,rahulkumar9089@gmail.com,20,Male,Moodlakatte institute of technology,B.E / B.Tech,3,"40,000 to 50,000",Hostel / PG,Hindu,Brahmin,Ambivert,10-20,Dancing,"Alcohol, Tobacco",Heterosexual or straight,Government employee,Private sector employee,,Religious,Two parents,No,No,Maybe,No,Maybe,0,0,1,0,0,0,0,0,0,1,0,0,0,1,0,1,0,0,1,1,0,0,0,0,0,Friend(s),Friend(s),Friend(s),No,"Relationships (Family, Friends, Romantic), Mental Health/Well-being, Personal Development/Growth",Good Physical Health and Well-being,"Strong Social Support Networks, Education and Awareness Programs, Reduced Stigma Surrounding Mental Health, Positive Parental or Guardian Relationships",6,1,0,1,0,0,2,0,2,0,2,7,Medium,Normal,0.17575974844823555,Outlier,-7171546389.650821,Normal,1.0862137787598671,1,Moderate Outlier
2024-05-03 21:23:10.040,vishmitachauhan@gmail.com,21,Female,Moodlakatte institute of technology,B.E / B.Tech,4 and above,"Greater than 50,000",Hostel / PG,Hindu,Gowda,Extrovert,Greater than 20,"Writing, Dancing",,Heterosexual or straight,Business owner/Entrepreneur,House wife,Two,Agnostic (unsure about the existence of a higher power),Two parents,Yes,Yes,Yes,No,No,0,0,0,0,0,0,0,0,0,0,0,0,0,0,0,0,0,0,0,0,0,0,0,0,0,Family member(s),Family member(s),Family member(s),No,"Physical Health, Financial Stability",Positive Mental Health and Emotional Balance,"Effective Coping Skills Training, Education and Awareness Programs, Reduced Stigma Surrounding Mental Health, Positive Parental or Guardian Relationships, Supportive School Environments",0,0,0,0,2,2,2,2,0,0,2,0,Low,Normal,0.27787774594736653,Normal,-1.0,Normal,0.5930094755188309,0,Normal
2024-05-03 21:29:43.469,rakeshkumar1508@gmail.com,22,Male,Srinivas institute of medical sciences and research Centre,MBBS,3,"Greater than 50,000",Hostel / PG,Hindu,Kotegar,Ambivert,10-20,"Reading, Writing, Cricket",Tobacco,Heterosexual or straight,Private sector employee,House wife,One,Agnostic (unsure about the existence of a higher power),Two parents,Yes,No,Yes,No,Maybe,0,1,0,0,1,0,0,0,1,0,0,0,0,0,0,0,1,1,1,1,0,0,0,0,0,Friend(s),Friend(s),Partner/Spouse,Maybe,"Career/Professional, Relationships (Family, Friends, Romantic)",Career Success and Fulfillment,"Access to Mental Health Services, Strong Social Support Networks, Education and Awareness Programs, Reduced Stigma Surrounding Mental Health",7,1,0,1,2,0,0,0,0,1,1,7,Medium,Normal,0.1442095406258354,Outlier,-6538382450.148168,Normal,1.0686852653391687,1,Moderate Outlier
2024-05-03 21:51:22.615,srinidhi9878@gmail.com,24,Female,Srinivas medical college,MBBS,3,"40,000 to 50,000",Hostel / PG,Hindu,Shetty,Extrovert,Greater than 20,"Dancing, Traveling",Alcohol,Heterosexual or straight,Business owner/Entrepreneur,House wife,One,Religious,Two parents,Yes,Yes,No,No,Yes,0,0,0,0,0,0,0,0,0,0,0,0,0,0,0,0,0,0,0,0,0,0,0,0,0,Family member(s),Family member(s),Family member(s),No,"Career/Professional, Relationships (Family, Friends, Romantic)",Personal Growth and Development,"Access to Mental Health Services, Strong Social Support Networks, Effective Coping Skills Training, Positive Parental or Guardian Relationships, Community Engagement and Volunteerism",0,0,0,0,2,2,2,2,0,0,2,0,Low,Normal,0.27787774594736653,Normal,-1.0,Normal,0.5930094755188309,0,Normal
2024-05-03 22:00:56.149,akgrover2202@gmail.com,22,Male,Srinivas institute of medicine science and research centre,MBBS,3,"40,000 to 50,000",Gaurdian,Jain,Jain,Ambivert,5-10,"Reading, watching movies",,Heterosexual or straight,Government employee,House wife,,Agnostic (unsure about the existence of a higher power),Two parents,No,No,No,Yes,Yes,0,0,1,1,1,0,0,0,1,1,0,0,0,0,1,1,1,0,0,0,1,1,0,0,0,Family member(s),Family member(s),Family member(s),No,"Relationships (Family, Friends, Romantic), Personal Development/Growth",Positive Mental Health and Emotional Balance,"Access to Mental Health Services, Strong Social Support Networks, Education and Awareness Programs, Reduced Stigma Surrounding Mental Health",10,2,2,4,0,0,2,2,0,0,2,14,High,Normal,0.15534604748008463,Normal,-1.0731199411560561,Normal,1.2231749985572957,0,Normal
2024-05-03 22:09:47.621,rakeshkumar0311@gmail.com,19,Male,Moodlkatte institute of Technology,B.E / B.Tech,3,"30,000 to 40,000",Hostel / PG,Hindu,Lingayath,Introvert,5-10,"Cycling, trekking",,Heterosexual or straight,Private sector employee,House wife,,Atheist (do not believe in the existence of a higher power),Two parents,No,Yes,Yes,Yes,Yes,0,0,0,0,0,0,0,0,1,1,0,0,0,0,0,1,0,0,1,1,0,0,0,0,0,Family member(s),Family member(s),Family member(s),Yes,"Career/Professional, Relationships (Family, Friends, Romantic), Personal Development/Growth",Positive Mental Health and Emotional Balance,"Strong Social Support Networks, Effective Coping Skills Training, Reduced Stigma Surrounding Mental Health, Supportive School Environments",5,2,2,4,0,2,4,2,0,2,4,9,Medium,Normal,0.16515023260874662,Normal,-1.0393151021433293,Normal,1.1605076143430457,0,Normal
2024-05-03 23:03:08.621,bandekarganesh39@gmail.com,19,Male,"Moodlakatte Institute Of Technology,Kundapura",B.E / B.Tech,4 and above,"Less than 10,000",Family,Hindu,Bhandari,Introvert,5-10,"singing,Reading ,Dancing",,Heterosexual or straight,No father,House wife,Two,Religious,One parent,No,Yes,Yes,No,No,1,1,3,0,0,0,6,0,0,3,6,5,3,5,4,4,6,0,5,5,4,3,5,0,6,Family member(s),Friend(s),Friend(s),No,"Career/Professional, Financial Stability",Career Success and Fulfillment,"Strong Social Support Networks, Education and Awareness Programs, Positive Parental or Guardian Relationships, Supportive School Environments",75,2,0,2,0,2,4,0,2,0,2,79,High,Outlier,-0.03044231963941746,Normal,-1.5014148779052796,Outlier,-0.46337338484731694,2,Critical Outlier
2024-05-04 10:50:55.789,manjunathashish@gmail.com,23,Male,Rvim,MBA,3,"Greater than 50,000",Family,Hindu,Brahmin,Extrovert,10-20,Travelling and reading,Tobacco,,Government employee,House wife,,,Two parents,Yes,No,Yes,Yes,Yes,0,0,0,0,0,0,0,0,0,0,0,0,0,0,0,0,0,0,0,0,0,0,0,0,0,"Mental health professional (e.g., therapist, counselor)","Mental health professional (e.g., therapist, counselor)","Mental health professional (e.g., therapist, counselor)",Yes,Physical Health,Good Physical Health and Well-being,Education and Awareness Programs,0,1,2,3,2,0,0,0,0,2,2,1,Low,Normal,0.21369973271387976,Normal,-1.0633276136813365,Normal,0.26284698880925905,0,Normal
2024-05-04 10:51:50.173,pruthvirajgp33@gmail.com,Above 24,Male,RVIM,MBA,4 and above,"Greater than 50,000",Family,Hindu,3A,Ambivert,Less than 5,"Cricket, Football",,Heterosexual or straight,Retired,House wife,One,Religious,Two parents,No,No,No,Yes,Yes,0,0,0,0,0,0,0,0,0,0,0,0,0,0,0,0,0,0,0,0,0,0,0,0,0,Friend(s),Friend(s),Friend(s),No,Personal Development/Growth,Personal Growth and Development,"Access to Mental Health Services, Strong Social Support Networks, Education and Awareness Programs, Positive Parental or Guardian Relationships",0,3,2,5,0,0,2,0,2,0,2,5,Medium,Normal,0.22589027441623966,Normal,-0.9971627588120511,Normal,0.44064961983148754,0,Normal
2024-05-04 10:51:52.578,praveenphegde001@gmail.com,22,Male,R v institute of management ,MBA,3,"20,000 to 30,000",Family,Hindu,Brahmin ,Extrovert,Greater than 20,Singing,,Heterosexual or straight,Farmer,House wife,,Religious,Two parents,No,No,No,No,No,4,5,5,4,5,5,4,5,5,4,5,5,5,5,5,4,5,5,5,5,5,5,5,5,5,Friend(s),Friend(s),Friend(s),No,"Relationships (Family, Friends, Romantic), Physical Health, Mental Health/Well-being, Financial Stability, +",Good Physical Health and Well-being,"Strong Social Support Networks, Education and Awareness Programs, Reduced Stigma Surrounding Mental Health, Positive Parental or Guardian Relationships",120,0,0,0,0,0,2,0,2,0,2,120,High,Outlier,-0.009234053478936688,Normal,-1.0190550259187006,Normal,0.6292804257367024,1,Moderate Outlier
2024-05-04 10:52:46.302,rvim22mba139.rvim@rvei.edu.in,24,Male,Rvim,MBA,4 and above,"Greater than 50,000",Family,Hindu,Vokkaliga,Introvert,Less than 5,Playing,"Alcohol, None",Heterosexual or straight,Farmer,House wife,One,Spiritual but not religious,,No,No,No,No,No,5,4,5,4,5,4,5,4,5,5,5,5,5,5,5,5,4,5,5,5,4,5,5,5,5,Friend(s),Friend(s),Partner/Spouse,Yes,"Relationships (Family, Friends, Romantic), Mental Health/Well-being",Good Physical Health and Well-being,"Strong Social Support Networks, Education and Awareness Programs, Reduced Stigma Surrounding Mental Health",119,3,0,3,0,0,2,0,0,2,2,122,High,Normal,0.01700887211508717,Normal,-0.9954165105270103,Normal,1.2132573646685145,0,Normal
2024-05-04 10:53:55.986,gowdan2387@gmail.com,24,Female,RV Institute of Management ,MBA,4 and above,"20,000 to 30,000",Family,Hindu,Helava,Ambivert,Less than 5,Dance,,Heterosexual or straight,Laborer/Blue-collar worker,House wife,One,Spiritual but not religious,Two parents,No,No,Yes,Yes,Yes,5,6,5,6,5,5,6,6,6,6,5,5,6,5,6,5,5,5,5,6,5,5,5,6,6,Family member(s),Friend(s),Friend(s),No,"Career/Professional, Relationships (Family, Friends, Romantic)",Career Success and Fulfillment,Strong Social Support Networks,136,3,2,5,0,0,2,0,2,0,2,141,High,Outlier,-0.0034218997304821253,Normal,-1.0067495775077373,Normal,0.5601844233891207,1,Moderate Outlier
2024-05-04 10:54:12.706,maheshhegde497@gmail.com,22,Male,RVIM,MBA,4 and above,"Greater than 50,000",Rental house ,Hindu,Brahmin ,Introvert,Less than 5,Playing cricket badminton excercise ,"Alcohol, Tobacco",Heterosexual or straight,Farmer,House wife,One,Religious,,No,Yes,Yes,Yes,Yes,0,0,0,0,0,0,0,0,0,0,0,0,0,0,0,0,0,0,0,0,0,0,0,0,0,Family member(s),Family member(s),Family member(s),No,"Career/Professional, Financial Stability",Work-Life Balance,"Access to Mental Health Services, Strong Social Support Networks, Effective Coping Skills Training, Education and Awareness Programs, Reduced Stigma Surrounding Mental Health, Positive Parental or Guardian Relationships, Supportive School Environments, Opportunities for Recreational Activities and Hobbies, Community Engagement and Volunteerism",0,3,2,5,0,2,4,2,0,0,2,7,Medium,Normal,0.22486327252512706,Normal,-0.9974983085541493,Normal,0.45238088699124823,0,Normal
2024-05-04 10:54:16.488,adithhya4@gmail.com,22,Male,Rv Institute of Management ,MBA,4 and above,"Less than 10,000",Family,Hindu,Gowda,Introvert,Greater than 20,"Photography, Videography ",,Heterosexual or straight,Farmer,House wife,One,Religious,Two parents,No,Yes,No,No,Yes,0,0,0,0,0,0,0,0,0,0,0,0,0,0,0,0,0,0,0,0,0,0,0,0,0,Friend(s),Friend(s),Family member(s),No,Career/Professional,All the above,Strong Social Support Networks,0,0,0,0,0,2,4,2,0,0,2,2,Low,Normal,0.27695842817694377,Normal,-1.0593969467184805,Normal,0.6067468206321784,0,Normal
2024-05-04 10:54:26.614,dineshgowda010101@gmail.com,24,Male,R V Institute of Management ,MBA,3,"Greater than 50,000",Hostel / PG,Hindu,Gowda,Extrovert,Greater than 20,Travelling ,,Heterosexual or straight,Private sector employee,Private sector employee,One,Spiritual but not religious,Two parents,Maybe,Yes,Yes,Maybe,No,1,1,1,1,1,1,1,1,1,1,1,1,1,1,1,1,1,1,1,1,1,1,1,1,1,Friend(s),Friend(s),Friend(s),No,"Career/Professional, Relationships (Family, Friends, Romantic), Physical Health, Mental Health/Well-being, Financial Stability, Personal Development/Growth",Positive Mental Health and Emotional Balance,"Access to Mental Health Services, Strong Social Support Networks, Positive Parental or Guardian Relationships, Supportive School Environments, Community Engagement and Volunteerism",25,0,1,1,1,2,3,0,2,0,2,27,High,Normal,0.07899161689670253,Normal,-12.413732214907757,Normal,1.8546445663260558,0,Normal
2024-05-04 10:54:52.802,akshayhadagali207@gmail.com,24,Male,RVIm,MBA,4 and above,"30,000 to 40,000",Hostel / PG,Hindu,ST,Introvert,Greater than 20,Sports ,Alcohol,Heterosexual or straight,Government employee,House wife,Four or more,Religious,Two parents,No,No,Yes,No,No,6,1,1,0,0,0,0,1,1,0,0,0,0,1,1,1,1,1,0,1,1,1,1,0,0,Family member(s),Family member(s),Family member(s),No,Mental Health/Well-being,Positive Mental Health and Emotional Balance,"Access to Mental Health Services, Strong Social Support Networks, Education and Awareness Programs",19,0,0,0,0,0,2,2,0,0,2,19,High,Normal,0.0754899800407125,Normal,-2.4568161647160682,Normal,0.8361909426912835,0,Normal
2024-05-04 10:55:41.758,rvim22mba158.rvim@rvei.edu.in,Above 24,Male,RV Institute of management ,MBA,4 and above,"Less than 10,000",Gaurdian,Hindu,SC,Introvert,Less than 5,Dance,,Heterosexual or straight,Government employee,Government employee,One,Religious,Two parents,No,No,No,Yes,No,0,0,0,0,0,0,6,0,0,0,0,0,0,0,0,0,0,0,0,0,0,0,6,0,0,Family member(s),Family member(s),Family member(s),No,Physical Health,Good Physical Health and Well-being,Opportunities for Recreational Activities and Hobbies,12,3,2,5,0,0,2,2,0,0,2,17,High,Normal,0.10479911367197403,Normal,-2.7597933709846605,Outlier,-0.10716448871736839,1,Moderate Outlier
2024-05-04 10:55:56.205,rvim22mba146.rvim@rvei.edu.in,24,Male,RVIM,MBA,4 and above,"20,000 to 30,000",Hostel / PG,Hindu,What's the point? ,Extrovert,5-10,Playing chess,,Heterosexual or straight,Private sector employee,House wife,One,Religious,Two parents,No,No,No,No,Yes,0,0,0,0,0,0,0,0,0,0,0,0,0,0,0,0,0,0,0,0,0,0,4,0,0,Friend(s),Family member(s),Family member(s),No,"Career/Professional, Financial Stability, Personal Development/Growth",Work-Life Balance,"Strong Social Support Networks, Effective Coping Skills Training, Education and Awareness Programs, Reduced Stigma Surrounding Mental Health, Opportunities for Recreational Activities and Hobbies, Community Engagement and Volunteerism",4,2,0,2,0,0,2,2,0,0,2,6,Medium,Normal,0.2127638002822836,Outlier,-7320006244.516759,Normal,0.643684161118351,1,Moderate Outlier
2024-05-04 10:56:54.747,ns.karthikeya@gmail.com,Above 24,Male,RV Institute of Management,MBA,3,"Less than 10,000",Family,Hindu,Balija,Ambivert,5-10,"Reading books, video games",,Heterosexual or straight,Private sector employee,House wife,,Atheist (do not believe in the existence of a higher power),Two parents,No,Yes,Yes,Yes,Yes,1,0,0,0,0,0,0,1,0,1,0,1,0,1,0,1,1,0,0,0,0,0,0,0,0,Friend(s),Family member(s),Family member(s),Maybe,"Career/Professional, Relationships (Family, Friends, Romantic), Physical Health, Mental Health/Well-being, Financial Stability, Personal Development/Growth",Financial Security and Stability,"Access to Mental Health Services, Strong Social Support Networks, Effective Coping Skills Training, Reduced Stigma Surrounding Mental Health, Positive Parental or Guardian Relationships, Opportunities for Recreational Activities and Hobbies",7,2,2,4,0,2,4,2,0,1,3,12,High,Normal,0.16482690463707006,Normal,-1.0934229577577554,Normal,1.4212404881515237,0,Normal
2024-05-04 10:56:59.945,pushparhiregoudar3@gmail.com,23,Female,RV Institute of Management ,MBA,4 and above,"10,000 to 20,000",Hostel / PG,Hindu,Lingayat ,Ambivert,5-10,Reading music ,,Heterosexual or straight,Farmer,House wife,One,Spiritual but not religious,,No,Yes,Yes,Yes,Yes,0,0,0,0,0,0,0,0,0,0,0,0,0,0,0,0,0,0,0,0,0,0,0,0,0,Friend(s),Family member(s),Family member(s),No,"Physical Health, Mental Health/Well-being",Positive Mental Health and Emotional Balance,"Strong Social Support Networks, Positive Parental or Guardian Relationships",0,2,2,4,0,2,4,2,0,0,2,6,Medium,Normal,0.23749525470492555,Normal,-0.9961903726226004,Normal,0.7445874223726143,0,Normal
2024-05-04 10:57:07.216,aapthas98@gmail.com,24,Female,RVIM,MBA,3,"Greater than 50,000",Hostel / PG,Hindu,Bunt,Ambivert,Greater than 20,"dancing,writing",Alcohol,Heterosexual or straight,Business owner/Entrepreneur,Doctor,,Agnostic (unsure about the existence of a higher power),Two parents,No,Yes,No,Yes,Yes,5,5,5,5,5,5,5,5,5,5,5,5,5,5,5,5,5,5,5,5,5,5,5,5,5,Friend(s),Friend(s),"Mental health professional (e.g., therapist, counselor)",Yes,Mental Health/Well-being,Career Success and Fulfillment,"Access to Mental Health Services, Strong Social Support Networks, Effective Coping Skills Training, Education and Awareness Programs, Reduced Stigma Surrounding Mental Health, Positive Parental or Guardian Relationships, Supportive School Environments, Opportunities for Recreational Activities and Hobbies, Community Engagement and Volunteerism",125,0,2,2,0,2,4,0,0,2,2,129,High,Normal,0.0022710078464973638,Normal,-1.0050412032027973,Normal,0.9647336044847119,0,Normal
2024-05-04 10:58:04.009,sowjanyanm04@gmail.com,23,Female,Rvim,MBA,4 and above,"40,000 to 50,000",Family,Hindu,Vokkagilas,Introvert,5-10,Drawing,,Heterosexual or straight,Business owner/Entrepreneur,House wife,One,Spiritual but not religious,Two parents,No,No,No,Yes,Maybe,0,0,0,0,0,0,0,0,0,1,0,0,0,0,0,0,0,3,0,0,0,0,0,0,0,Friend(s),Friend(s),Friend(s),No,"Career/Professional, Physical Health, Mental Health/Well-being",Career Success and Fulfillment,"Access to Mental Health Services, Strong Social Support Networks, Positive Parental or Guardian Relationships",4,2,2,4,0,0,2,0,2,0,2,8,Medium,Normal,0.17791339207299867,Normal,-1.4989215268827385,Normal,0.8678896358433992,0,Normal
2024-05-04 10:58:21.990,vajreshc2002@gmail.com,23,Male,rv institute of management ,MBA,3,"Less than 10,000",Hostel / PG,Hindu,Oc vysya,Introvert,Less than 5,Explore new places,"None, ",Heterosexual or straight,Business owner/Entrepreneur,House wife,,Religious,Two parents,Maybe,Yes,Maybe,Maybe,Yes,6,6,5,5,6,5,6,6,6,5,4,6,5,5,5,5,5,6,6,5,6,5,6,5,6,Friend(s),Friend(s),Friend(s),No,"Career/Professional, Physical Health, Financial Stability",Good Physical Health and Well-being,"Access to Mental Health Services, Strong Social Support Networks, Education and Awareness Programs",136,3,1,4,1,2,3,0,2,0,2,141,High,Outlier,-0.04402178013851854,Normal,-1.0379621965703822,Normal,0.00013008500930755673,1,Moderate Outlier
2024-05-04 10:59:31.683,goesaaron06@gmail.com,23,Male,Rv institute of management ,MBA,4 and above,"Greater than 50,000",Hostel / PG,Christian,No idea,Ambivert,5-10,Travelling ,,Heterosexual or straight,Private sector employee,Government employee,,Religious,Two parents,No,Yes,No,Maybe,Yes,6,3,5,4,5,2,2,6,5,3,6,3,3,3,5,5,0,5,2,3,2,2,5,4,2,Friend(s),"Mental health professional (e.g., therapist, counselor)",Friend(s),Yes,"Career/Professional, Relationships (Family, Friends, Romantic)",Good Physical Health and Well-being,"Strong Social Support Networks, Effective Coping Skills Training, Education and Awareness Programs, Reduced Stigma Surrounding Mental Health, Positive Parental or Guardian Relationships",91,2,1,3,0,2,4,0,2,2,4,94,High,Outlier,-0.04090146060360933,Normal,-1.3610101181105676,Outlier,-0.28585345209022517,2,Critical Outlier
2024-05-04 10:59:49.817,satyaki.rvim@gmail.com,Above 24,Male,RV INSTITUTE OF MANAGEMENT,MBA,4 and above,"Less than 10,000",Family,Hindu,General,Introvert,Less than 5,Games,,Heterosexual or straight,Government employee,House wife,One,Religious,Two parents,No,No,Yes,No,No,3,2,1,0,3,1,3,4,4,3,3,3,2,3,3,2,3,3,3,2,3,3,1,3,3,"Mental health professional (e.g., therapist, counselor)",Friend(s),Partner/Spouse,Yes,"Career/Professional, Financial Stability, Personal Development/Growth",Work-Life Balance,"Access to Mental Health Services, Strong Social Support Networks, Effective Coping Skills Training, Education and Awareness Programs, Reduced Stigma Surrounding Mental Health, Positive Parental or Guardian Relationships, Supportive School Environments, Opportunities for Recreational Activities and Hobbies, Community Engagement and Volunteerism",64,3,0,3,0,0,2,0,0,2,2,67,High,Normal,0.054141195611022486,Normal,-1.0106757682726388,Normal,2.3893319468834893,0,Normal
2024-05-04 11:00:02.044,misspushpa101@gmail.com,23,Female,Rv institute of management ,MBA,4 and above,"10,000 to 20,000",Hostel / PG,Hindu,Lingayat ,Ambivert,5-10,Music and reading ,,Heterosexual or straight,Farmer,House wife,One,Spiritual but not religious,,No,Yes,Yes,Yes,Yes,0,0,0,0,0,0,0,0,0,0,0,0,0,0,0,0,0,0,0,0,0,0,0,0,0,Friend(s),Family member(s),Family member(s),No,"Relationships (Family, Friends, Romantic), Physical Health, Mental Health/Well-being, Financial Stability",Good Physical Health and Well-being,"Strong Social Support Networks, Positive Parental or Guardian Relationships",0,2,2,4,0,2,4,2,0,0,2,6,Medium,Normal,0.23749525470492555,Normal,-0.9961903726226004,Normal,0.7445874223726143,0,Normal
2024-05-04 11:00:13.017,nilanjanra485@gmail.com,23,Male,RV institute of management ,MBA,4 and above,"Greater than 50,000",Hostel / PG,Hindu,Vysya,Ambivert,5-10,"Reading books, Badminton ",,Heterosexual or straight,Business owner/Entrepreneur,Business owner/Entrepreneur,One,Spiritual but not religious,One parent,No,No,No,Yes,Yes,1,1,1,0,0,0,0,0,0,0,0,0,0,6,0,0,0,0,0,0,0,0,0,0,0,Family member(s),Family member(s),Family member(s),Yes,"Career/Professional, Relationships (Family, Friends, Romantic), Physical Health, Mental Health/Well-being, Financial Stability, Personal Development/Growth",Career Success and Fulfillment,"Access to Mental Health Services, Strong Social Support Networks, Effective Coping Skills Training, Education and Awareness Programs, Reduced Stigma Surrounding Mental Health, Positive Parental or Guardian Relationships, Supportive School Environments, Opportunities for Recreational Activities and Hobbies, Community Engagement and Volunteerism",9,2,2,4,0,0,2,2,0,2,4,11,Medium,Normal,0.15312046792766598,Normal,-2.5712583444898476,Outlier,-0.00011136769039188366,1,Moderate Outlier
2024-05-04 11:00:21.941,chinmayinayak26@gmail.com,22,Female,R V Institute of management ,MBA,4 and above,"40,000 to 50,000",Hostel / PG,Hindu,Nadoor,Ambivert,5-10,Singing dancing sketching ,,Heterosexual or straight,Retired,Private sector employee,One,Religious,Two parents,No,No,Yes,Yes,No,2,0,0,0,0,0,2,0,2,0,0,0,1,0,0,0,0,1,0,0,0,0,0,0,0,Friend(s),Friend(s),Friend(s),No,"Career/Professional, Relationships (Family, Friends, Romantic), Mental Health/Well-being, Financial Stability, Personal Development/Growth",Positive Mental Health and Emotional Balance,"Access to Mental Health Services, Strong Social Support Networks, Education and Awareness Programs, Reduced Stigma Surrounding Mental Health, Positive Parental or Guardian Relationships",8,2,2,4,0,0,2,0,2,0,2,12,High,Normal,0.16019854222703656,Normal,-1.5006964998303252,Normal,1.4066045785485901,0,Normal
2024-05-04 11:01:21.552,vsaiganesh00@gmail.com,23,Male,Rv institute of management ,MBA,4 and above,"Greater than 50,000",Family,Hindu,Brahmin ,Ambivert,Less than 5,Play chess and cricket ,,Heterosexual or straight,Private sector employee,House wife,One,Religious,Two parents,No,No,No,Yes,Yes,6,5,4,3,1,0,4,5,3,5,3,5,3,5,3,5,3,5,3,5,3,5,3,5,3,Family member(s),Family member(s),Family member(s),No,Career/Professional,Good Physical Health and Well-being,Access to Mental Health Services,95,3,2,5,0,0,2,2,0,0,2,100,High,Normal,0.011348593371899085,Normal,-1.023967589798335,Normal,0.884466314133201,0,Normal
2024-05-04 11:02:00.058,karthikbharadwaj41@gmail.com,23,Male,RV Institute of Management ,MBA,4 and above,"Greater than 50,000",Hostel / PG,Hindu,Brahmin ,Extrovert,10-20,"Cooking, Reading",Alcohol,Heterosexual or straight,Business owner/Entrepreneur,Business owner/Entrepreneur,One,Religious,Two parents,No,Yes,No,Maybe,No,0,0,0,0,0,0,0,0,0,0,0,0,0,0,0,0,0,2,0,0,0,0,0,0,0,Friend(s),Friend(s),Family member(s),No,"Physical Health, Financial Stability",Financial Security and Stability,"Access to Mental Health Services, Education and Awareness Programs, Reduced Stigma Surrounding Mental Health, Positive Parental or Guardian Relationships, Supportive School Environments, Community Engagement and Volunteerism",2,1,1,2,0,2,4,2,0,0,2,6,Medium,Normal,0.16665926620697702,Normal,-1.0699927171907904,Normal,0.05861435196086662,0,Normal
2024-05-04 11:02:12.123,sanaurrahman7861@gmail.com,23,Male,RVIM,MBA,4 and above,"10,000 to 20,000",Hostel / PG,Muslim,Muslim,Extrovert,5-10,"Riding, watching movies, hanging out with friends ",Tobacco,Heterosexual or straight,Advocate ,Teacher,One,Religious,Two parents,No,Yes,Yes,Yes,Maybe,2,2,0,0,0,0,0,0,0,0,0,0,0,0,0,6,0,2,0,0,0,0,1,0,0,Friend(s),Family member(s),Family member(s),No,"Career/Professional, Relationships (Family, Friends, Romantic), Physical Health, Mental Health/Well-being, Financial Stability, Personal Development/Growth",Positive Mental Health and Emotional Balance,"Access to Mental Health Services, Reduced Stigma Surrounding Mental Health, Positive Parental or Guardian Relationships, Supportive School Environments, Opportunities for Recreational Activities and Hobbies",13,2,2,4,0,2,4,2,0,0,2,19,High,Normal,0.17126404758792985,Normal,-1.350970406048154,Normal,1.4338666932004545,0,Normal
2024-05-04 11:02:26.561,rvim22mba135.rvim@rvei.edu.in,24,Male,RVIM,MBA,4 and above,"Greater than 50,000",Gaurdian,Hindu,Reddy,Ambivert,5-10,Listening music,,Heterosexual or straight,Farmer,House wife,One,Religious,Two parents,No,No,No,No,No,0,0,0,0,0,0,0,0,0,0,0,0,0,0,0,0,0,0,0,0,0,0,0,0,0,Friend(s),Friend(s),Family member(s),No,"Career/Professional, Mental Health/Well-being, Financial Stability",Positive Mental Health and Emotional Balance,"Strong Social Support Networks, Reduced Stigma Surrounding Mental Health, Positive Parental or Guardian Relationships, Opportunities for Recreational Activities and Hobbies",0,2,0,2,0,0,2,2,0,0,2,2,Low,Normal,0.2717792342701301,Normal,-1.0,Normal,1.1062082140844476,0,Normal
2024-05-04 11:02:51.103,rvim22mba084.rvim@rvei.edu.in,22,Male,Rvim ,MBA,4 and above,"Greater than 50,000",Family,Hindu,..,Ambivert,Greater than 20,..,,Heterosexual or straight,Farmer,House wife,One,Religious,Two parents,Maybe,Maybe,Maybe,Maybe,No,0,0,0,0,0,0,0,0,0,0,0,0,0,0,0,0,0,0,0,0,0,0,0,0,0,..,..,..,Maybe,..,Good Physical Health and Well-being,"Access to Mental Health Services, Strong Social Support Networks, Education and Awareness Programs, Reduced Stigma Surrounding Mental Health, Positive Parental or Guardian Relationships, Supportive School Environments, Opportunities for Recreational Activities and Hobbies, Community Engagement and Volunteerism",0,0,1,1,1,1,2,0,0,1,1,2,Low,Normal,0.23817877433952578,Normal,-0.9900404924544546,Normal,0.16263274945379003,0,Normal
2024-05-04 11:03:03.215,nikhilchandrahegde1997@gmail.com,Above 24,Male,RV Institute of Management ,MBA,4 and above,"Greater than 50,000",Rented Space,Hindu,Brahmin ,Ambivert,Greater than 20,"Badminton, Chess & Photography ",Alcohol,Heterosexual or straight,Government employee,House wife,One,Spiritual but not religious,,No,No,No,No,No,0,0,0,0,0,0,0,0,0,0,0,0,0,0,0,0,0,0,0,0,0,0,0,0,0,Never needed help,Introspect on myself,Family member(s),No,"Career/Professional, Financial Stability",Financial Security and Stability,"Access to Mental Health Services, Education and Awareness Programs, Positive Parental or Guardian Relationships, Supportive School Environments",0,0,0,0,0,0,2,2,0,0,2,0,Low,Normal,0.27787774594736653,Normal,-1.0,Normal,0.5930094755188309,0,Normal
2024-05-04 11:06:38.673,priyanka260300@gmail.com,24,Female,RV Institute of management ,MBA,4 and above,"20,000 to 30,000",Hostel / PG,Hindu,SC,Introvert,Greater than 20,"Playing badminton, dancing, reading",,Heterosexual or straight,Farmer,House wife,Two,Spiritual but not religious,Two parents,No,Yes,No,Maybe,Maybe,1,0,0,0,0,0,1,0,0,0,0,0,0,0,0,0,1,0,0,0,0,0,0,0,0,Friend(s),Family member(s),Friend(s),No,"Career/Professional, Physical Health, Mental Health/Well-being, Personal Development/Growth",Positive Mental Health and Emotional Balance,"Access to Mental Health Services, Strong Social Support Networks, Education and Awareness Programs, Positive Parental or Guardian Relationships, Opportunities for Recreational Activities and Hobbies, Community Engagement and Volunteerism",3,0,1,1,0,2,4,0,2,0,2,6,Medium,Normal,0.17575118969814363,Normal,-7.88795689732499,Normal,0.4928929637199513,0,Normal
2024-05-04 11:06:49.766,showbox814@gmail.com,24,Male,RVIM,MBA,4 and above,"Greater than 50,000",Hostel / PG,Hindu,SC,Ambivert,Greater than 20,Movies & Travel,"Alcohol, Tobacco, Marijuana, Cocaine, Heroin",Heterosexual or straight,Government employee,House wife,One,Atheist (do not believe in the existence of a higher power),Two parents,Maybe,Yes,Maybe,No,No,0,0,0,0,0,0,0,0,0,1,1,0,0,1,0,1,0,0,2,2,0,0,2,0,0,I prefer sleeping,I write down my problems and read it again till i feel better & find way to overcome,Family member(s),No,"Career/Professional, Relationships (Family, Friends, Romantic), Mental Health/Well-being, Financial Stability",Strong and Healthy Relationships,"Access to Mental Health Services, Reduced Stigma Surrounding Mental Health, Positive Parental or Guardian Relationships, Supportive School Environments",10,0,0,0,1,2,3,2,0,0,2,11,Medium,Normal,0.10883926677127054,Normal,-22.076251811709273,Normal,1.231876105958662,0,Normal
2024-05-04 11:07:17.851,jayrajsk55@gmail.com,23,Male,RV INSTITUTE OF MANAGEMENT ,MBA,4 and above,"30,000 to 40,000",Hostel / PG,Hindu,Devang,Introvert,5-10,Playing Badminton ,,Heterosexual or straight,Business owner/Entrepreneur,House wife,One,Religious,,No,No,No,No,No,0,0,0,0,0,0,0,0,0,0,0,0,0,0,0,0,0,0,0,0,0,0,0,0,0,Friend(s),Friend(s),Friend(s),No,"Career/Professional, Relationships (Family, Friends, Romantic), Physical Health, Mental Health/Well-being, Financial Stability, Personal Development/Growth",Financial Security and Stability,"Access to Mental Health Services, Positive Parental or Guardian Relationships",0,2,0,2,0,0,2,0,2,0,2,2,Low,Normal,0.2717792342701301,Normal,-1.0,Normal,1.1062082140844476,0,Normal
2024-05-04 11:08:13.119,vaishnavi01kv@gmail.com,23,Female,Rvim,MBA,3,"30,000 to 40,000",Family,Hindu,OBC,Extrovert,5-10,Boxing ,"None, ",Heterosexual or straight,Business owner/Entrepreneur,House wife,,Religious,Two parents,No,No,No,Yes,Yes,3,3,3,3,3,3,3,3,3,3,3,3,3,3,3,3,3,3,3,3,3,3,3,3,3,Friend(s),Friend(s),Friend(s),No,"Career/Professional, Relationships (Family, Friends, Romantic), Physical Health, Mental Health/Well-being, Personal Development/Growth",Positive Mental Health and Emotional Balance,"Access to Mental Health Services, Strong Social Support Networks, Effective Coping Skills Training, Education and Awareness Programs, Reduced Stigma Surrounding Mental Health, Positive Parental or Guardian Relationships, Supportive School Environments, Opportunities for Recreational Activities and Hobbies, Community Engagement and Volunteerism",75,2,2,4,0,0,2,0,2,0,2,79,High,Normal,0.06997027466377925,Normal,-1.0107333106133052,Normal,2.9368392739999276,0,Normal
2024-05-04 11:08:38.173,akshathashet16@gmail.com,Above 24,Female,Rvim,MBA,4 and above,"40,000 to 50,000",Family,Hindu,No,Extrovert,5-10,No,,Heterosexual or straight,Business owner/Entrepreneur,House wife,,Religious,Two parents,Yes,Yes,Yes,Yes,Yes,1,1,1,1,1,1,1,1,1,1,1,1,1,1,1,1,1,1,1,1,1,1,1,1,1,Friend(s),Friend(s),Family member(s),Yes,Career/Professional,Career Success and Fulfillment,"Access to Mental Health Services, Strong Social Support Networks, Effective Coping Skills Training, Reduced Stigma Surrounding Mental Health, Opportunities for Recreational Activities and Hobbies",25,2,2,4,2,2,2,2,0,2,4,27,High,Normal,0.13515292819022318,Normal,-1.39234631049931,Normal,2.8003323035109906,0,Normal
2024-05-04 11:09:50.966,shreyanagesh99@gmail.com,22,Female,RVIM,MBA,3,"20,000 to 30,000",Family,Hindu,Kuruhina setty ,Extrovert,5-10,Drawing dancing,,Heterosexual or straight,Retired,House wife,One,Religious,Two parents,No,Yes,Yes,Yes,Yes,1,0,0,0,0,0,0,0,0,0,0,0,0,0,0,0,0,0,0,0,0,0,0,0,0,Friend(s),Friend(s),Friend(s),Yes,"Relationships (Family, Friends, Romantic), Physical Health, Mental Health/Well-being",Positive Mental Health and Emotional Balance,"Access to Mental Health Services, Education and Awareness Programs, Positive Parental or Guardian Relationships",1,2,2,4,0,2,4,0,2,2,4,5,Medium,Normal,0.2294025640386732,Normal,-1.004933498410183,Normal,0.9205961724284162,0,Normal
2024-05-04 11:15:17.480,rahilroshan327@gmail.com,23,Male,RVIM,MBA,3,"Greater than 50,000",Hostel / PG,Prefer not to say,,Introvert,Greater than 20,Outdoor Sports,"Alcohol, Tobacco",Heterosexual or straight,Business owner/Entrepreneur,Private sector employee,One,Atheist (do not believe in the existence of a higher power),,Yes,No,Yes,No,No,3,3,3,3,3,3,3,3,3,3,3,3,3,3,3,3,3,3,3,3,3,3,3,3,3,Family member(s),Family member(s),Family member(s),No,Career/Professional,Career Success and Fulfillment,Access to Mental Health Services,75,0,0,0,2,0,0,2,0,0,2,73,High,Normal,0.07582222721002185,Normal,-0.9997096877011986,Normal,2.2781192598309303,0,Normal
2024-05-04 11:23:24.810,navneeth0908@gmail.com,23,Male,RV Institute of Management ,MBA,4 and above,"Greater than 50,000",Family,Hindu,Maratha,Introvert,Greater than 20,Sports ,Alcohol,Heterosexual or straight,Government employee,House wife,One,Religious,Two parents,No,Maybe,No,No,No,5,0,0,0,0,0,0,0,0,0,0,0,0,0,0,0,0,0,0,0,0,0,0,0,0,Religious or spiritual leader,Family member(s),Family member(s),No,"Financial Stability, Personal Development/Growth",Career Success and Fulfillment,"Access to Mental Health Services, Strong Social Support Networks",5,0,0,0,0,1,3,2,0,0,2,6,Medium,Normal,0.2124273628251549,Normal,-17.10559779547254,Normal,0.2948092671387239,0,Normal
2024-05-04 11:23:25.451,dibyasai123@gmail.com,22,Male,RV institute of management ,MBA,3,"Greater than 50,000",Family,Hindu,Khandayat,Ambivert,Less than 5,"Playing cricket, listening music ",,Heterosexual or straight,Business owner/Entrepreneur,House wife,,Religious,One parent,No,No,No,No,No,6,5,6,6,5,5,6,5,5,6,6,5,5,6,5,6,5,6,6,6,5,6,6,6,4,Friend(s),Friend(s),Friend(s),No,"Career/Professional, Physical Health",Good Physical Health and Well-being,"Effective Coping Skills Training, Education and Awareness Programs, Reduced Stigma Surrounding Mental Health",138,3,0,3,0,0,2,0,2,0,2,141,High,Outlier,-0.027929178907720953,Normal,-1.0210380895808924,Normal,0.20225114245320164,1,Moderate Outlier
2024-05-04 11:23:26.379,bhushanshiralikar@gmail.com,24,Male,Rv collage of management ,MBA,3,"Greater than 50,000",Family,Hindu,Brahmin ,Ambivert,10-20,Sports ,None ,Heterosexual or straight,Retired,House wife,Two,Religious,,No,No,Maybe,Maybe,Maybe,0,0,0,0,0,0,0,0,0,0,0,0,0,0,0,0,0,0,0,0,0,0,0,0,0,Friend(s),Friend(s),Friend(s),No,Physical Health,Financial Security and Stability,Positive Parental or Guardian Relationships,0,1,1,2,0,0,2,0,2,0,2,2,Low,Normal,0.20935382304576483,Normal,-0.980329261588969,Normal,0.011511224081417915,0,Normal
2024-05-04 11:23:47.548,harshithagopanal@gmail.com,23,Female,RVIM ,MBA,4 and above,"20,000 to 30,000",Hostel / PG,Hindu,Hindu,Ambivert,Less than 5,Reading ,,Heterosexual or straight,Farmer,House wife,One,Spiritual but not religious,Two parents,No,No,No,No,No,0,0,0,0,0,0,0,0,0,0,0,0,0,0,0,0,1,0,1,0,1,0,1,0,1,Friend(s),Friend(s),Friend(s),No,"Career/Professional, Relationships (Family, Friends, Romantic), Physical Health, Mental Health/Well-being, Financial Stability, Personal Development/Growth",Positive Mental Health and Emotional Balance,"Education and Awareness Programs, Reduced Stigma Surrounding Mental Health, Positive Parental or Guardian Relationships, Supportive School Environments, Opportunities for Recreational Activities and Hobbies, Community Engagement and Volunteerism",5,3,0,3,0,0,2,0,2,0,2,8,Medium,Normal,0.19720085739081827,Outlier,-8954983300.000889,Normal,1.0527449719213955,1,Moderate Outlier
2024-05-04 11:37:53.626,amishamajalikar244@gmail.com,23,Female,Rv institute of management ,MBA,4 and above,"Less than 10,000",Room ,Hindu,Hindu Ambig ,Introvert,Less than 5,"Singing , painting, dancing , cooking ",,Heterosexual or straight,Farmer,Private sector employee,One,Religious,,No,No,Maybe,Yes,Yes,1,0,1,0,0,0,1,0,1,0,1,0,0,0,0,0,0,0,0,0,0,0,0,0,0,No one,Family member(s),Family member(s),Yes,"Career/Professional, Relationships (Family, Friends, Romantic), Physical Health, Mental Health/Well-being, Financial Stability, Personal Development/Growth",Positive Mental Health and Emotional Balance,"Access to Mental Health Services, Strong Social Support Networks, Community Engagement and Volunteerism",5,3,2,5,0,0,2,2,0,2,4,8,Medium,Normal,0.17249000304331447,Normal,-1.2172448182082687,Normal,0.8997211367159474,0,Normal
2024-05-04 12:55:10.698,sinchanan80@gmail.com,19,Female,Moodlakatte institute of technology kundapura ,B.E / B.Tech,4 and above,"30,000 to 40,000",Family,Hindu,Vishwakarma ,Introvert,5-10,"Listening music , singing, dancing ",,Asexual,Government employee,Government employee,One,Religious,Two parents,No,No,No,No,No,0,0,0,0,0,0,0,0,0,0,0,0,0,0,0,0,0,0,6,0,0,0,0,0,0,Friend(s),Family member(s),Family member(s),No,Career/Professional,Career Success and Fulfillment,Access to Mental Health Services,6,2,0,2,0,0,2,2,0,0,2,8,Medium,Normal,0.18543593634701544,Normal,-27.5942969751252,Normal,3.1996087015428998e-06,0,Normal
2024-05-04 13:15:31.411,prajnad903@gmail.com,18,Female,Moodlakatte institute of technology kundapura ,B.E / B.Tech,4 and above,"10,000 to 20,000",Family,Hindu,Kotegar,Ambivert,Less than 5,Story reading ,,Asexual,Business owner/Entrepreneur,House wife,Two,Agnostic (unsure about the existence of a higher power),Two parents,No,No,No,No,No,0,0,0,0,0,0,0,0,0,0,0,0,0,0,0,0,0,0,0,0,0,0,0,0,0,Family member(s),Family member(s),Family member(s),No,"Career/Professional, Physical Health, Financial Stability",Career Success and Fulfillment,Positive Parental or Guardian Relationships,0,3,0,3,0,0,2,2,0,0,2,3,Medium,Normal,0.25612827643167974,Normal,-1.0,Normal,0.7322037115749263,0,Normal
2024-05-05 15:48:52.337,sathwikacharya25@gmail.com,19,Male,Moodlakatte Institute of Technology Kundapura ,B.E / B.Tech,4 and above,"10,000 to 20,000",Family,Hindu,Vishwakarma ,Introvert,Greater than 20,Learn something new skills ,,Heterosexual or straight,Carpenter ,House wife,Two,Religious,Two parents,No,No,No,No,No,0,0,0,0,0,0,0,0,0,0,0,0,0,0,0,0,0,0,0,0,0,0,0,0,0,Family member(s),Family member(s),Family member(s),No,Personal Development/Growth,Strong and Healthy Relationships,Strong Social Support Networks,0,0,0,0,0,0,2,2,0,0,2,0,Low,Normal,0.27787774594736653,Normal,-1.0,Normal,0.5930094755188309,0,Normal
2024-05-07 18:05:27.404,srinidhishetty7900@gmail.com,23,Female,"Moodlakatte Institute of technology, Kundapura",B.E / B.Tech,4 and above,"30,000 to 40,000",Family,Hindu,Bunt,Extrovert,Greater than 20,Travelling,,Asexual,Business owner/Entrepreneur,House wife,One,Religious,Two parents,No,Yes,No,No,No,0,0,0,0,0,0,0,0,0,0,0,0,0,0,0,0,0,0,0,0,0,0,0,0,0,Friend(s),Friend(s),Friend(s),No,"Career/Professional, Financial Stability",Career Success and Fulfillment,"Access to Mental Health Services, Strong Social Support Networks, Positive Parental or Guardian Relationships, Opportunities for Recreational Activities and Hobbies",0,0,0,0,0,2,4,0,2,0,2,2,Low,Normal,0.27695842817694377,Normal,-1.0593969467184805,Normal,0.6067468206321784,0,Normal
2024-05-09 14:07:36.537,ushamanth771@gmail.com,24,Male,RVIM ,MBA,4 and above,"20,000 to 30,000",Hostel / PG,Hindu,Gowda,Ambivert,Greater than 20,Swimming 🥽,Alcohol,Heterosexual or straight,Business owner/Entrepreneur,House wife,One,Religious,,Yes,Yes,Maybe,No,No,0,0,0,0,6,6,0,0,0,0,0,0,0,0,0,0,0,0,0,0,0,0,0,0,0,Family member(s),Friend(s),Partner/Spouse,No,"Career/Professional, Relationships (Family, Friends, Romantic), Physical Health, Mental Health/Well-being, Financial Stability, Personal Development/Growth",Good Physical Health and Well-being,"Access to Mental Health Services, Strong Social Support Networks, Effective Coping Skills Training, Education and Awareness Programs, Reduced Stigma Surrounding Mental Health, Positive Parental or Guardian Relationships, Supportive School Environments, Opportunities for Recreational Activities and Hobbies, Community Engagement and Volunteerism",12,0,0,0,2,2,2,0,0,0,0,14,High,Normal,0.23917726771885756,Normal,-11.160086740652266,Normal,0.7140017275351989,0,Normal
2024-05-09 14:08:32.118,tharunmadhav00@gmail.com,23,Male,RV Institute of Management ,MBA,3,"20,000 to 30,000",Family,Hindu,Nair,Introvert,Greater than 20,"Gaming, Film, Music, Reading","Alcohol, Tobacco",Heterosexual or straight,Business owner/Entrepreneur,House wife,,Agnostic (unsure about the existence of a higher power),Two parents,Yes,Yes,Yes,Yes,Yes,1,1,1,1,1,0,0,1,1,1,1,0,1,1,1,1,0,1,1,1,1,1,1,1,1,,,None ,No,"Career/Professional, Relationships (Family, Friends, Romantic), Physical Health, Mental Health/Well-being, Financial Stability, Personal Development/Growth",Good Physical Health and Well-being,"Access to Mental Health Services, Strong Social Support Networks, Effective Coping Skills Training, Education and Awareness Programs, Reduced Stigma Surrounding Mental Health, Positive Parental or Guardian Relationships, Supportive School Environments, Opportunities for Recreational Activities and Hobbies, Community Engagement and Volunteerism",21,0,2,2,2,2,2,0,0,0,0,25,High,Normal,0.0997751388429785,Normal,-1.3704469100850631,Normal,2.1295639118644925,0,Normal
2024-05-09 14:09:16.160,pravensraj1432@gmail.com,24,Male,RVIM,MBA,4 and above,"20,000 to 30,000",Hostel / PG,Hindu,ST,Ambivert,5-10,"Riding, Traveling.",,Heterosexual or straight,Retired,House wife,One,Religious,Two parents,No,No,Yes,Maybe,No,1,1,0,0,0,0,2,0,0,0,0,0,0,0,0,0,0,0,0,0,0,0,0,0,0,Friend(s),Family member(s),Family member(s),No,"Career/Professional, Physical Health",Good Physical Health and Well-being,Education and Awareness Programs,4,2,1,3,0,0,2,2,0,0,2,7,Medium,Normal,0.2000795172625623,Normal,-1.007749970407467,Normal,0.8041492777669221,0,Normal
2024-05-09 14:13:12.930,akashgowda685@gmail.com,23,Male,RVIM ,MBA,4 and above,"30,000 to 40,000",Family,Hindu,Gowdas,Ambivert,10-20,Tech and stuff...,,Heterosexual or straight,Laborer/Blue-collar worker,Private sector employee,One,Religious,Two parents,No,No,No,Yes,Yes,1,1,1,1,0,0,2,0,0,0,1,0,0,0,0,0,0,0,0,0,0,0,0,0,1,Self help after some time...,Family member(s),Family member(s),No,"Career/Professional, Relationships (Family, Friends, Romantic), Physical Health, Financial Stability",Career Success and Fulfillment,"Strong Social Support Networks, Positive Parental or Guardian Relationships, Supportive School Environments, Opportunities for Recreational Activities and Hobbies, Community Engagement and Volunteerism",8,1,2,3,0,0,2,2,0,0,2,11,Medium,Normal,0.16269279157869515,Normal,-1.1760187862699474,Normal,0.6528659216617472,0,Normal
2024-05-09 15:26:15.685,rvim22mba103.rvim@rvei.edu.in,24,Male,R V Institute of management,BSc Horticulture,4 and above,"20,000 to 30,000",Family,Hindu,Nil,Introvert,5-10,Reading books,,Heterosexual or straight,Business owner/Entrepreneur,House wife,One,Religious,Two parents,No,No,No,Maybe,Maybe,0,0,0,0,0,0,0,0,0,0,0,0,0,0,0,0,0,1,0,0,0,0,0,0,0,Family member(s),Friend(s),Family member(s),No,"Career/Professional, Physical Health, Mental Health/Well-being, Financial Stability",Good Physical Health and Well-being,"Access to Mental Health Services, Supportive School Environments",1,2,1,3,0,0,2,2,0,0,2,4,Medium,Normal,0.21040129403809138,Normal,-0.9985725512072904,Normal,0.5057984671280522,0,Normal
2024-05-09 15:28:31.904,dhanushreedhanu233@gmail.com,23,Female,RV institute of management ,MBA,4 and above,"20,000 to 30,000",Gaurdian,Hindu,Madilvala ,Introvert,Less than 5,"Reading novels, watching series ",,Heterosexual or straight,Laborer/Blue-collar worker,Laborer/Blue-collar worker,One,Spiritual but not religious,Two parents,No,No,No,Yes,Yes,3,1,1,0,2,0,0,0,1,0,0,0,0,6,0,0,0,0,0,0,0,0,0,0,0,,None ,None ,No,"Career/Professional, Relationships (Family, Friends, Romantic), Mental Health/Well-being, Financial Stability, Personal Development/Growth",Career Success and Fulfillment,"Access to Mental Health Services, Strong Social Support Networks, Effective Coping Skills Training, Education and Awareness Programs, Reduced Stigma Surrounding Mental Health, Positive Parental or Guardian Relationships, Supportive School Environments, Opportunities for Recreational Activities and Hobbies, Community Engagement and Volunteerism",14,3,2,5,0,0,2,0,0,0,0,21,High,Normal,0.10293546678402066,Normal,-2.7606208726405814,Outlier,-0.00010684073770450553,1,Moderate Outlier
2024-05-09 15:28:46.040,sapatil803@gmail.com,23,Female,RV Institute of Management ,MBA,4 and above,"Greater than 50,000",Hostel / PG,Hindu,Lingayat ,Extrovert,Greater than 20,Music,,Heterosexual or straight,Government employee,House wife,Two,Religious,,Yes,Yes,Yes,Yes,Yes,3,0,0,0,0,0,0,0,0,0,0,0,0,0,0,0,0,0,0,0,0,0,0,0,0,Friend(s),Friend(s),Friend(s),No,"Career/Professional, Relationships (Family, Friends, Romantic), Physical Health, Mental Health/Well-being, Financial Stability, Personal Development/Growth",Work-Life Balance,"Access to Mental Health Services, Strong Social Support Networks, Effective Coping Skills Training, Education and Awareness Programs, Reduced Stigma Surrounding Mental Health, Positive Parental or Guardian Relationships, Supportive School Environments, Opportunities for Recreational Activities and Hobbies",3,0,2,2,2,2,2,0,2,0,2,5,Medium,Normal,0.20146088935311207,Normal,-1.1020020986129457,Normal,0.693176114319388,0,Normal
2024-05-09 15:36:34.874,rajeshach861@gmail.com,24,Male,RV Institute of management ,MBA,1,"Less than 10,000",Family,Hindu,Brahmin,Ambivert,10-20,Video games,Alcohol,Heterosexual or straight,Priest,House wife,,Spiritual but not religious,One parent,No,Maybe,Maybe,Yes,Yes,4,0,1,0,0,0,6,0,0,1,0,0,0,1,0,0,0,0,0,0,0,0,2,0,3,Friend(s),Friend(s),Friend(s),No,"Career/Professional, Relationships (Family, Friends, Romantic), Physical Health, Mental Health/Well-being, Financial Stability, Personal Development/Growth",Financial Security and Stability,"Strong Social Support Networks, Positive Parental or Guardian Relationships",18,1,2,3,0,1,3,0,2,0,2,22,High,Normal,0.08725748076861006,Normal,-1.6965401059086744,Normal,0.00011042585973441987,0,Normal
2024-05-09 15:40:02.493,rvim22mba064.rvim@rvei.edu.in,24,Male,RV institute of management ,MBA,4 and above,"30,000 to 40,000",Family,Hindu,Brahmin ,Ambivert,5-10,"Drawing, Painting ",Alcohol,Heterosexual or straight,Farmer,House wife,One,Religious,,No,No,Yes,Yes,Yes,4,2,1,1,0,0,4,1,2,1,2,1,0,0,0,0,1,0,0,0,0,0,0,0,0,Friend(s),Family member(s),Family member(s),No,Career/Professional,Financial Security and Stability,"Access to Mental Health Services, Positive Parental or Guardian Relationships",20,2,2,4,0,0,2,2,0,0,2,24,High,Normal,0.08825182261831765,Normal,-1.5397348667422863,Normal,1.048518598286341,0,Normal
2024-05-09 15:40:56.285,sanjangowda72@gmail.com,22,Male,RV Institute of Management ,MBA,4 and above,"Greater than 50,000",Hostel / PG,Hindu,Vokkaliga,Extrovert,10-20,Trading ,,Heterosexual or straight,Farmer,House wife,One,Spiritual but not religious,Two parents,No,No,Yes,Yes,Yes,1,0,0,0,0,0,2,0,0,0,0,0,0,0,0,0,0,1,1,0,0,0,0,0,0,Family member(s),Friend(s),Family member(s),No,"Career/Professional, Physical Health",Career Success and Fulfillment,"Access to Mental Health Services, Education and Awareness Programs",5,1,2,3,0,0,2,2,0,0,2,8,Medium,Normal,0.1634873231102485,Normal,-1.2013881401368747,Normal,0.8576990014883306,0,Normal
2024-05-09 15:44:03.424,pearljovitamartis7565@gmail.com,22,Female,RVIM,MBA,3,"Greater than 50,000",Hostel / PG,Christian,Roman catholic,Extrovert,Greater than 20,"Gardening, exploring new things",,Heterosexual or straight,Business owner/Entrepreneur,House wife,,Religious,Two parents,No,No,Yes,No,No,0,0,0,0,0,0,1,0,0,0,0,0,0,0,0,0,0,0,0,0,0,0,0,0,0,Family member(s),Family member(s),Family member(s),No,"Career/Professional, Relationships (Family, Friends, Romantic), Physical Health, Mental Health/Well-being, Financial Stability, Personal Development/Growth",Work-Life Balance,"Access to Mental Health Services, Strong Social Support Networks, Effective Coping Skills Training, Education and Awareness Programs, Reduced Stigma Surrounding Mental Health, Positive Parental or Guardian Relationships, Supportive School Environments, Opportunities for Recreational Activities and Hobbies, Community Engagement and Volunteerism",1,0,0,0,0,0,2,2,0,0,2,1,Low,Normal,0.26041907179410084,Normal,-2649143801.1192036,Normal,0.7481990744212093,0,Normal
2024-05-09 15:48:40.337,rvim22mba015.rvim@rvei.edu.in,23,Female,Rvim ,MBA,4 and above,"40,000 to 50,000",Family,Hindu,Brahmin ,Ambivert,5-10,"Travelling, watching ",,Heterosexual or straight,Business owner/Entrepreneur,House wife,One,Spiritual but not religious,Two parents,No,No,Maybe,No,No,0,0,0,0,0,0,0,1,0,0,0,0,0,0,0,0,0,0,0,0,0,1,0,0,0,Family member(s),Family member(s),Family member(s),No,Career/Professional,Strong and Healthy Relationships,"Access to Mental Health Services, Strong Social Support Networks",2,2,0,2,0,0,2,2,0,0,2,4,Medium,Normal,0.2176822832261276,Outlier,-5137828025.948529,Normal,1.3672775794097332,1,Moderate Outlier
2024-05-09 15:50:30.123,naveensk875@gmail.com,24,Male,R V institute of management ,MBA,4 and above,"40,000 to 50,000",Family,Hindu,Lingayath,Ambivert,5-10,"Cycling, Reading Books",,Heterosexual or straight,Farmer,House wife,One,Religious,Two parents,No,No,No,Yes,Yes,0,0,0,0,0,0,0,0,0,0,0,0,0,0,0,0,0,0,1,1,0,0,0,0,0,Friend(s),Family member(s),Friend(s),No,"Career/Professional, Personal Development/Growth",Good Physical Health and Well-being,Strong Social Support Networks,2,2,2,4,0,0,2,0,2,0,2,6,Medium,Normal,0.19815972162429418,Normal,-1.0131302060007816,Normal,0.9426242088618402,0,Normal
2024-05-09 16:13:52.541,rvim22mba074.rvim@rvei.edu.in,24,Male,RV Institute of Management ,MBA,4 and above,"Greater than 50,000",Family,Hindu,2A,Introvert,Less than 5,No idwa,,Heterosexual or straight,Retired,House wife,Two,Religious,One parent,No,No,Maybe,Yes,No,0,2,0,0,0,0,0,0,0,0,0,0,0,0,0,0,0,0,0,0,0,0,0,0,0,Friend(s),,Religious or spiritual leader,No,Financial Stability,Financial Security and Stability,Supportive School Environments,2,3,2,5,0,0,2,0,0,0,0,9,Medium,Normal,0.22542438609293003,Normal,-0.997955198297624,Normal,0.47551880777525657,0,Normal
2024-05-09 16:57:26.667,rvim22mba058.rvim@rvei.edu.in,22,Female,R V institute of management ,MBA,4 and above,"10,000 to 20,000",Family,Hindu,Billava,Extrovert,Greater than 20,Making hand crafts.,,Asexual,Farmer,House wife,One,Religious,Two parents,No,No,No,No,No,6,0,0,0,0,0,6,1,1,6,6,6,0,6,0,0,0,6,6,0,0,0,6,0,0,Family member(s),Friend(s),Family member(s),Yes,Mental Health/Well-being,Positive Mental Health and Emotional Balance,"Access to Mental Health Services, Strong Social Support Networks, Education and Awareness Programs, Positive Parental or Guardian Relationships, Supportive School Environments",56,0,0,0,0,0,2,2,0,2,4,54,High,Outlier,-0.06344378536524709,Normal,-1.7183327921642633,Outlier,-1.3458310099139057,2,Critical Outlier
2024-05-09 18:16:47.032,sharanyasomashekar@gmail.com,24,Female,RV institution of management ,MBA,4 and above,"Less than 10,000",Family,Hindu,Padhmashali (Shettigar),Ambivert,Greater than 20,"Singing, Dancing, playing badminton ",Alcohol,Heterosexual or straight,Laborer/Blue-collar worker,House wife,,Religious,Two parents,No,No,No,No,No,2,0,0,0,0,0,1,0,0,0,1,1,0,0,0,0,0,0,0,0,0,0,0,0,0,Friend(s),Family member(s),Family member(s),No,"Career/Professional, Physical Health, Financial Stability, Personal Development/Growth",Personal Growth and Development,Strong Social Support Networks,5,0,0,0,0,0,2,2,0,0,2,5,Medium,Normal,0.20879463029522904,Normal,-10.980583328516223,Normal,1.0316323070070945,0,Normal
2024-05-09 20:46:51.362,kulkarni01kavya@gmail.com,23,Female,Rv institute of management ,MBA,1,"40,000 to 50,000",Family,Hindu,Brahmin ,Ambivert,10-20,"Sketching, crafts.",Alcohol,Heterosexual or straight,Private sector employee,House wife,One,Religious,Two parents,Yes,Yes,Yes,Yes,Yes,0,0,0,0,0,0,0,0,0,0,0,0,0,0,0,0,0,0,0,0,0,0,0,0,0,Friend(s),Friend(s),Partner/Spouse,No,"Career/Professional, Relationships (Family, Friends, Romantic), Physical Health, Mental Health/Well-being, Financial Stability, Personal Development/Growth",Career Success and Fulfillment,"Access to Mental Health Services, Strong Social Support Networks, Education and Awareness Programs, Positive Parental or Guardian Relationships, Supportive School Environments, Opportunities for Recreational Activities and Hobbies, Community Engagement and Volunteerism",0,1,2,3,2,2,2,0,0,0,0,5,Medium,Normal,0.21467088516602267,Normal,-1.062693915519117,Normal,0.2868746147489367,0,Normal
2024-05-09 22:38:19.456,git21me081-t@students.git.edu,21,Female,KLS Gogte Institute of Technology,B.E / B.Tech,4 and above,"30,000 to 40,000",Family,Hindu,Brahmin,Ambivert,5-10,"Badminton, fashion shows, drama",Alcohol,Heterosexual or straight,Business owner/Entrepreneur,House wife,One,Religious,Two parents,No,Yes,Maybe,Yes,Yes,1,1,0,0,0,0,4,1,0,0,0,0,0,0,0,0,1,1,0,0,0,1,1,0,0,Friend(s),Friend(s),,Yes,"Career/Professional, Relationships (Family, Friends, Romantic), Physical Health, Mental Health/Well-being, Financial Stability, Personal Development/Growth",Good Physical Health and Well-being,"Effective Coping Skills Training, Education and Awareness Programs, Positive Parental or Guardian Relationships, Supportive School Environments, Community Engagement and Volunteerism",11,2,2,4,0,2,4,0,0,2,2,17,High,Normal,0.13490838253622223,Normal,-1.5149349247901767,Normal,1.7025619228167246,0,Normal
2024-05-09 22:42:29.948,saitarun7940@gmail.com,20,Male,Gogte institute of technology ,B.E / B.Tech,4 and above,"20,000 to 30,000",Hostel / PG,Hindu,Arya vaishya,Ambivert,Less than 5,"Reading, listening to music ",,Heterosexual or straight,Business owner/Entrepreneur,Business owner/Entrepreneur,One,Atheist (do not believe in the existence of a higher power),Two parents,No,No,Yes,Yes,Yes,1,1,1,0,0,0,1,1,0,0,1,1,0,0,0,1,1,2,1,1,0,0,0,0,0,Always myself ,Friend(s),I'm very self dependent ,No,"Career/Professional, Relationships (Family, Friends, Romantic), Physical Health, Personal Development/Growth",Financial Security and Stability,"Access to Mental Health Services, Effective Coping Skills Training, Education and Awareness Programs, Positive Parental or Guardian Relationships",13,3,2,5,0,0,2,0,0,0,0,20,High,Normal,0.11989548016617718,Normal,-1.7349676165344317,Normal,1.4441104507571847,0,Normal
2024-05-09 22:44:42.737,git21me066-t@students.git.edu,21,Female,KLS Gogte Institute of Technology ,B.E / B.Tech,4 and above,"Greater than 50,000",Gaurdian,Hindu,Maratha,Introvert,Less than 5,"Drawing, listening songs, watching cricket ",,Heterosexual or straight,Farmer,House wife,One,Religious,Two parents,No,Maybe,No,Yes,Maybe,3,1,1,1,0,0,6,6,1,0,0,3,0,0,0,0,1,1,1,0,1,6,6,0,0,None ,None ,None ,No,"Relationships (Family, Friends, Romantic), Mental Health/Well-being, Personal Development/Growth",Positive Mental Health and Emotional Balance,"Access to Mental Health Services, Strong Social Support Networks, Positive Parental or Guardian Relationships, Supportive School Environments, Opportunities for Recreational Activities and Hobbies",38,3,2,5,0,1,3,0,0,0,0,46,High,Outlier,-0.012358161167428827,Normal,-1.482958514915772,Outlier,-0.46183032826486947,2,Critical Outlier
2024-05-09 22:47:42.714,yashranbhare2021@gmail.com,22,Male,Gogte Institute of technology,B.E / B.Tech,4 and above,"30,000 to 40,000",Family,Hindu,Swakul sali,Introvert,5-10,Nothing,,Heterosexual or straight,Business owner/Entrepreneur,House wife,One,Religious,Two parents,No,No,No,Yes,No,0,0,0,0,0,0,0,0,0,0,0,0,0,0,0,0,0,0,0,0,0,0,0,0,0,Friend(s),Friend(s),Friend(s),No,Mental Health/Well-being,Personal Growth and Development,Positive Parental or Guardian Relationships,0,2,2,4,0,0,2,0,2,0,2,4,Medium,Normal,0.23836515006948145,Normal,-0.9958930640874752,Normal,0.7319933494207413,0,Normal
2024-05-09 22:53:07.431,kitturarmaan@gmail.com,20,Male,K.L.S Gogte Institute of Technology ,B.E / B.Tech,4 and above,"Greater than 50,000",Family,Muslim,Sunni,Ambivert,10-20,"Riding, Gaming","Alcohol, Tobacco",Heterosexual or straight,Retired,House wife,One,Atheist (do not believe in the existence of a higher power),Two parents,No,No,Maybe,Yes,No,1,0,1,0,1,0,4,4,0,0,0,1,0,0,1,3,2,0,1,0,2,2,1,2,0,Friend(s),Friend(s),Friend(s),No,"Career/Professional, Relationships (Family, Friends, Romantic), Physical Health, Mental Health/Well-being, Financial Stability, Personal Development/Growth",Career Success and Fulfillment,"Strong Social Support Networks, Effective Coping Skills Training, Reduced Stigma Surrounding Mental Health, Supportive School Environments, Opportunities for Recreational Activities and Hobbies, Community Engagement and Volunteerism",26,1,2,3,0,0,2,0,2,0,2,29,High,Normal,0.054054750498174764,Normal,-1.9882146306571336,Normal,0.5601013291766064,0,Normal
2024-05-09 22:53:43.775,nikhilnesarikar@gmail.com,20,Male,Git,B.E / B.Tech,4 and above,"Greater than 50,000",Family,Hindu,Maratha,Introvert,Greater than 20,Football ,,Heterosexual or straight,Business owner/Entrepreneur,House wife,One,Religious,Two parents,No,No,No,Yes,No,0,0,0,0,0,0,0,0,0,0,0,0,0,0,0,0,0,0,0,0,0,0,0,0,0,Friend(s),Family member(s),Family member(s),No,"Career/Professional, Relationships (Family, Friends, Romantic), Physical Health, Mental Health/Well-being, Financial Stability, Personal Development/Growth",Personal Growth and Development,Positive Parental or Guardian Relationships,0,0,2,2,0,0,2,2,0,0,2,2,Low,Normal,0.23306624159752165,Normal,-0.9970473281653722,Normal,0.5269621420905759,0,Normal
2024-05-09 22:56:38.696,nirajvernekar02@gmail.com,21,Male,Kls git ,B.E / B.Tech,3,"20,000 to 30,000",Family,Hindu,Daivadnya Brahmin,Extrovert,Greater than 20,RIDING AND CODING,,Heterosexual or straight,Business owner/Entrepreneur,House wife,One,Religious,One parent,Yes,No,Yes,No,Yes,1,0,0,0,0,0,1,0,0,0,0,0,0,0,0,0,0,0,0,0,0,0,0,0,0,Friend(s),Family member(s),Partner/Spouse,No,"Career/Professional, Relationships (Family, Friends, Romantic), Physical Health, Mental Health/Well-being, Financial Stability, Personal Development/Growth",Career Success and Fulfillment,"Access to Mental Health Services, Strong Social Support Networks, Effective Coping Skills Training, Education and Awareness Programs, Reduced Stigma Surrounding Mental Health, Positive Parental or Guardian Relationships, Supportive School Environments, Opportunities for Recreational Activities and Hobbies, Community Engagement and Volunteerism",2,0,0,0,2,0,0,0,0,0,0,2,Low,Normal,0.25022477021160733,Normal,-13.22813527625116,Normal,0.9057292566688888,0,Normal
2024-05-09 23:09:45.820,22ul2190@students.git.edu,21,Male,KLS GIT,B.E / B.Tech,4 and above,"Greater than 50,000",Family,Hindu,Brahmin,Introvert,5-10,Playing video games,,Heterosexual or straight,Business owner/Entrepreneur,House wife,One,Religious,Two parents,Yes,No,No,No,Maybe,1,1,0,0,0,0,0,1,0,0,0,0,0,3,0,0,0,0,0,0,0,0,0,0,0,Friend(s),Family member(s),Family member(s),No,"Career/Professional, Physical Health",Career Success and Fulfillment,Well don't ask me how I would kill myself in 10 different ways rather than providing a suicide hotline.,6,2,0,2,2,0,0,2,0,0,2,6,Medium,Normal,0.19107302342918903,Outlier,-4885614622.224246,Normal,1.37635876002427,1,Moderate Outlier
2024-05-09 23:15:11.261,pragatibarshi@gmail.com,21,Female,KLS Gogte Institute of Technology ,B.E / B.Tech,4 and above,"Greater than 50,000",Family,Hindu,Gujarati ,Ambivert,Greater than 20,"Sleeping , travelling , eating etc.,",,Heterosexual or straight,Business owner/Entrepreneur,House wife,One,Religious,Two parents,Yes,Yes,No,Maybe,Yes,0,0,0,0,0,0,2,0,0,0,0,0,0,0,0,0,0,1,0,0,0,0,0,0,0,Family member(s),Friend(s),Family member(s),No,"Career/Professional, Relationships (Family, Friends, Romantic), Physical Health, Mental Health/Well-being, Financial Stability, Personal Development/Growth",Good Physical Health and Well-being,"Strong Social Support Networks, Education and Awareness Programs, Positive Parental or Guardian Relationships, Opportunities for Recreational Activities and Hobbies, Community Engagement and Volunteerism",3,0,1,1,2,2,2,2,0,0,2,4,Medium,Normal,0.18526851723894444,Normal,-9.895779955063343,Normal,0.4462513222163893,0,Normal
2024-05-09 23:45:06.286,vaibhavichougala.1626@gmail.com,20,Female,"KLS Gogte Institute of Technology, Belgavi",B.E / B.Tech,4 and above,"20,000 to 30,000",Hostel / PG,Jain,Digambar Jain,Ambivert,5-10,"Sketching, reading",Alcohol,Heterosexual or straight,Government employee,House wife,One,Religious,Two parents,No,No,Yes,Yes,Maybe,0,0,0,0,0,0,1,1,0,0,0,0,0,0,0,1,0,1,0,0,0,0,0,0,0,Religious or spiritual leader,Religious or spiritual leader,My loved ones ,No,"Career/Professional, Relationships (Family, Friends, Romantic), Physical Health, Mental Health/Well-being, Financial Stability, Personal Development/Growth",Good Physical Health and Well-being,"Access to Mental Health Services, Strong Social Support Networks, Reduced Stigma Surrounding Mental Health, Positive Parental or Guardian Relationships",4,2,2,4,0,0,2,0,0,0,0,10,Medium,Normal,0.19542062673838972,Normal,-0.9957782636082306,Normal,1.2287072654077509,0,Normal
2024-05-10 12:19:43.253,rajatrajat9613@gmail.com,20,Male,KLS Gogte Institute of technology ,B.E / B.Tech,4 and above,"20,000 to 30,000",Hostel / PG,Hindu,Bhavsar kshatriya ,Ambivert,Less than 5,sports,,Heterosexual or straight,Retired,House wife,One,Spiritual but not religious,Two parents,No,No,No,Yes,Yes,0,0,0,0,0,0,0,0,0,0,0,0,1,1,0,1,0,1,0,0,0,0,0,0,0,"i never prefer taking support from anyone, fortunately i concious and enlighten enough to manage and channelize my thoughts.",at this point of time i would prefer being alone and let the thoughts pass on and i personally believe that we should not rely on anyone for our happiness or sorrow and should be self sustaining to handle these kind of thoughts.,Family member(s),No,"Career/Professional, Financial Stability, Personal Development/Growth",i believe that all the aspects mentioned above are equally important in our life and trying attain the state of fulfillment in all these aspects is the journey of life though we can't achieve.,"Access to Mental Health Services, Strong Social Support Networks, Effective Coping Skills Training, Education and Awareness Programs, Positive Parental or Guardian Relationships, Supportive School Environments, Opportunities for Recreational Activities and Hobbies, Community Engagement and Volunteerism",4,3,2,5,0,0,2,2,0,0,2,9,Medium,Normal,0.19429214688135255,Normal,-1.0105301053501852,Normal,0.7644574737222305,0,Normal
2024-05-10 16:37:21.556,mallikarjunhiremath0011@gmail.com,21,Male,KLS GOGTE INSTITUTE OF TECHNOLOGY ,B.E / B.Tech,3,"30,000 to 40,000",Hostel / PG,Hindu,Hindu Lingayat jangam,Introvert,10-20,"Traveling , Driving, Bike riding, playing cricket ",,Heterosexual or straight,Private sector employee,House wife,,Religious,,No,No,Yes,Yes,Maybe,1,0,0,0,0,0,2,0,0,0,0,0,0,0,0,0,0,0,0,0,0,0,0,0,0,Friend(s),Friend(s),Family member(s),No,"Career/Professional, Relationships (Family, Friends, Romantic), Physical Health, Mental Health/Well-being, Financial Stability, Personal Development/Growth",Positive Mental Health and Emotional Balance,"Strong Social Support Networks, Positive Parental or Guardian Relationships, Supportive School Environments, Opportunities for Recreational Activities and Hobbies",3,1,2,3,0,0,2,2,0,0,2,6,Medium,Normal,0.19065556591828042,Normal,-1.141596748159889,Normal,0.6013090783812176,0,Normal
2024-05-10 17:49:11.449,shashwathsshetty15@gmail.com,22,Male,Rv institute of management ,MBA,4 and above,"Greater than 50,000",Family,Hindu,Bunts,Extrovert,5-10,Watching Movies and series,,Heterosexual or straight,Laborer/Blue-collar worker,House wife,One,Religious,,No,No,Yes,No,No,0,0,0,0,0,0,0,0,0,0,0,0,0,0,0,0,0,5,0,0,0,0,4,0,0,Friend(s),Friend(s),Friend(s),No,"Career/Professional, Mental Health/Well-being, Financial Stability",Career Success and Fulfillment,"Access to Mental Health Services, Strong Social Support Networks, Reduced Stigma Surrounding Mental Health, Positive Parental or Guardian Relationships, Supportive School Environments, Opportunities for Recreational Activities and Hobbies",9,2,0,2,0,0,2,0,2,0,2,11,Medium,Normal,0.14540884566173762,Normal,-2.8286399988213824,Normal,0.000451541130106925,0,Normal
2024-05-12 22:28:49.545,bhaghegde@gmail.com,22,Male,College of Horticulture Sirsi ,Bsc Hons Horticulture ,4 and above,"Greater than 50,000",Family,Hindu,Brahmin,Extrovert,Less than 5,Badminton ,,Heterosexual or straight,Farmer,House wife,One,Religious,Two parents,No,No,No,No,No,0,0,0,0,0,0,0,0,0,0,0,0,0,0,0,0,0,0,0,0,0,0,0,0,0,Family member(s),Family member(s),Family member(s),No,"Career/Professional, Relationships (Family, Friends, Romantic), Physical Health, Mental Health/Well-being, Financial Stability, Personal Development/Growth",Career Success and Fulfillment,Education and Awareness Programs,0,3,0,3,0,0,2,2,0,0,2,3,Medium,Normal,0.25612827643167974,Normal,-1.0,Normal,0.7322037115749263,0,Normal
2024-05-12 22:29:48.274,venkatramanhegde613@gmail.com,22,Male,College of Horticulture Sirsi,BSc ,4 and above,"Greater than 50,000",Hostel / PG,Hindu,Havyaka Brahmin,Introvert,Less than 5,Bird watching,,Heterosexual or straight,Farmer,House wife,,Religious,Two parents,No,No,No,No,No,0,0,0,0,0,0,0,0,0,0,0,0,0,0,0,0,0,0,0,0,0,0,0,0,0,Family member(s),Family member(s),Family member(s),No,Career/Professional,Positive Mental Health and Emotional Balance,Education and Awareness Programs,0,3,0,3,0,0,2,2,0,0,2,3,Medium,Normal,0.25612827643167974,Normal,-1.0,Normal,0.7322037115749263,0,Normal
2024-05-12 22:34:26.990,surajhn112@gmail.com,21,Male,"COLLEGE OF HORTICULTURE,SIRSI ",BSC Horticulture ,4 and above,"10,000 to 20,000",Family,Hindu,SC ,Introvert,Greater than 20,Play ,,Heterosexual or straight,Private sector employee,Laborer/Blue-collar worker,One,Religious,Two parents,No,No,Yes,Yes,No,0,0,0,0,0,0,0,0,0,0,0,0,0,0,0,0,0,0,0,0,0,0,0,0,0,Myself ,Nobody ,Nobody ,No,Personal Development/Growth,Good Physical Health and Well-being,"Access to Mental Health Services, Strong Social Support Networks, Effective Coping Skills Training, Education and Awareness Programs, Reduced Stigma Surrounding Mental Health, Positive Parental or Guardian Relationships, Supportive School Environments, Opportunities for Recreational Activities and Hobbies, Community Engagement and Volunteerism",0,0,2,2,0,0,2,0,0,0,0,4,Medium,Normal,0.2321399757588486,Normal,-0.997287529558991,Normal,0.539930125263957,0,Normal
2024-05-12 22:35:29.537,lovelykrish583@gmail.com,22,Male,COHS sirsi UK,Bsc horticulture ,4 and above,"10,000 to 20,000",Lonely,Prefer not to say,Human cast,Introvert,Less than 5,Anything ,,Heterosexual or straight,Government employee,House manager ,Two,Spiritual but not religious,Two parents,Maybe,Maybe,Yes,Yes,Yes,6,6,6,5,6,6,6,6,0,6,6,4,6,6,6,6,6,0,0,3,6,6,6,6,6,Myself ,1 St myself then family ,Family member(s),No,"Career/Professional, Physical Health, Financial Stability, Personal Development/Growth",Personal Growth and Development,"Access to Mental Health Services, Strong Social Support Networks, Positive Parental or Guardian Relationships, Supportive School Environments, Community Engagement and Volunteerism",126,3,2,5,1,1,2,2,0,0,2,131,High,Outlier,-0.062074142815340516,Normal,-1.4302512440056456,Outlier,-1.346508703757285,2,Critical Outlier
2024-05-12 22:37:20.434,rakshitadurgappanaik@gmail.com,20,Female,College of Horticulture Sirsi ,BSc (Hons) Horticulture ,4 and above,"20,000 to 30,000",Family,Hindu,Hindu Namadhari,Extrovert,10-20,Sports ,,Heterosexual or straight,Farmer,House wife,Two,Agnostic (unsure about the existence of a higher power),Two parents,No,No,No,No,No,1,0,0,0,0,0,1,0,0,0,0,0,0,0,0,0,0,0,0,0,0,0,0,0,0,Family member(s),Family member(s),Family member(s),No,Physical Health,Career Success and Fulfillment,"Effective Coping Skills Training, Positive Parental or Guardian Relationships, Opportunities for Recreational Activities and Hobbies",2,1,0,1,0,0,2,2,0,0,2,3,Medium,Normal,0.2283550928891424,Outlier,-4375592407.406965,Normal,0.8591909305253154,1,Moderate Outlier
2024-05-12 22:53:34.954,shreelakshmikv9900@gmail.com,21,Female,"College of Horticulture, Sirsi ",B.Sc Horticulture ,4 and above,"20,000 to 30,000",Hostel / PG,Hindu,Aryavysya,Ambivert,5-10,Singing ,,Heterosexual or straight,Farmer,House wife,Two,Religious,Two parents,No,No,Yes,Yes,No,0,0,0,0,0,0,1,0,0,0,0,0,0,0,0,0,0,0,0,0,0,0,0,0,0,Friend(s),Family member(s),Family member(s),No,"Career/Professional, Physical Health, Financial Stability, Personal Development/Growth",Positive Mental Health and Emotional Balance,"Access to Mental Health Services, Strong Social Support Networks, Reduced Stigma Surrounding Mental Health, Positive Parental or Guardian Relationships",1,2,2,4,0,0,2,2,0,0,2,5,Medium,Normal,0.22903010096105286,Normal,-0.991684963992052,Normal,0.8968971657868536,0,Normal
2024-05-12 22:55:41.051,pratikkukanoor@gmail.com,21,Male,"College of Horticulture, Sirsi",BSc (Hons) Horticulture ,4 and above,"Greater than 50,000",Family,Hindu,SC,Introvert,Greater than 20,Playing Cricket ,,Heterosexual or straight,Government employee,House wife,One,Religious,Two parents,No,No,No,No,No,0,0,0,0,0,0,0,0,0,0,0,0,0,0,0,0,0,0,0,0,0,0,0,0,0,Family member(s),Friend(s),Family member(s),No,"Career/Professional, Relationships (Family, Friends, Romantic), Physical Health, Mental Health/Well-being, Financial Stability, Personal Development/Growth",Career Success and Fulfillment,"Access to Mental Health Services, Strong Social Support Networks, Effective Coping Skills Training, Education and Awareness Programs, Reduced Stigma Surrounding Mental Health, Positive Parental or Guardian Relationships, Supportive School Environments, Opportunities for Recreational Activities and Hobbies, Community Engagement and Volunteerism",0,0,0,0,0,0,2,2,0,0,2,0,Low,Normal,0.27787774594736653,Normal,-1.0,Normal,0.5930094755188309,0,Normal
2024-05-13 06:22:14.328,metagudda73@gmail.com,21,Male,College of Horticulture Sirsi ,BSc Horticulture ,4 and above,"Less than 10,000",Hostel / PG,Hindu,Lingayat ,Ambivert,Greater than 20,Not Yet any to Say,"Alcohol, Tobacco",Heterosexual or straight,Farmer,House wife,One,Spiritual but not religious,Two parents,No,No,Yes,No,No,0,0,0,0,0,0,0,0,0,0,0,0,0,0,0,0,0,0,0,0,0,0,0,0,0,Friend(s),Friend(s),Family member(s),Yes,"Career/Professional, Relationships (Family, Friends, Romantic), Physical Health, Mental Health/Well-being, Financial Stability, Personal Development/Growth",Positive Mental Health and Emotional Balance,"Education and Awareness Programs, Positive Parental or Guardian Relationships, Supportive School Environments, Opportunities for Recreational Activities and Hobbies, Community Engagement and Volunteerism",0,0,0,0,0,0,2,2,0,2,4,-2,Low,Normal,0.27035232890815797,Normal,-25423049.789011676,Normal,0.5778569246552383,0,Normal
2024-05-23 11:53:07.442,ssrivenkateshkumar1@gmail.com,Above 24,Male,ISBR business school ,PGBA,3,"40,000 to 50,000",Family,Hindu,24 Manai telugu chettiyar,Introvert,Less than 5,Travelling.,,Heterosexual or straight,No more,House wife,One,Religious,Two parents,Yes,No,No,No,Yes,2,0,0,0,0,0,1,2,1,2,1,1,1,2,0,2,1,2,3,1,3,2,1,1,0,Family member(s),Family member(s),Family member(s),No,"Career/Professional, Relationships (Family, Friends, Romantic), Physical Health, Mental Health/Well-being, Financial Stability, Personal Development/Growth",Career Success and Fulfillment,"Strong Social Support Networks, Education and Awareness Programs",29,3,0,3,2,0,0,2,0,0,2,30,High,Normal,0.07323006011310129,Normal,-1.473555920920203,Normal,2.940145851402315,0,Normal
2024-05-23 20:01:56.797,amrutha.chaitra@gmail.com,Above 24,Female,VC PU,M.Tech,4 and above,"Greater than 50,000",Family,Hindu,Brahmin ,Extrovert,Greater than 20,Painting and gardening ,,Bisexual,Business owner/Entrepreneur,Business owner/Entrepreneur,One,Religious,One parent,Yes,No,Yes,Yes,Yes,3,3,3,3,3,3,3,3,3,3,3,3,3,3,3,3,3,3,3,3,3,3,3,3,3,Family member(s),Family member(s),Partner/Spouse,Yes,"Career/Professional, Relationships (Family, Friends, Romantic), Physical Health, Mental Health/Well-being, Financial Stability, Personal Development/Growth",Personal Growth and Development,"Access to Mental Health Services, Strong Social Support Networks, Positive Parental or Guardian Relationships, Supportive School Environments, Community Engagement and Volunteerism",75,0,2,2,2,0,0,0,0,2,2,75,High,Normal,0.05082142818212043,Normal,-1.0234591051687214,Normal,2.5174647291915964,0,Normal
2024-05-29 11:17:20.854,shashankhmshashu@gmail.com,22,Male,Jss science and technology ,MBA,4 and above,"30,000 to 40,000",Room,Hindu,III(B),Extrovert,Greater than 20,Playing games and bike riding,Alcohol,,Farmer,House wife,One,Atheist (do not believe in the existence of a higher power),,No,Yes,No,Yes,Maybe,0,0,0,0,0,0,0,0,0,0,0,0,0,0,0,0,0,0,0,0,0,0,0,0,0,Friend(s),Friend(s),Friend(s),No,"Relationships (Family, Friends, Romantic)",Personal Growth and Development,Positive Parental or Guardian Relationships,0,0,2,2,0,2,4,0,2,0,2,4,Medium,Normal,0.2321399757588486,Normal,-0.997287529558991,Normal,0.539930125263957,0,Normal
2024-05-29 11:17:32.561,chinnurocky04@gmail.com,23,Male,JSS CMS,MBA,4 and above,"Greater than 50,000",Hostel / PG,Hindu,Vokkaliga ,Extrovert,Greater than 20,Playing sports music movies bike ride ,,,Government employee,Government employee,,Spiritual but not religious,,Maybe,Yes,Maybe,No,Maybe,0,0,0,0,0,0,0,0,0,0,0,0,0,0,0,0,0,0,0,0,0,0,0,0,0,Family member(s),Family member(s),Family member(s),No,Career/Professional,Financial Security and Stability,Access to Mental Health Services,0,0,0,0,1,2,3,2,0,0,2,1,Low,Normal,0.277604279474793,Normal,-221950390.64037585,Normal,0.600056000813102,0,Normal
2024-05-29 11:18:14.383,hunain1204@gmail.com,22,Male,JSS CMS MYSORE ,MBA,4 and above,"Greater than 50,000",Family,Muslim,ISLAM (MUSLIM),Extrovert,Greater than 20,"Watching anime, Playing online games, cricket ",,,Business owner/Entrepreneur,House wife,Two,Religious,Two parents,Maybe,No,Maybe,Yes,Yes,1,0,0,0,0,0,1,0,0,0,0,0,0,0,0,0,0,0,0,0,0,0,1,0,0,Religious or spiritual leader,Family member(s),Family member(s),No,"Career/Professional, Relationships (Family, Friends, Romantic), Physical Health, Personal Development/Growth",Career Success and Fulfillment,Education and Awareness Programs,3,0,2,2,1,0,1,2,0,0,2,4,Medium,Normal,0.1976463812946309,Normal,-1.002590071416647,Normal,0.9726232432679041,0,Normal
2024-05-29 11:18:20.472,syednahidparvez786@gmail.com,21,Male,JSS CMS,MBA,4 and above,"Greater than 50,000",Family,Muslim,Sunni,Introvert,5-10,Gym,,,Travel agency,House wife,One,Religious,Two parents,No,No,No,No,No,0,0,0,0,0,0,0,0,0,0,0,0,0,0,0,0,0,0,0,0,0,0,0,0,0,Friend(s),Family member(s),Family member(s),No,"Career/Professional, Relationships (Family, Friends, Romantic), Physical Health, Financial Stability, Personal Development/Growth",Financial Security and Stability,Strong Social Support Networks,0,2,0,2,0,0,2,2,0,0,2,2,Low,Normal,0.2717792342701301,Normal,-1.0,Normal,1.1062082140844476,0,Normal
2024-05-29 11:19:01.893,puneethrp18@gmail.com,23,Male,Jss centre for management studies Mysore ,MBA,4 and above,"40,000 to 50,000",Family,Hindu,Lingayatha,Extrovert,10-20,Playing cricket scrolling mobile phone ,,,Business owner/Entrepreneur,House wife,One,Religious,One parent,Yes,No,No,Yes,No,0,0,0,0,0,0,1,0,0,0,0,0,0,0,0,0,0,0,0,0,0,0,0,0,0,Family member(s),Friend(s),Family member(s),No,"Career/Professional, Relationships (Family, Friends, Romantic), Physical Health",Strong and Healthy Relationships,"Access to Mental Health Services, Strong Social Support Networks, Positive Parental or Guardian Relationships, Opportunities for Recreational Activities and Hobbies, Community Engagement and Volunteerism",1,1,2,3,2,0,0,2,0,0,2,2,Low,Normal,0.20391243171901252,Normal,-1.0950152145113596,Normal,0.39256890572318826,0,Normal
2024-05-29 11:19:02.439,nayana.dayanand577@gmail.com,21,Female,Jss cms,MBA,3,"20,000 to 30,000",Family,Hindu,Ezhavaz ,Ambivert,Less than 5,"Chess, dance",,,Business owner/Entrepreneur,Private sector employee,,Religious,Two parents,No,Yes,Yes,Yes,Yes,3,1,0,0,0,0,6,6,4,4,0,0,0,4,0,0,1,1,1,1,1,1,6,0,0,Family member(s),Family member(s),Family member(s),No,"Relationships (Family, Friends, Romantic), Physical Health, Mental Health/Well-being, Financial Stability, Personal Development/Growth",Strong and Healthy Relationships,"Positive Parental or Guardian Relationships, Opportunities for Recreational Activities and Hobbies",40,3,2,5,0,2,4,2,0,0,2,47,High,Outlier,-0.00972376735885827,Normal,-1.369331420182982,Normal,5.753675014119608e-05,1,Moderate Outlier
2024-05-29 11:19:06.777,harshitha.athreya@gmail.com,22,Female,JSS CMS MYSORE ,MBA,3,"Greater than 50,000",Family,Hindu,Brahmins ,Extrovert,Greater than 20,Singing ,,,Government employee,House wife,,Religious,Two parents,No,No,Maybe,Maybe,Maybe,1,0,0,0,0,0,0,0,1,0,0,0,1,1,0,0,2,2,1,0,0,1,0,0,0,Friend(s),Friend(s),Friend(s),No,Career/Professional,Career Success and Fulfillment,Strong Social Support Networks,10,0,1,1,0,0,2,0,2,0,2,11,Medium,Normal,0.08209857027078848,Normal,-14.242008645602795,Normal,0.72671725426056,0,Normal
2024-05-29 11:19:53.376,deepthirajput49@gmail.com,22,Female,"JSSCMS, Mysore ",MBA,4 and above,"30,000 to 40,000",Family,Hindu,General ,Extrovert,Greater than 20,Cooking ,,,Retired,House wife,One,Religious,Two parents,No,No,Maybe,Maybe,No,0,0,1,0,0,0,0,0,0,0,0,1,0,0,0,0,0,0,0,0,0,1,0,0,0,Friend(s),Friend(s),Family member(s),No,Career/Professional,Career Success and Fulfillment,Access to Mental Health Services,3,0,1,1,0,0,2,2,0,0,2,4,Medium,Normal,0.19696497037442173,Normal,-5.17057299377274,Normal,0.2718556582785703,0,Normal
2024-05-29 11:20:09.887,sakeenasyed456@gmail.com,21,Female,Jss cms ,MBA,4 and above,"30,000 to 40,000",Family,Muslim,Muslim ,Extrovert,5-10,Listening music ,,,Business owner/Entrepreneur,House wife,One,Religious,Two parents,No,No,No,Maybe,No,0,0,0,0,0,0,1,0,0,0,0,0,0,0,0,0,0,0,1,0,0,0,0,0,0,Family member(s),Friend(s),Family member(s),No,Career/Professional,Positive Mental Health and Emotional Balance,Access to Mental Health Services,2,2,1,3,0,0,2,2,0,0,2,5,Medium,Normal,0.20806340832816095,Normal,-0.9929909815974961,Normal,0.695194409090556,0,Normal
2024-05-29 11:20:15.267,sachisachin322@gmail.com,22,Male,JSSCMS,MBA,4 and above,"20,000 to 30,000",Hostel / PG,Hindu,SC,Extrovert,Greater than 20,Playing football,,,Farmer,House wife,Three,Religious,Two parents,No,No,Yes,No,No,0,0,0,0,0,0,0,0,0,0,0,0,0,0,0,0,0,0,0,0,0,0,0,0,0,Friend(s),Friend(s),Friend(s),No,Career/Professional,Career Success and Fulfillment,"Access to Mental Health Services, Education and Awareness Programs, Supportive School Environments",0,0,0,0,0,0,2,0,2,0,2,0,Low,Normal,0.27787774594736653,Normal,-1.0,Normal,0.5930094755188309,0,Normal
2024-05-29 11:20:27.318,mnopqrstuv0516@gmail.com,22,Male,JC,MBA,3,"Less than 10,000",Family,Hindu,Okkaliga gowda,Extrovert,Less than 5,Being cool in any situation ,,,Business owner/Entrepreneur,House wife,,Religious,Two parents,Maybe,Yes,No,Yes,Maybe,0,0,0,0,0,0,0,0,0,0,0,0,0,0,0,0,0,0,0,0,0,0,0,0,0,Friend(s),Friend(s),Partner/Spouse,No,"Career/Professional, Relationships (Family, Friends, Romantic), Physical Health, Mental Health/Well-being, Financial Stability, Personal Development/Growth",Career Success and Fulfillment,Strong Social Support Networks,0,3,2,5,1,2,3,0,0,0,0,8,Medium,Normal,0.2243820267402823,Normal,-0.9975825563158199,Normal,0.45772638282917555,0,Normal
2024-05-29 11:20:53.075,shriyanka.coffee@gmail.com,22,Female,"JSS CMS, MYSORE",MBA,4 and above,"30,000 to 40,000",Family,Hindu,Lingayath,Introvert,Less than 5,"Reading books, listening music, photography ",Alcohol,,Planter,House wife,One,Religious,Two parents,Yes,Yes,Maybe,Yes,Maybe,0,0,0,0,0,0,0,0,0,0,0,0,0,0,0,0,0,0,0,0,0,0,0,0,0,Friend(s),Friend(s),Friend(s),No,"Career/Professional, Financial Stability, Personal Development/Growth",Strong and Healthy Relationships,"Access to Mental Health Services, Strong Social Support Networks, Positive Parental or Guardian Relationships, Supportive School Environments",0,3,2,5,2,2,2,0,2,0,2,5,Medium,Normal,0.22589027441623966,Normal,-0.9971627588120511,Normal,0.44064961983148754,0,Normal
2024-05-29 11:20:53.798,sathvikmadhavan@gmail.com,22,Male,JSSCMS,MBA,4 and above,"20,000 to 30,000",Family,Hindu,Ediga,Introvert,Less than 5,"Cricket, cooking, photography, movies ",,,Electrition,House wife,One,Religious,Two parents,Yes,No,Maybe,Yes,Maybe,0,0,0,0,0,0,0,0,0,0,0,0,0,0,0,0,0,0,0,0,0,0,0,0,0,Friend(s),Friend(s),Friend(s),No,"Career/Professional, Financial Stability",Positive Mental Health and Emotional Balance,"Access to Mental Health Services, Strong Social Support Networks, Positive Parental or Guardian Relationships, Supportive School Environments",0,3,2,5,2,0,0,0,2,0,2,3,Medium,Normal,0.22163673815084567,Normal,-0.9966085334109944,Normal,0.42754196830370716,0,Normal
2024-05-29 11:21:16.836,yashumsyashu059@gmail.com,21,Male,Jss science and technology University ,MBA,3,"Greater than 50,000",Family,Hindu,Veerashaiva Lingayat ,Introvert,Greater than 20,Play cricket ,,,Farmer,House wife,,Religious,Two parents,No,No,No,No,No,0,0,0,0,0,0,0,0,0,0,0,0,0,0,0,0,0,0,0,0,0,0,0,0,0,Family member(s),Family member(s),Family member(s),No,Career/Professional,Career Success and Fulfillment,Strong Social Support Networks,0,0,0,0,0,0,2,2,0,0,2,0,Low,Normal,0.27787774594736653,Normal,-1.0,Normal,0.5930094755188309,0,Normal
2024-05-29 11:21:38.945,sheshanknaidukr@gmail.com,21,Male,JSS science and technology University Mysore ,MBA,4 and above,"20,000 to 30,000",Family,Hindu,Kamma,Ambivert,Greater than 20,"Riding bike, cooking, reading books",Alcohol,,Business owner/Entrepreneur,House wife,One,Religious,,Maybe,No,Yes,Yes,No,0,0,0,0,0,0,1,2,0,0,0,0,0,0,0,1,0,3,4,0,0,0,0,0,0,Friend(s),Friend(s),Friend(s),No,"Career/Professional, Relationships (Family, Friends, Romantic), Physical Health, Mental Health/Well-being, Financial Stability, Personal Development/Growth",Strong and Healthy Relationships,"Access to Mental Health Services, Strong Social Support Networks, Education and Awareness Programs, Positive Parental or Guardian Relationships, Supportive School Environments, Opportunities for Recreational Activities and Hobbies, Community Engagement and Volunteerism",11,0,2,2,1,0,1,0,2,0,2,12,High,Normal,0.09907037774027372,Normal,-2.0218179571535346,Normal,0.35995577270575563,0,Normal
2024-05-29 11:21:52.744,youjayanth@gmail.com,24,Male,JSS CMS,MBA,4 and above,"40,000 to 50,000",Family,Hindu,Lingayath ,Extrovert,Greater than 20,Riding bike ,,,Business owner/Entrepreneur,House wife,One,Religious,Two parents,No,No,Maybe,Maybe,Maybe,0,0,0,0,0,0,0,0,0,0,0,0,0,0,0,0,0,0,0,0,0,0,0,0,0,Friend(s),Friend(s),Friend(s),No,Career/Professional,Career Success and Fulfillment,"Access to Mental Health Services, Strong Social Support Networks, Education and Awareness Programs, Reduced Stigma Surrounding Mental Health, Positive Parental or Guardian Relationships",0,0,1,1,0,0,2,0,2,0,2,1,Low,Normal,0.23876818003799066,Normal,-1.002552227406325,Normal,0.1565796972153919,0,Normal
2024-05-29 11:22:04.832,durusraj@gmail.com,21,Female,JSS CMS,MBA,4 and above,"Greater than 50,000",Family,Hindu,SC,Ambivert,5-10,Cooking ,,,Government employee,House wife,One,Spiritual but not religious,Two parents,No,No,No,Yes,Yes,0,1,1,0,0,1,2,1,0,1,1,0,0,0,1,1,1,0,2,1,0,1,0,0,0,Friend(s),Friend(s),Family member(s),No,"Career/Professional, Personal Development/Growth",Personal Growth and Development,"Strong Social Support Networks, Education and Awareness Programs, Positive Parental or Guardian Relationships",15,2,2,4,0,0,2,2,0,0,2,19,High,Normal,0.11183420109202269,Normal,-1.5527647412232353,Normal,1.7568606613423539,0,Normal
2024-05-29 11:22:18.064,ananyaveda215@gmail.com,23,Female,JSSCMS,MBA,3,"Less than 10,000",Family,Hindu,Namadhari gowda,Ambivert,10-20,"Traveling, carrom",,,Farmer,House wife,One,Religious,One parent,No,No,Maybe,Maybe,Maybe,1,0,0,0,0,0,1,0,0,0,0,0,0,0,0,0,0,0,0,1,0,0,0,0,0,Family member(s),Family member(s),Family member(s),No,"Career/Professional, Financial Stability",Good Physical Health and Well-being,"Access to Mental Health Services, Supportive School Environments",3,1,1,2,0,0,2,2,0,0,2,5,Medium,Normal,0.16186656065238103,Normal,-1.0189209361762948,Normal,0.3836946039155378,0,Normal
2024-05-29 11:22:22.510,arunkumarshaiva8@gmail.com,22,Male,JSS SCIENCE AND TECHNOLOGY UNIVERSITY ,MBA,4 and above,"10,000 to 20,000",Hostel / PG,Hindu,Lingayatha ,Introvert,Less than 5,Join in good company ,,,Private sector employee,House wife,One,Spiritual but not religious,Two parents,No,No,No,Yes,No,0,0,0,0,0,0,1,0,0,0,0,0,0,0,0,0,0,0,0,0,0,0,0,0,0,Family member(s),Family member(s),Friend(s),No,"Physical Health, Financial Stability",Career Success and Fulfillment,Effective Coping Skills Training,1,3,2,5,0,0,2,0,2,0,2,6,Medium,Normal,0.2155143983416421,Normal,-0.9825155518792391,Normal,0.6238522995943949,0,Normal
2024-05-29 11:22:29.625,9900599005m@gmail.com,24,Male,JSS cms ,MBA,4 and above,"10,000 to 20,000",Family,Hindu,Lingayath ,Introvert,Greater than 20,Gym,,,Business owner/Entrepreneur,House wife,One,Religious,Two parents,No,Yes,No,No,No,0,0,0,0,0,0,0,0,0,0,0,0,0,0,0,0,0,0,0,0,0,0,0,0,0,Friend(s),Friend(s),Family member(s),No,Career/Professional,Good Physical Health and Well-being,"Access to Mental Health Services, ",0,0,0,0,0,2,4,2,0,0,2,2,Low,Normal,0.27695842817694377,Normal,-1.0593969467184805,Normal,0.6067468206321784,0,Normal
2024-05-29 11:22:42.079,brijeshkkeishnaj@gmail.com,22,Male,Jss cms,MBA,4 and above,"Less than 10,000",Family,Hindu,Bester ,Extrovert,Greater than 20,Bike riding ,,,Business owner/Entrepreneur,House wife,One,Religious,Two parents,No,Yes,No,No,No,0,0,0,0,0,0,0,0,0,0,0,0,0,0,0,0,0,0,0,0,0,0,0,0,0,Family member(s),Friend(s),Family member(s),Maybe,"Career/Professional, Relationships (Family, Friends, Romantic)",Strong and Healthy Relationships,Positive Parental or Guardian Relationships,0,0,0,0,0,2,4,2,0,1,3,1,Low,Normal,0.277604279474793,Normal,-221950390.64037585,Normal,0.600056000813102,0,Normal
2024-05-29 11:22:42.922,varunns2001@gmail.com,21,Male,JSS ,MBA,4 and above,"Greater than 50,000",Family,Hindu,Lingayat ,Extrovert,Greater than 20,Playing Tennis ,,,Business owner/Entrepreneur,House wife,Three,Atheist (do not believe in the existence of a higher power),Two parents,No,No,No,Maybe,Maybe,0,0,0,0,0,0,0,0,0,0,0,0,0,0,0,0,0,0,0,0,0,0,0,0,0,Family member(s),Family member(s),Family member(s),Maybe,Career/Professional,Career Success and Fulfillment,Access to Mental Health Services,0,0,1,1,0,0,2,2,0,1,3,0,Low,Normal,0.23626574680961643,Normal,-1.015063962358201,Normal,0.150210234501452,0,Normal
2024-05-29 11:22:47.887,sameer24042002@gmail.com,22,Male,JSSCMS,MBA,4 and above,"Greater than 50,000",Family,Prefer not to say,Prefer not to say ,Ambivert,Less than 5,Playing badminton ,,,Government employee,House wife,One,Religious,,No,No,No,No,No,0,0,0,0,0,0,0,0,0,0,0,0,0,0,0,0,0,0,0,0,0,0,0,0,0,Family member(s),Family member(s),Family member(s),No,Financial Stability,Work-Life Balance,"Opportunities for Recreational Activities and Hobbies, Community Engagement and Volunteerism",0,3,0,3,0,0,2,2,0,0,2,3,Medium,Normal,0.25612827643167974,Normal,-1.0,Normal,0.7322037115749263,0,Normal
2024-05-29 11:22:50.457,bhavithgowda270@gmail.com,21,Male,Jss Cms ,MBA,3,"Less than 10,000",Family,Hindu,Okkaliga Gowda,Introvert,Greater than 20,"Playing Volleyball, Cricket, Running, Cooking ",,,Farmer,House wife,One,Religious,One parent,No,Yes,No,No,No,0,0,0,0,0,0,0,0,0,1,0,0,0,0,0,1,0,1,0,0,0,1,0,0,0,Friend(s),Friend(s),Friend(s),No,"Career/Professional, Relationships (Family, Friends, Romantic), Physical Health, Mental Health/Well-being, Financial Stability, Personal Development/Growth",Financial Security and Stability,Community Engagement and Volunteerism,4,0,0,0,0,2,4,0,2,0,2,6,Medium,Normal,0.19474247336877104,Normal,-25.195498775041756,Normal,0.922334130449685,0,Normal
2024-05-29 11:22:55.970,sahanatalavadi@gmail.com,21,Female,Sri jayachandra college of engineering ,MBA,4 and above,"Greater than 50,000",Family,Hindu,3B,Ambivert,10-20,"Reading books, watching movies & chatting with friends and families ",,,Government employee,House wife,One,Religious,Two parents,No,No,No,No,No,0,0,0,0,0,0,0,0,0,0,0,0,0,0,0,0,0,0,0,0,0,0,0,0,0,Family member(s),Family member(s),Family member(s),No,Career/Professional,Career Success and Fulfillment,Positive Parental or Guardian Relationships,0,1,0,1,0,0,2,2,0,0,2,1,Low,Normal,0.26039187238892075,Normal,-1.0,Normal,0.5603940349488337,0,Normal
2024-05-29 11:22:58.930,kushalakushikusu@email.com,22,Female,JSS CMS ,MBA,4 and above,"40,000 to 50,000",Family,Hindu,Veerashaiva lingayat,Extrovert,5-10,Cooking ,,,Business owner/Entrepreneur,Private sector employee,One,Spiritual but not religious,Two parents,No,No,No,Yes,Yes,0,0,0,0,0,0,1,1,1,2,1,2,1,1,1,1,1,1,1,2,1,1,1,1,1,Friend(s),Family member(s),Family member(s),No,Mental Health/Well-being,Career Success and Fulfillment,Strong Social Support Networks,22,2,2,4,0,0,2,2,0,0,2,26,High,Normal,0.10637880450449855,Normal,-1.5683135027321207,Normal,2.422106458197483,0,Normal
2024-05-29 11:23:19.969,sdhyan080@gmail.com,22,Male,JSSCMS,MBA,2,"Greater than 50,000",Family,Hindu,SC,Ambivert,Less than 5,"Riding motorcycles, Playing Games","Alcohol, Tobacco",,Retired,House wife,,Spiritual but not religious,One parent,No,Yes,Maybe,Yes,Maybe,3,1,1,1,1,1,5,1,2,1,1,2,1,3,1,1,1,1,2,2,1,1,2,1,1,Nobody ,Family member(s),Family member(s),No,Career/Professional,Work-Life Balance,"Access to Mental Health Services, Positive Parental or Guardian Relationships, Opportunities for Recreational Activities and Hobbies",38,3,2,5,0,2,4,2,0,0,2,45,High,Normal,0.044941723851927406,Normal,-1.4121734732524303,Normal,2.188157829578649,0,Normal
2024-05-29 11:23:22.422,vagishr7@gmail.com,23,Male,"JSS CMS, Mysuru",MBA,2,"Greater than 50,000",Family,Hindu,Vishwakarma ,Extrovert,5-10,"Watching TV, Gym workout, Music ","Alcohol, Tobacco, Marijuana",,Expired ,Government employee,,Spiritual but not religious,One parent,Maybe,Yes,No,Yes,Yes,0,0,1,0,0,0,1,1,0,0,0,0,0,0,0,1,0,1,0,0,0,0,0,0,0,Self ,Friend(s),Friend(s),No,"Career/Professional, Relationships (Family, Friends, Romantic), Physical Health, Financial Stability, Personal Development/Growth",All of the above ,Reduced Stigma Surrounding Mental Health,5,2,2,4,1,2,3,0,2,0,2,10,Medium,Normal,0.19513060964974344,Normal,-0.9957782636082306,Normal,1.2350848143431712,0,Normal
2024-05-29 11:23:39.506,mravichandra171@gmail.com,21,Male,JSS SCIENCE AND TECHNOLOGY UNIVERSITY,MBA,4 and above,"Greater than 50,000",Family,Hindu,ST,Extrovert,Greater than 20,"Painting,Cooking",,,Real-estate Business,House wife,Two,Religious,Two parents,No,No,No,No,No,3,3,3,3,3,3,3,3,3,3,3,3,3,3,3,3,3,3,3,3,3,3,3,3,3,Family member(s),Family member(s),Family member(s),No,Career/Professional,Career Success and Fulfillment,Strong Social Support Networks,75,0,0,0,0,0,2,2,0,0,2,75,High,Normal,0.07788148402776174,Normal,-0.9888353253046056,Normal,2.264201495076663,0,Normal
2024-05-29 11:23:41.311,ramyakatti1607@gmail.com,22,Female,JSSCMS Mysuru,MBA,3,"Greater than 50,000",Hostel / PG,Hindu,SC ,Introvert,10-20,"Dancing, drawing, reading ",Alcohol,,Government employee,House wife,One,Spiritual but not religious,One parent,No,Yes,Yes,Yes,Yes,1,1,1,0,0,0,0,0,1,0,1,0,0,0,0,0,0,0,0,0,0,0,0,0,0,Friend(s),Myself,Friend(s),No,"Career/Professional, Physical Health, Personal Development/Growth",All of the above,"Strong Social Support Networks, Reduced Stigma Surrounding Mental Health",5,1,2,3,0,2,4,0,2,0,2,10,Medium,Normal,0.16429297367410284,Normal,-1.1403389125195686,Normal,0.5477964657531862,0,Normal
2024-05-29 11:23:49.952,sindhupriyar235@gmail.com,21,Female,JSSCMS MYSORE ,MBA,2,"40,000 to 50,000",Hostel / PG,Hindu,SC,Introvert,Less than 5,Dancing ,Alcohol,,Farmer,House wife,,Spiritual but not religious,One parent,Yes,No,Yes,Yes,Yes,1,1,1,1,0,0,1,0,1,0,0,0,0,0,0,0,0,0,0,0,0,0,0,0,0,Friend(s),Friend(s),Friend(s),No,Personal Development/Growth,All of the above,"Strong Social Support Networks, Reduced Stigma Surrounding Mental Health",6,3,2,5,2,0,0,0,2,0,2,9,Medium,Normal,0.19328396770197198,Normal,-1.0943475610725186,Normal,0.9209381427022798,0,Normal
2024-05-29 11:24:16.007,shrdat.143sd@gmail.com,22,Male,JSS CMS,MBA,1,"Less than 10,000",Hostel / PG,Hindu,Sc,Ambivert,10-20,"Movies, online games, sleeping, cooking",,,Private sector employee,House wife,,Religious,Two parents,No,No,No,No,No,0,0,0,0,0,0,0,0,0,0,0,0,0,0,0,0,0,1,0,0,0,0,0,0,0,Friend(s),Friend(s),Family member(s),No,"Physical Health, Financial Stability, Personal Development/Growth",Financial Security and Stability,"Strong Social Support Networks, Opportunities for Recreational Activities and Hobbies",1,1,0,1,0,0,2,2,0,0,2,2,Low,Normal,0.23020183553383156,Outlier,-5177365890.770804,Normal,0.6509523254289729,1,Moderate Outlier
2024-05-29 11:24:21.518,manojchandu58@gmail.com,21,Male,Jss CMS,MBA,4 and above,"20,000 to 30,000",Family,Hindu,Lingayath,Introvert,5-10,Traveling ,,,Private sector employee,House wife,One,Agnostic (unsure about the existence of a higher power),Two parents,No,No,Yes,Yes,Yes,3,2,1,1,1,1,6,5,4,2,0,6,3,5,2,3,1,5,4,4,5,4,4,2,4,Friend(s),Friend(s),Friend(s),No,"Career/Professional, Relationships (Family, Friends, Romantic), Financial Stability, Personal Development/Growth",Personal Growth and Development,"Opportunities for Recreational Activities and Hobbies, Community Engagement and Volunteerism",78,2,2,4,0,0,2,0,2,0,2,82,High,Normal,0.002238088603152222,Normal,-1.1930665339985165,Normal,0.10484781861122627,0,Normal
2024-05-29 11:24:45.169,sumann937@gmail.com,21,Male,JSSCMS ,MBA,3,"20,000 to 30,000",Family,Hindu,Lingayath (3B),Ambivert,Greater than 20,"Cycling, tracking ",Alcohol,,Farmer,House wife,,Spiritual but not religious,Two parents,Yes,Yes,Yes,Yes,Yes,1,0,0,0,0,0,1,2,1,1,0,1,0,0,0,0,1,3,1,1,1,2,1,0,0,Friend(s),Family member(s),Family member(s),No,"Career/Professional, Relationships (Family, Friends, Romantic), Physical Health, Mental Health/Well-being, Financial Stability, Personal Development/Growth",Career Success and Fulfillment,Access to Mental Health Services,17,0,2,2,2,2,2,2,0,0,2,19,High,Normal,0.07849938094789854,Normal,-1.6499670508591144,Normal,1.9653629153711458,0,Normal
2024-05-29 11:25:19.211,nivedithakn456@gmail.com,23,Female,JSSCMS,MBA,4 and above,"Less than 10,000",Hostel / PG,Hindu,Lingayat,Introvert,5-10,cooking,,,Farmer,House wife,One,Religious,Two parents,No,No,No,Yes,No,0,0,0,0,0,0,0,0,0,0,0,0,0,0,0,0,0,0,0,0,0,0,0,0,0,Friend(s),Friend(s),Friend(s),No,Financial Stability,Good Physical Health and Well-being,Access to Mental Health Services,0,2,2,4,0,0,2,0,2,0,2,4,Medium,Normal,0.23836515006948145,Normal,-0.9958930640874752,Normal,0.7319933494207413,0,Normal
2024-05-29 11:25:31.663,mamatha91139@gmail.com,21,Female,Jss science and technology University ,MBA,4 and above,"30,000 to 40,000",Family,Hindu,Lingyayth ,Introvert,Less than 5,Reading books. playing. Painting.etc travelling ,,,Farmer,House wife,One,Religious,Two parents,No,No,Yes,No,No,6,0,0,0,0,0,0,0,6,6,6,0,0,6,0,6,3,3,6,6,0,0,6,0,6,Friend(s),Friend(s),Friend(s),No,"Career/Professional, Financial Stability, Personal Development/Growth",Career Success and Fulfillment,Strong Social Support Networks,66,3,0,3,0,0,2,0,2,0,2,69,High,Outlier,-0.04703957996465957,Normal,-1.5283344946798123,Outlier,-0.9362717652438155,2,Critical Outlier
2024-05-29 11:26:15.568,samrudhtm652@gmail.com,22,Male,JSS science and technology university ,MBA,3,"20,000 to 30,000",Family,Hindu,Veerashiava Lingayath ,Introvert,Less than 5,Listening Songs walking ,"Milk(Ragi malt,boost,bormita)",,Business owner/Entrepreneur,House wife,,Religious,Two parents,No,No,No,No,No,0,0,0,0,0,0,0,0,0,0,0,0,0,0,0,0,0,0,0,0,0,0,0,0,0,"Myself, just i need some amount of time",Myself ,Myself ,No,Financial Stability,Financial Security and Stability,Myself ,0,3,0,3,0,0,2,0,0,0,0,5,Medium,Normal,0.25309042147447425,Normal,-578136923.6444582,Normal,0.7457157752685779,0,Normal
2024-05-29 11:31:00.589,sushmitham038@gmail.com,21,Female,Jss science and technology university ,MBA,3,"Less than 10,000",Family,Hindu,ST,Introvert,5-10,"Cooking, Dancing, traveling, spend time with faimly and friends ",,,Farmer,House wife,One,Religious,Two parents,No,No,Yes,No,No,5,1,0,0,0,0,5,2,0,4,6,6,0,6,3,5,5,0,1,0,1,6,6,0,5,Friend(s),Friend(s),Friend(s),Maybe,Career/Professional,Financial Security and Stability,Positive Parental or Guardian Relationships,67,2,0,2,0,0,2,0,2,1,3,68,High,Outlier,-0.04634855413630079,Normal,-1.5450946522640083,Outlier,-0.6518775420717247,2,Critical Outlier
2024-05-29 11:31:15.916,pramodnc1964@gmail.com,24,Male,Jss science and technology University Mysore ,MBA,4 and above,"20,000 to 30,000",Hostel / PG,Hindu,Vokkaliga,Introvert,5-10,"Reading books,listening music, playing games ",Alcohol,,Farmer,House wife,One,Spiritual but not religious,Two parents,No,Yes,Yes,Maybe,Maybe,0,0,6,0,0,0,0,0,0,0,0,0,0,0,0,6,0,2,2,0,0,0,0,0,3,Friend(s),Friend(s),Friend(s),Yes,"Career/Professional, Relationships (Family, Friends, Romantic), Physical Health, Mental Health/Well-being, Financial Stability, Personal Development/Growth",Good Physical Health and Well-being,"Access to Mental Health Services, Opportunities for Recreational Activities and Hobbies",19,2,1,3,0,2,4,0,2,2,4,22,High,Normal,0.1423407284558898,Normal,-1.1765581844915565,Normal,0.7066713467254093,0,Normal
2024-05-29 11:32:15.936,kshtrsuman@gmail.com,22,Female,Jss science and technology University ,MBA,4 and above,"40,000 to 50,000",Family,Hindu,Somavamsha aryakshatriya marati,Introvert,5-10,"Cooking, travelling",,,Business owner/Entrepreneur,House wife,One,Religious,Two parents,Yes,Yes,No,Yes,No,1,0,0,0,0,0,0,1,0,1,2,0,0,0,0,3,0,2,3,3,2,2,0,0,2,Family member(s),Family member(s),Partner/Spouse,No,Career/Professional,Career Success and Fulfillment,Avoid fake relationships,22,2,2,4,2,2,2,0,0,0,0,28,High,Normal,0.05922090865604146,Normal,-1.8640335729836863,Normal,1.2911251277608642,0,Normal
2024-05-29 11:33:31.304,kirthisen8@gmail.com,23,Female,JSS CMS,MBA,4 and above,"30,000 to 40,000",Family,Hindu,Sain ,Ambivert,Greater than 20,"Watching dramas, series  , listening music ",,,Business owner/Entrepreneur,House wife,One,Spiritual but not religious,Two parents,No,No,Yes,Yes,Yes,1,0,0,0,0,0,0,0,0,0,0,0,0,0,0,1,0,1,0,1,0,0,0,0,0,Friend(s),Friend(s),Family member(s),No,"Career/Professional, Relationships (Family, Friends, Romantic), Physical Health, Mental Health/Well-being, Financial Stability, Personal Development/Growth",Positive Mental Health and Emotional Balance,"Access to Mental Health Services, Strong Social Support Networks, Education and Awareness Programs, Positive Parental or Guardian Relationships, Opportunities for Recreational Activities and Hobbies, Community Engagement and Volunteerism",4,0,2,2,0,0,2,2,0,0,2,6,Medium,Normal,0.17769616470090405,Normal,-1.001138132542136,Normal,0.960941133099201,0,Normal
2024-05-29 11:35:14.666,Saahosai779@gmail.com,23,Male,JSS CMS,MBA,4 and above,"20,000 to 30,000",Family,Hindu,Balija,Ambivert,Greater than 20,Cricket ,,,Government employee,Government employee,Four or more,Atheist (do not believe in the existence of a higher power),Two parents,No,No,No,No,No,0,0,0,0,0,0,0,0,0,0,0,0,0,0,0,0,0,0,0,0,0,0,0,0,0,Friend(s),Friend(s),Family member(s),No,"Career/Professional, Physical Health, Mental Health/Well-being, Personal Development/Growth, ",Good Physical Health and Well-being,"Education and Awareness Programs, Positive Parental or Guardian Relationships, Community Engagement and Volunteerism, ",0,0,0,0,0,0,2,2,0,0,2,0,Low,Normal,0.27787774594736653,Normal,-1.0,Normal,0.5930094755188309,0,Normal
2024-05-29 11:36:17.247,sinchanagowda035@gmail.com,22,Female,JSS science and technology University ,MBA,4 and above,"Greater than 50,000",Hostel / PG,Hindu,Vokkaliga Gowda,Introvert,5-10,Listening to music and watching movies ,,,Government employee,House wife,One,Spiritual but not religious,,No,No,No,No,No,3,1,2,1,0,1,2,2,2,3,1,1,2,1,1,0,1,3,0,1,0,0,1,1,1,Friend(s),Friend(s),Friend(s),No,"Relationships (Family, Friends, Romantic), Mental Health/Well-being",Positive Mental Health and Emotional Balance,"Reduced Stigma Surrounding Mental Health, Positive Parental or Guardian Relationships",31,2,0,2,0,0,2,0,2,0,2,33,High,Normal,0.07740730570711751,Normal,-1.4771717609840616,Normal,2.6723358309870475,0,Normal
2024-05-29 11:36:28.582,vedhashree161@gmail.com,21,Female,JSS CMS,MBA,4 and above,"30,000 to 40,000",Hostel / PG,Hindu,Lingayat ,Ambivert,10-20,Listening music ,,,Business owner/Entrepreneur,House wife,One,Spiritual but not religious,Two parents,No,No,No,Maybe,Maybe,1,0,0,0,0,0,2,1,1,0,1,2,0,0,0,0,0,2,0,1,1,2,0,0,2,Family member(s),Family member(s),Family member(s),No,"Career/Professional, Relationships (Family, Friends, Romantic), Physical Health, Mental Health/Well-being, Financial Stability, Personal Development/Growth",Positive Mental Health and Emotional Balance,Positive Parental or Guardian Relationships,16,1,1,2,0,0,2,2,0,0,2,18,High,Normal,0.06806520273696748,Normal,-1.3427752929059633,Normal,0.807258913441804,0,Normal
2024-05-29 11:36:30.974,rachanagowda2709@gmail.com,21,Female,JSS CMS,MBA,4 and above,"40,000 to 50,000",Family,Hindu,Gowdas,Introvert,5-10,Painting and other art works ,,,Farmer,House wife,Two,Religious,Two parents,No,Yes,Yes,No,No,1,1,1,1,1,0,1,1,1,1,1,1,1,1,0,0,1,1,1,0,0,0,0,0,1,Family member(s),Family member(s),Family member(s),No,"Career/Professional, Physical Health, Mental Health/Well-being, Financial Stability, Personal Development/Growth",Good Physical Health and Well-being,"Access to Mental Health Services, Strong Social Support Networks, Education and Awareness Programs, Positive Parental or Guardian Relationships, Supportive School Environments, Opportunities for Recreational Activities and Hobbies, Community Engagement and Volunteerism",17,2,0,2,0,2,4,2,0,0,2,21,High,Normal,0.1400261807388668,Normal,-1.9884703209735666,Normal,2.687791762351198,0,Normal
2024-05-29 11:36:34.304,manjunathacm2001@gmail.com,23,Male,JSSCMS college mysore,MBA,3,"10,000 to 20,000",Family,Hindu,Lingayata,Extrovert,Greater than 20,"Writing and regular visit of temple, browsing",,,Farmer,House wife,,Religious,Two parents,No,No,No,No,No,1,0,0,0,0,0,0,0,0,0,0,0,0,0,0,0,0,0,0,0,0,0,0,0,0,Family member(s),Family member(s),Family member(s),No,"Career/Professional, Relationships (Family, Friends, Romantic), Physical Health, Mental Health/Well-being, Financial Stability, Personal Development/Growth",Positive Mental Health and Emotional Balance,Positive Parental or Guardian Relationships,1,0,0,0,0,0,2,2,0,0,2,1,Low,Normal,0.2635937811163675,Normal,-2527036591.2364244,Normal,0.7473357246635013,0,Normal
2024-05-29 11:36:36.284,mn031033@gmail.com,22,Male,Jsscms,MBA,4 and above,"30,000 to 40,000",Family,Hindu,3B,Introvert,10-20,Playing Vollyball and hang out with friends ,Alcohol,,Business owner/Entrepreneur,House wife,One,Religious,Two parents,Maybe,No,No,No,No,0,0,0,0,0,0,0,0,0,0,0,0,0,0,0,0,0,0,0,0,0,0,0,0,0,Friend(s),Friend(s),Friend(s),No,Personal Development/Growth,Good Physical Health and Well-being,Access to Mental Health Services,0,1,0,1,1,0,1,0,2,0,2,0,Low,Normal,0.25721218012579283,Normal,-243426073.6922284,Normal,0.5535628841546201,0,Normal
2024-05-29 11:36:47.404,amrutsheelavantar@gmail.com,22,Male,Jss cms,MBA,4 and above,"Greater than 50,000",Hostel / PG,Hindu,Lingayat ,Introvert,10-20,Playing football ,,,Business owner/Entrepreneur,House wife,Two,Spiritual but not religious,Two parents,No,Yes,Yes,Yes,Yes,0,0,0,0,0,0,0,0,0,0,0,0,0,0,0,0,0,0,0,0,0,0,0,0,0,Friend(s),Family member(s),Partner/Spouse,No,Career/Professional,Career Success and Fulfillment,Strong Social Support Networks,0,1,2,3,0,2,4,0,0,0,0,7,Medium,Normal,0.21093017036895162,Normal,-1.0630677592772144,Normal,0.29690486134107763,0,Normal
2024-05-29 11:36:54.067,ashikaakshatha067@gmail.com,22,Female,Jss CMS,MBA,4 and above,"30,000 to 40,000",Hostel / PG,Hindu,Kumbara,Ambivert,Greater than 20,"Playing badminton, reading novels",,,Private sector employee,House wife,One,Spiritual but not religious,Two parents,Maybe,No,No,Maybe,Maybe,3,1,1,1,0,0,2,3,1,0,3,5,0,1,1,0,0,2,2,1,1,2,0,0,2,Family member(s),Family member(s),Family member(s),No,"Career/Professional, Relationships (Family, Friends, Romantic), Physical Health, Mental Health/Well-being, Financial Stability, Personal Development/Growth",Positive Mental Health and Emotional Balance,"Strong Social Support Networks, Effective Coping Skills Training, Reduced Stigma Surrounding Mental Health, Positive Parental or Guardian Relationships, Supportive School Environments, Opportunities for Recreational Activities and Hobbies",32,0,1,1,1,0,1,2,0,0,2,32,High,Normal,0.02687984577997582,Normal,-1.9395874606564465,Normal,1.070960346441793,0,Normal
2024-05-29 11:36:55.275,ramyshaiva27@gmail.com,20,Female,Sjc,MBA,4 and above,"40,000 to 50,000",Family,Hindu,Veerashaiva Lingayth,Introvert,5-10,Drawing,,,Laborer/Blue-collar worker,House wife,Two,Religious,Two parents,No,No,Yes,No,No,0,0,0,0,0,0,1,0,0,0,0,1,0,2,0,0,0,1,4,0,0,1,2,0,0,Friend(s),Friend(s),Family member(s),No,"Relationships (Family, Friends, Romantic)",Career Success and Fulfillment,Access to Mental Health Services,12,2,0,2,0,0,2,2,0,0,2,14,High,Normal,0.11779287691368179,Normal,-2.2926338599629004,Normal,1.4448518468979774,0,Normal
2024-05-29 11:37:16.570,sathvikravi7@gmail.com,23,Male,JSSCMS,MBA,4 and above,"Greater than 50,000",Room,Hindu,Vokkaliga ,Introvert,5-10,Listening to music ,,,Government employee,Government employee,One,Spiritual but not religious,,No,Maybe,Yes,Yes,Yes,2,0,1,1,1,0,3,3,3,3,1,3,0,0,3,3,4,3,0,0,0,0,3,1,0,Family member(s),Family member(s),Friend(s),No,Career/Professional,Career Success and Fulfillment,Access to Mental Health Services,38,2,2,4,0,1,3,0,2,0,2,43,High,Normal,0.03120791295733938,Normal,-1.5823209063121835,Normal,0.9407828657121948,0,Normal
2024-05-29 11:37:19.823,spandanam525@gmail.com,21,Female,JC CMS college ,MBA,3,"Greater than 50,000",Family,Hindu,Brahmin ,Extrovert,5-10,Dancing ,,,Laborer/Blue-collar worker,House wife,One,Spiritual but not religious,Two parents,No,No,Maybe,No,No,3,0,4,3,3,0,3,3,0,0,0,0,0,3,0,0,0,0,0,0,0,0,4,0,0,Friend(s),Family member(s),Family member(s),No,Career/Professional,Personal Growth and Development,Access to Mental Health Services,26,2,0,2,0,0,2,2,0,0,2,28,High,Normal,0.07674813694971705,Normal,-1.9508512972387657,Normal,1.184154121774176,0,Normal
2024-05-29 11:37:27.551,manasagowda0555@gmail.com,21,Female,Jss cms mysore,MBA,4 and above,"40,000 to 50,000",Hostel / PG,Hindu,Okkaliga ,Introvert,Less than 5,Yoga. reading books. cooking.,,,Farmer,House wife,One,Religious,Two parents,No,No,Yes,No,No,0,1,0,1,0,0,3,1,0,0,2,1,2,5,1,1,0,1,3,2,1,3,2,1,1,"Mental health professional (e.g., therapist, counselor)",Friend(s),Friend(s),Maybe,Career/Professional,Career Success and Fulfillment,Access to Mental Health Services,32,3,0,3,0,0,2,0,2,1,3,34,High,Normal,0.03363190102633118,Normal,-1.5004565200626812,Normal,0.9290696175476256,0,Normal
2024-05-29 11:37:28.565,rakshithagr25@gmail.com,21,Female,JSS college of science and technology ,MBA,4 and above,"Greater than 50,000",Family,Hindu,Vokkaliga,Ambivert,Less than 5,Dancing ,,,Government employee,House wife,One,Spiritual but not religious,Two parents,No,Yes,Maybe,No,No,1,1,1,0,0,0,0,1,0,0,1,0,0,0,0,1,1,1,0,0,0,0,0,0,0,Family member(s),Friend(s),Family member(s),No,"Career/Professional, Personal Development/Growth",Good Physical Health and Well-being,Strong Social Support Networks,8,3,0,3,0,2,4,2,0,0,2,13,High,Normal,0.15674188491501595,Outlier,-10958469519.130384,Normal,1.3106872600954746,1,Moderate Outlier
2024-05-29 11:37:42.416,karanmb115@gmail.com,21,Male,CMS,MBA,3,"40,000 to 50,000",Family,Hindu,ST,Introvert,Greater than 20,Playing cricket ,"Alcohol, Tobacco",,Late ,House wife,One,Religious,One parent,Yes,Yes,No,No,No,0,0,0,0,0,0,6,1,0,0,0,0,0,0,0,0,1,0,0,0,0,1,1,0,0,Friend(s),Friend(s),Friend(s),No,Career/Professional,Career Success and Fulfillment,Positive Parental or Guardian Relationships,10,0,0,0,2,2,2,0,2,0,2,10,Medium,Normal,0.11466441667939575,Normal,-2.5035640324064063,Normal,0.30419623005546237,0,Normal
2024-05-29 11:38:09.153,sahanaprabhuswamy@gmail.com,21,Female,JSS science and technology ,MBA,4 and above,"10,000 to 20,000",Gaurdian,Hindu,Veerashaiva lingayath,Extrovert,Less than 5,Cooking and stitching,,,Farmer,House wife,One,Spiritual but not religious,One parent,No,Yes,No,No,No,0,0,0,0,0,0,1,2,1,0,0,1,0,0,0,1,0,1,0,0,0,1,0,0,0,Family member(s),Family member(s),Family member(s),No,"Career/Professional, Relationships (Family, Friends, Romantic), Physical Health, Mental Health/Well-being, Financial Stability, Personal Development/Growth",Good Physical Health and Well-being,"Access to Mental Health Services, Strong Social Support Networks, Education and Awareness Programs, Positive Parental or Guardian Relationships, Supportive School Environments, Community Engagement and Volunteerism",8,3,0,3,0,2,4,2,0,0,2,13,High,Normal,0.1491795030084257,Outlier,-12796437645.467937,Normal,1.5449317103996503,1,Moderate Outlier
2024-05-29 11:38:10.022,swathiprakasha97@gmail.com,21,Female,Jss science and technology Mysore ,MBA,4 and above,"40,000 to 50,000",Family,Hindu,Kuruba,Introvert,10-20,"Reading books, listening to music ",,,Government employee,House wife,One,Spiritual but not religious,Two parents,No,No,No,Maybe,Maybe,0,0,0,0,0,0,0,0,0,0,0,0,0,0,0,0,0,0,0,0,0,0,0,0,0,Family member(s),Friend(s),Family member(s),No,Career/Professional,Good Physical Health and Well-being,Strong Social Support Networks,0,1,1,2,0,0,2,2,0,0,2,2,Low,Normal,0.20935382304576483,Normal,-0.980329261588969,Normal,0.011511224081417915,0,Normal
2024-05-29 11:38:21.337,ranj54965@gmail.com,22,Female,JSS CMS,MBA,4 and above,"Greater than 50,000",Hostel / PG,Hindu,Prefer not to say,Introvert,Less than 5,Sketching and reading books,,,Government employee,House wife,Two,Religious,,No,Yes,Yes,Yes,Yes,5,3,0,0,0,0,2,3,3,6,6,4,3,4,4,0,0,4,6,5,4,4,5,4,5,Friend(s),Family member(s),Friend(s),Yes,Financial Stability,Financial Security and Stability,Education and Awareness Programs,80,3,2,5,0,2,4,0,2,2,4,85,High,Outlier,-0.00779047408508915,Normal,-1.1851592832130735,Normal,0.00013276418347318852,1,Moderate Outlier
2024-05-29 11:38:41.663,nk6984941@gmail.com,22,Male,Jss cms,MBA,3,"20,000 to 30,000",Family,Hindu,2a,Extrovert,5-10,Playing game,,,Government employee,House wife,,Religious,,Yes,Yes,Yes,Yes,Yes,4,4,4,4,4,4,4,5,4,3,4,4,4,4,4,4,4,4,4,4,4,4,4,4,4,"Mental health professional (e.g., therapist, counselor)",Religious or spiritual leader,Family member(s),Yes,Physical Health,Good Physical Health and Well-being,Positive Parental or Guardian Relationships,100,2,2,4,2,2,2,2,0,2,4,102,High,Normal,0.041975428332019726,Normal,-0.9936361505163818,Normal,1.7895652857560131,0,Normal
2024-05-29 11:38:50.709,harsharock1985@gmail.com,21,Male,JSS CMS,MBA,3,"20,000 to 30,000",Family,Hindu,Lingayth ,Introvert,Less than 5,Watching series ,,,Laborer/Blue-collar worker,House wife,,Spiritual but not religious,Two parents,Maybe,No,Maybe,No,No,0,0,0,0,0,0,0,0,0,0,0,0,0,0,0,0,0,0,0,0,0,0,0,0,0,Friend(s),Friend(s),Friend(s),No,"Career/Professional, Relationships (Family, Friends, Romantic), Financial Stability, Personal Development/Growth",Career Success and Fulfillment,Education and Awareness Programs,0,3,0,3,1,0,1,0,2,0,2,2,Low,Normal,0.25361011608632567,Normal,-279939984.5370856,Normal,0.7248955083158375,0,Normal
2024-05-29 11:38:52.743,preethamnm@gmail.com,21,Male,Jss science and technology University ,MBA,4 and above,"Greater than 50,000",Family,Hindu,Balija,Ambivert,Greater than 20,Watching movies playing cricket and shuttle badminton ,,,Private sector employee,House wife,One,Religious,Two parents,Yes,No,No,No,No,0,0,0,0,0,0,0,0,0,0,0,0,0,0,0,0,0,0,0,0,0,0,0,0,0,Family member(s),Friend(s),Partner/Spouse,No,Career/Professional,Career Success and Fulfillment,Reduced Stigma Surrounding Mental Health,0,0,0,0,2,0,0,0,0,0,0,0,Low,Normal,0.27787774594736653,Normal,-1.0,Normal,0.5930094755188309,0,Normal
2024-05-29 11:41:17.973,chandangowdag77@gmail.com,22,Male,Chandan gowda g ,MBA,4 and above,"20,000 to 30,000",Family,Hindu,Vokaliga 3A,Introvert,Greater than 20,"Playing cricket,",,,Private sector employee,House wife,One,Religious,Two parents,No,No,Maybe,No,Maybe,0,0,0,0,0,0,0,0,0,0,0,0,0,0,0,0,0,0,0,0,0,0,0,0,0,Family member(s),Friend(s),Family member(s),No,"Career/Professional, Relationships (Family, Friends, Romantic), Physical Health, Mental Health/Well-being, Financial Stability, Personal Development/Growth",Good Physical Health and Well-being,"Access to Mental Health Services, Strong Social Support Networks, Effective Coping Skills Training, Education and Awareness Programs, Reduced Stigma Surrounding Mental Health, Positive Parental or Guardian Relationships",0,0,0,0,0,0,2,2,0,0,2,0,Low,Normal,0.27787774594736653,Normal,-1.0,Normal,0.5930094755188309,0,Normal
2024-05-29 11:38:56.217,aryatharun143@gmail.com,23,Male,JSS CMS ,MBA,4 and above,"Greater than 50,000",Hostel / PG,Hindu,Arya ediga,Ambivert,Less than 5,Playing cricket ,Alcohol,,Farmer,House wife,One,Spiritual but not religious,Two parents,No,No,Yes,Maybe,No,0,0,0,0,0,0,0,0,0,0,0,0,0,0,0,0,0,0,0,0,0,0,0,0,0,Family member(s),Family member(s),Family member(s),No,Career/Professional,Career Success and Fulfillment,Strong Social Support Networks,0,3,1,4,0,0,2,2,0,0,2,4,Medium,Normal,0.2060259937619684,Outlier,-10701823089.305063,Normal,0.045116049072230435,1,Moderate Outlier
2024-05-29 11:38:58.971,niharika.joshi262@gmail.com,21,Female,JSS CMS ,MBA,4 and above,"40,000 to 50,000",Family,Hindu,Brahmin,Ambivert,5-10,"Dancing, singing ",,,Private sector employee,Private sector employee,One,Religious,Two parents,No,No,No,No,No,0,0,0,0,0,0,0,0,0,0,0,0,0,0,0,0,0,0,0,0,0,0,0,0,0,Family member(s),Family member(s),Family member(s),No,"Mental Health/Well-being, Financial Stability, Personal Development/Growth",All of the above ,"Access to Mental Health Services, Strong Social Support Networks, Effective Coping Skills Training, Reduced Stigma Surrounding Mental Health, Positive Parental or Guardian Relationships, Supportive School Environments, Opportunities for Recreational Activities and Hobbies",0,2,0,2,0,0,2,2,0,0,2,2,Low,Normal,0.2717792342701301,Normal,-1.0,Normal,1.1062082140844476,0,Normal
2024-05-29 11:39:12.995,yashasnn2001@gmail.com,23,Male,JSSCMS,MBA,4 and above,"40,000 to 50,000",Hostel / PG,Hindu,Arya Vysya ,Introvert,10-20,Watching movie and series ,Alcohol,,Business owner/Entrepreneur,House wife,One,Religious,,No,No,Maybe,No,No,0,0,0,0,0,0,0,0,0,0,0,0,0,0,0,0,0,0,0,0,0,0,0,0,0,Family member(s),Family member(s),Family member(s),No,"Career/Professional, Physical Health, Mental Health/Well-being, Financial Stability, Personal Development/Growth",Financial Security and Stability,Access to Mental Health Services,0,1,0,1,0,0,2,2,0,0,2,1,Low,Normal,0.26039187238892075,Normal,-1.0,Normal,0.5603940349488337,0,Normal
2024-05-29 11:39:42.762,shaivasneha@gmail.com,22,Female,Jc college ,MBA,4 and above,"30,000 to 40,000",Family,Hindu,3B,Extrovert,5-10,"Drawing, playing sports games ",Alcohol,,Retired,House wife,One,Religious,Two parents,No,No,Yes,No,Maybe,0,0,0,0,0,0,0,0,0,0,0,0,0,0,0,0,0,0,0,0,0,2,0,0,0,Friend(s),Friend(s),Friend(s),No,Personal Development/Growth,Good Physical Health and Well-being,Positive Parental or Guardian Relationships,2,2,0,2,0,0,2,0,2,0,2,4,Medium,Normal,0.2238019202562606,Outlier,-6997339452.099887,Normal,1.1902846254058757,1,Moderate Outlier
2024-05-29 11:39:44.756,gdnh02@gmail.com,21,Female,JSS CMS ,MBA,4 and above,"Greater than 50,000",Hostel / PG,Hindu,Brahmin ,Extrovert,10-20,Dancing ,,,Farmer,House wife,One,Religious,Two parents,No,No,No,No,No,0,0,0,0,0,0,0,0,0,0,0,0,0,0,0,0,0,0,0,0,0,0,0,0,0,Family member(s),Family member(s),Family member(s),No,"Career/Professional, Financial Stability, Personal Development/Growth",Work-Life Balance,Strong Social Support Networks,0,1,0,1,0,0,2,2,0,0,2,1,Low,Normal,0.26039187238892075,Normal,-1.0,Normal,0.5603940349488337,0,Normal
2024-05-29 11:40:00.521,dhanushuv2002@gmail.com,22,Male,JSS science and technology,MBA,4 and above,"20,000 to 30,000",Family,Hindu,Lingayat,Extrovert,5-10,Movie,,,Farmer,House wife,Two,Spiritual but not religious,Two parents,No,No,No,No,No,0,0,0,0,0,0,0,0,0,0,0,0,0,0,0,0,0,0,0,0,0,0,0,0,0,Friend(s),Friend(s),Family member(s),No,Career/Professional,Career Success and Fulfillment,Strong Social Support Networks,0,2,0,2,0,0,2,2,0,0,2,2,Low,Normal,0.2717792342701301,Normal,-1.0,Normal,1.1062082140844476,0,Normal
2024-05-29 11:40:11.803,rohith19shetty@gmail.com,22,Male,Jss science and technology ,MBA,4 and above,"Greater than 50,000",Family,Hindu,Uppara ,Ambivert,Greater than 20,Bike rides,,,Business owner/Entrepreneur,House wife,One,Religious,Two parents,No,No,Maybe,No,No,0,0,0,0,0,0,0,1,0,0,1,1,0,0,0,0,0,0,0,0,0,1,0,0,0,Religious or spiritual leader,Friend(s),Family member(s),No,"Career/Professional, Financial Stability",Career Success and Fulfillment,"Access to Mental Health Services, Strong Social Support Networks, Education and Awareness Programs, Positive Parental or Guardian Relationships, Community Engagement and Volunteerism",4,0,0,0,0,0,2,2,0,0,2,4,Medium,Normal,0.18730784726703764,Normal,-23.77732722388284,Normal,0.8865337971472629,0,Normal
2024-05-29 11:40:19.091,shivalikanag@gmail.com,20,Female,JSSCMS,MBA,2,"20,000 to 30,000",Family,Hindu,Lingayat ,Introvert,5-10,"Sketching , ",Alcohol,,Government employee,House wife,,Agnostic (unsure about the existence of a higher power),One parent,No,No,No,No,No,0,0,0,0,0,0,0,0,0,0,0,0,0,0,0,0,0,0,0,0,0,0,0,0,0,Friend(s),Family member(s),Family member(s),No,"Career/Professional, Physical Health, Mental Health/Well-being, Personal Development/Growth",All,"Access to Mental Health Services, Strong Social Support Networks, Education and Awareness Programs, Reduced Stigma Surrounding Mental Health, Positive Parental or Guardian Relationships, Supportive School Environments, Community Engagement and Volunteerism",0,2,0,2,0,0,2,2,0,0,2,2,Low,Normal,0.2717792342701301,Normal,-1.0,Normal,1.1062082140844476,0,Normal
2024-05-29 11:40:45.234,archanabasavaraj11@gmail.com,22,Female,"JSS centre for management studies, Mysore ",MBA,4 and above,"Greater than 50,000",Hostel / PG,Hindu,Lingayatha ,Extrovert,Greater than 20,Reading novels ,,,Government employee,House wife,Two,Spiritual but not religious,Two parents,No,No,No,Maybe,Maybe,0,0,0,0,0,0,0,0,0,0,0,0,0,0,0,0,0,0,0,0,0,0,0,0,0,Friend(s),Friend(s),Friend(s),No,Career/Professional,Good Physical Health and Well-being,Positive Parental or Guardian Relationships,0,0,1,1,0,0,2,0,2,0,2,1,Low,Normal,0.23876818003799066,Normal,-1.002552227406325,Normal,0.1565796972153919,0,Normal
2024-05-29 11:40:54.892,monishamukkati27@gmail.com,22,Female,Jss,MBA,4 and above,"20,000 to 30,000",Hostel / PG,Hindu,Hindu,Extrovert,Greater than 20,Dancing  cooking ,,,Farmer,House wife,One,Spiritual but not religious,Two parents,No,No,No,Maybe,Maybe,0,0,0,0,0,0,0,0,0,0,0,0,0,0,0,0,0,0,0,0,0,0,0,0,0,Friend(s),Friend(s),Friend(s),No,Career/Professional,Good Physical Health and Well-being,Positive Parental or Guardian Relationships,0,0,1,1,0,0,2,0,2,0,2,1,Low,Normal,0.23876818003799066,Normal,-1.002552227406325,Normal,0.1565796972153919,0,Normal
2024-05-29 11:41:25.340,ssudeep3314@gmail.com,22,Male,JSS SCIENCE AND TECHNOLOGY UNIVERSITY MYSORE ,MBA,3,"10,000 to 20,000",Family,Hindu,CAT 1,Extrovert,Greater than 20,"Reading books , playing games ",Non,,Farmer,House wife,One,Spiritual but not religious,Two parents,No,No,Yes,No,No,0,0,0,0,0,0,0,0,0,0,0,0,0,0,0,0,0,0,0,0,0,0,0,0,0,Friend(s),Friend(s),Family member(s),No,Personal Development/Growth,Personal Growth and Development,Effective Coping Skills Training,0,0,0,0,0,0,2,2,0,0,2,0,Low,Normal,0.27787774594736653,Normal,-1.0,Normal,0.5930094755188309,0,Normal
2024-05-29 11:41:30.981,akshathaan2@gmail.com,22,Female,JSSCMS,MBA,4 and above,"10,000 to 20,000",Family,Hindu,3 A,Extrovert,Greater than 20,Cycling ,,,Farmer,House wife,One,Spiritual but not religious,Two parents,No,No,Yes,Yes,No,1,0,0,0,0,0,0,0,0,0,0,0,0,1,1,0,0,0,0,0,0,0,0,0,0,Friend(s),Friend(s),Friend(s),No,Career/Professional,Positive Mental Health and Emotional Balance,Access to Mental Health Services,3,0,2,2,0,0,2,0,2,0,2,5,Medium,Normal,0.20196057128180817,Normal,-1.0070297272136546,Normal,0.8351620725918352,0,Normal
2024-05-29 11:41:32.970,rp0033296@gmail.com,22,Male,Jss cms ,MBA,4 and above,"Greater than 50,000",Family,Hindu,SC ,Introvert,10-20,Sports ,"Alcohol, Tobacco",,Government employee,Government employee,One,Religious,One parent,Maybe,Maybe,No,Maybe,Maybe,0,0,0,0,0,0,0,0,0,0,0,2,0,0,0,2,0,2,0,0,0,0,0,0,0,Family member(s),Family member(s),Family member(s),No,"Relationships (Family, Friends, Romantic)",Career Success and Fulfillment,"Education and Awareness Programs, Positive Parental or Guardian Relationships",6,1,1,2,1,1,2,2,0,0,2,8,Medium,Normal,0.16054779505788053,Normal,-1.0761920820629505,Normal,0.08609736498924203,0,Normal
2024-05-29 11:42:31.672,mpbhoomika154@gmail.com,22,Female,Jc,MBA,3,"20,000 to 30,000",Family,Hindu,Brahmin,Introvert,5-10,Cooking ,,,Retired,House wife,,Religious,Two parents,No,No,No,No,No,0,0,0,0,0,0,0,0,0,0,0,0,0,0,0,0,0,0,0,0,0,0,0,0,0,Friend(s),Friend(s),Friend(s),No,"Relationships (Family, Friends, Romantic)",Career Success and Fulfillment,Strong Social Support Networks,0,2,0,2,0,0,2,0,2,0,2,2,Low,Normal,0.2717792342701301,Normal,-1.0,Normal,1.1062082140844476,0,Normal
2024-05-29 11:42:34.282,jahnavimnr.97@gmail.com,23,Female,JSS Science and Technology University,MBA,3,"Less than 10,000",Family,Hindu,Bestar Category 1,Introvert,Less than 5,Drawing and Dance,Alcohol,, He is no more,House wife,Two,Spiritual but not religious,Two parents,No,Yes,Yes,Yes,Yes,6,6,5,2,1,1,3,2,2,2,2,1,1,1,1,2,1,1,1,2,3,3,3,1,2,,Brother,May be God,Maybe,Financial Stability,Financial Security and Stability,Education and Awareness Programs,55,3,2,5,0,2,4,0,0,1,1,63,High,Normal,0.028636443267660017,Normal,-1.232693679373312,Normal,1.7086052617289305,0,Normal
2024-05-29 11:43:22.302,meghashree8762@gmail.com,22,Female,"jss college, mysore.",MBA,4 and above,"30,000 to 40,000",Hostel / PG,Hindu,lingayath,Introvert,5-10,games and sleeping,,,Farmer,House wife,Two,Spiritual but not religious,Two parents,No,Yes,Yes,No,No,0,0,0,0,0,2,5,6,4,1,0,0,5,3,0,0,0,6,2,0,0,0,0,0,5,Friend(s),Friend(s),Friend(s),No,Career/Professional,Career Success and Fulfillment,"Strong Social Support Networks, Positive Parental or Guardian Relationships",39,2,0,2,0,2,4,0,2,0,2,43,High,Normal,0.000621591231969032,Normal,-1.5833374561288907,Outlier,-0.3236951424177481,1,Moderate Outlier
2024-05-29 11:43:24.906,pruthviramesh162002@gmail.com,22,Female,Jsscms,MBA,3,"10,000 to 20,000",Family,Hindu,Gm,Ambivert,Less than 5,Drawing ,,,Private sector employee,House wife,,Don't like to answer ,Two parents,Maybe,Maybe,Maybe,Maybe,Maybe,0,0,0,0,0,0,0,0,0,0,0,0,0,0,0,0,0,0,0,0,0,0,0,0,0,Friend(s),Friend(s),Partner/Spouse,No,Physical Health,Good Physical Health and Well-being,Opportunities for Recreational Activities and Hobbies,0,3,1,4,1,1,2,0,0,0,0,6,Medium,Normal,0.20498182759774541,Outlier,-7493333927.655249,Normal,0.055983373368814426,1,Moderate Outlier
2024-05-29 11:43:44.173,sonakshim2003@gmail.com,22,Female,JSSCMS,MBA,4 and above,"30,000 to 40,000",Family,Hindu,3A,Introvert,Less than 5,Reading,,,Farmer,House wife,Two,Spiritual but not religious,Two parents,No,No,No,Maybe,Maybe,1,1,1,1,1,1,1,1,1,1,1,1,1,1,1,1,1,1,1,1,1,1,1,1,1,Family member(s),Family member(s),Family member(s),No,Career/Professional,Good Physical Health and Well-being,Positive Parental or Guardian Relationships,25,3,1,4,0,0,2,2,0,0,2,29,High,Normal,0.08333161152954993,Normal,-1.2373063636551358,Normal,1.836608777117302,0,Normal
2024-05-29 11:44:41.409,shashankd1501@gmail.com,22,Male,JSS science and technology University ,MBA,4 and above,"40,000 to 50,000",Family,Hindu,SC,Extrovert,10-20,Playing chess and shuttle badminton ,Alcohol,,Farmer,House wife,One,Religious,Two parents,No,Yes,No,No,No,0,0,0,0,0,0,1,1,0,1,0,0,0,0,0,0,0,0,0,0,0,1,0,0,0,Friend(s),Friend(s),Family member(s),No,Career/Professional,Career Success and Fulfillment,Education and Awareness Programs,4,1,0,1,0,2,4,2,0,0,2,7,Medium,Normal,0.17480375668585102,Outlier,-6934359552.885681,Normal,1.0640345544912586,1,Moderate Outlier
2024-05-29 11:45:19.000,manurh369@gmail.com,23,Male,Jss science and technology Mysore ,MBA,4 and above,"20,000 to 30,000",Family,Prefer not to say,Atheist ,Extrovert,Greater than 20,"Playing cricket, reading books, online games ",Non,,Retired,House wife,Three,Atheist (do not believe in the existence of a higher power),Two parents,Yes,Yes,Yes,No,No,0,0,2,2,0,0,2,0,0,0,0,0,0,0,0,1,2,2,2,0,0,0,0,0,0,Friend(s),Friend(s),Friend(s),No,Career/Professional,Personal Growth and Development,Education and Awareness Programs,13,0,0,0,2,2,2,0,2,0,2,13,High,Normal,0.12696850833600493,Normal,-16.25082736781779,Normal,0.893546374811188,0,Normal
2024-05-29 11:46:26.308,sahanabsanu0@gmail.com,22,Female,JSSCMS,MBA,4 and above,"Greater than 50,000",Family,Hindu,Lingayath,Ambivert,10-20,"Watching webseries, reading novels",,,Farmer,House wife,One,Religious,Two parents,No,No,No,No,No,0,0,0,0,0,0,0,0,0,0,0,0,0,0,0,0,0,0,0,0,0,0,0,0,0,Family member(s),Family member(s),Family member(s),No,Career/Professional,Work-Life Balance,Strong Social Support Networks,0,1,0,1,0,0,2,2,0,0,2,1,Low,Normal,0.26039187238892075,Normal,-1.0,Normal,0.5603940349488337,0,Normal
2024-05-29 11:46:31.547,dishashree30@gmail.com,22,Female,Jss,MBA,4 and above,"30,000 to 40,000",Family,Hindu,Edigas,Introvert,10-20,Singing ,,,Farmer,House wife,Two,Agnostic (unsure about the existence of a higher power),Two parents,No,No,No,Yes,No,0,0,0,0,0,0,0,0,0,0,0,0,0,0,0,0,0,0,0,0,0,0,0,0,0,Family member(s),Friend(s),Friend(s),No,Mental Health/Well-being,Good Physical Health and Well-being,"Community Engagement and Volunteerism, ",0,1,2,3,0,0,2,0,2,0,2,3,Medium,Normal,0.21466499616376378,Normal,-1.0627383855220232,Normal,0.2755179383311046,0,Normal
2024-05-29 11:46:40.650,anushahonnappa77@gmail.com,23,Female,Jss cms ,MBA,3,"Greater than 50,000",Family,Hindu,Kuruba,Extrovert,5-10,Travelling,,,Business owner/Entrepreneur,House wife,,Religious,Two parents,Yes,No,Yes,No,No,6,0,0,0,0,0,6,5,6,0,0,6,3,3,3,3,3,3,3,3,3,3,3,3,3,Family member(s),Family member(s),Family member(s),No,"Relationships (Family, Friends, Romantic)",Career Success and Fulfillment,"Access to Mental Health Services, Strong Social Support Networks",68,2,0,2,2,0,0,2,0,0,2,68,High,Normal,0.011311976225439002,Normal,-1.3004173945683424,Normal,0.00010049302059522702,0,Normal
2024-05-29 11:46:42.693,anupamabalakrishna2000@gmail.com,23,Female,JSS- CMS ,MBA,4 and above,"30,000 to 40,000",Family,Hindu,3A,Ambivert,5-10,Listening Music and whatching cricket ,,,Farmer,House wife,One,Spiritual but not religious,Two parents,No,No,Yes,No,Yes,0,0,0,0,0,1,0,3,0,1,0,0,0,1,0,2,1,5,1,0,0,0,1,0,0,Friend(s),Friend(s),Friend(s),Yes,Mental Health/Well-being,Positive Mental Health and Emotional Balance,"Access to Mental Health Services, Strong Social Support Networks, Reduced Stigma Surrounding Mental Health, Positive Parental or Guardian Relationships",16,2,0,2,0,0,2,0,2,2,4,16,High,Normal,0.09629289464289581,Normal,-2.58266267410582,Normal,0.8359211090943024,0,Normal
2024-05-29 11:48:14.353,aishwaryaah2020@gmail.com,22,Female,JSSCMS ,MBA,4 and above,"Less than 10,000",Hostel / PG,Hindu,2A,Ambivert,5-10,Reading some books ,,,Farmer,House wife,One,Religious,Two parents,Yes,No,No,Maybe,Maybe,0,0,0,0,0,0,0,0,0,0,0,0,0,0,0,0,0,0,0,0,0,0,0,0,0,"Mental health professional (e.g., therapist, counselor)",Family member(s),Family member(s),No,Career/Professional,Career Success and Fulfillment,"Access to Mental Health Services, Positive Parental or Guardian Relationships, Opportunities for Recreational Activities and Hobbies, Community Engagement and Volunteerism",0,2,1,3,2,0,0,2,0,0,2,1,Low,Normal,0.22883483174865094,Normal,-0.9913780722712409,Normal,0.3903858615052882,0,Normal
2024-05-29 11:49:19.205,ashwinkumard01@gmail.com,22,Male,Sjce ,MBA,4 and above,"Greater than 50,000",Hostel / PG,Hindu,Veerashiva lingayat ,Introvert,Greater than 20,Bike rides ,,,Business owner/Entrepreneur,House wife,,Religious,Two parents,Maybe,No,No,No,No,0,0,0,0,0,0,0,0,0,0,0,0,0,0,0,0,0,0,0,0,0,0,0,0,0,Friend(s),Friend(s),Family member(s),Yes,"Career/Professional, Relationships (Family, Friends, Romantic)",Career Success and Fulfillment,Access to Mental Health Services,0,0,0,0,1,0,1,2,0,2,4,-3,Low,Normal,0.2687589369616112,Normal,-31371483.796726167,Normal,0.5697549386820215,0,Normal
2024-05-29 11:50:08.636,bhavanibhavaniraj183@gmail.com,22,Female,SJCE college ,MBA,4 and above,"Greater than 50,000",Hostel / PG,Hindu,3B,Introvert,5-10,"Reading book , listing music, adventure ",,,Agriculture ,House wife,One,Spiritual but not religious,Two parents,No,No,Yes,Yes,Yes,5,0,1,0,0,0,0,0,0,0,0,0,0,0,0,1,1,5,3,5,0,0,1,0,1,According to situation ,Family member(s),Family member(s),No,"Career/Professional, Financial Stability, Personal Development/Growth",Positive Mental Health and Emotional Balance,"Access to Mental Health Services, Strong Social Support Networks, Effective Coping Skills Training",23,2,2,4,0,0,2,2,0,0,2,27,High,Normal,0.03557211422598716,Normal,-1.9906436042444913,Outlier,-0.042866448915813926,1,Moderate Outlier
2024-05-29 11:55:32.181,raghavendragpraghugiwda19@gmail.com,24,Male,St Philomena's ,M.Com,4 and above,"Less than 10,000",Family,Hindu,Okkaliga,Introvert,Greater than 20,Farming ,Alcohol,,Farmer,House wife,One,Religious,Two parents,Yes,No,Maybe,Yes,Maybe,6,5,4,3,2,1,0,1,2,3,4,5,6,5,4,3,2,1,0,1,2,3,4,5,6,Friend(s),Friend(s),Friend(s),Maybe,"Relationships (Family, Friends, Romantic)",Career Success and Fulfillment,Education and Awareness Programs,78,0,2,2,2,0,0,0,2,1,3,77,High,Outlier,-0.006054409415458872,Normal,-1.3598980425094602,Normal,0.06487231767495594,1,Moderate Outlier
2024-05-29 12:14:15.883,chandanakrishna2001@gmail.com,22,Female,JSSCMS,MBA,3,"Greater than 50,000",Family,Hindu,Kuruba Gowda ,Introvert,5-10,Watching tv ,,,Private sector employee,Private sector employee,,Spiritual but not religious,Two parents,No,Maybe,Maybe,Yes,No,0,0,0,0,0,0,0,0,0,0,0,0,0,0,0,0,0,0,0,0,0,0,0,0,0,"Mental health professional (e.g., therapist, counselor)",Friend(s),Family member(s),No,Career/Professional,Career Success and Fulfillment,Access to Mental Health Services,0,2,2,4,0,1,3,2,0,0,2,5,Medium,Normal,0.23803240941883969,Normal,-0.9960563735147948,Normal,0.7384759427051426,0,Normal
2024-05-29 12:14:58.743,anushahonnappa77@gmail.com,23,Female,Jss ,MBA,3,"Greater than 50,000",Family,Hindu,Kuruba,Extrovert,10-20,Travelling,,,Business owner/Entrepreneur,House wife,,Religious,Two parents,Yes,No,No,No,No,0,0,0,0,0,0,0,0,0,0,0,0,0,0,0,0,0,0,0,0,0,0,0,0,0,Family member(s),Family member(s),Family member(s),No,"Career/Professional, Relationships (Family, Friends, Romantic)",Strong and Healthy Relationships,Access to Mental Health Services,0,1,0,1,2,0,0,2,0,0,2,-1,Low,Normal,0.2534637384010806,Normal,-266247268.19477075,Normal,0.5463810637651227,0,Normal
2024-05-29 12:15:11.394,keerthiraj0627@gmail.com,22,Male,Jss cms ,MBA,4 and above,"Greater than 50,000",Family,Hindu,KURUBA ,Extrovert,Greater than 20,Travelling and playing games ,,,Business owner/Entrepreneur,House wife,One,Religious,Two parents,No,No,No,No,No,0,0,0,0,0,0,0,0,0,0,0,0,0,0,0,0,0,0,0,0,0,0,0,0,0,Family member(s),Family member(s),Family member(s),No,Career/Professional,Career Success and Fulfillment,Strong Social Support Networks,0,0,0,0,0,0,2,2,0,0,2,0,Low,Normal,0.27787774594736653,Normal,-1.0,Normal,0.5930094755188309,0,Normal
2024-05-29 12:15:13.226,dineshdini1819@gmail.com,21,Male,JSS centre for management studies ,MBA,4 and above,"30,000 to 40,000",Family,Hindu,Kuruba ,Extrovert,Greater than 20,Reading book ,,,Farmer,House wife,One,Spiritual but not religious,Two parents,No,No,No,No,No,0,0,0,0,0,0,0,0,0,0,0,0,0,0,0,0,0,0,0,0,0,0,0,0,0,Family member(s),Friend(s),Family member(s),No,Career/Professional,Career Success and Fulfillment,"Access to Mental Health Services, Positive Parental or Guardian Relationships",0,0,0,0,0,0,2,2,0,0,2,0,Low,Normal,0.27787774594736653,Normal,-1.0,Normal,0.5930094755188309,0,Normal
2024-05-29 12:16:18.370,SHASHANKMKRNAGAR5@GMAIL.COM,21,Male,Jss ,MBA,3,"10,000 to 20,000",Family,Hindu,Kuruba,Introvert,5-10,Playing cricket ,,,Farmer,House wife,Two,Religious,Two parents,No,No,No,No,No,6,5,4,3,4,5,6,5,4,3,4,5,6,5,4,3,5,6,5,4,3,5,6,5,4,Friend(s),Family member(s),Family member(s),No,Career/Professional,Career Success and Fulfillment,Strong Social Support Networks,115,2,0,2,0,0,2,2,0,0,2,117,High,Outlier,-0.0018957344792353004,Normal,-1.0120654678194432,Normal,0.46530397200929574,1,Moderate Outlier
2024-05-29 12:16:37.314,nayanakanayananayak@gmail.com,21,Female,Jss science and technology University Center for manegement ,MBA,4 and above,"40,000 to 50,000",Hostel / PG,Hindu,St,Ambivert,10-20,Listing music ,,,Farmer,House wife,One,Religious,Two parents,No,Yes,No,No,Maybe,0,0,0,0,0,0,0,0,0,0,0,0,0,0,0,0,0,0,0,0,0,0,0,0,0,Family member(s),Family member(s),Family member(s),No,Career/Professional,Career Success and Fulfillment,Access to Mental Health Services,0,1,0,1,0,2,4,2,0,0,2,3,Medium,Normal,0.2591169970433564,Normal,-364323738.73678464,Normal,0.5729971342096105,0,Normal
2024-05-29 12:16:47.087,tanyaprabhuprasad@gmail.com,23,Female,Jss Mysore ,MBA,4 and above,"Greater than 50,000",Family,Hindu,Lingayat ,Introvert,10-20,Music and art,,,Business owner/Entrepreneur,House wife,One,Religious,Two parents,No,No,No,Yes,No,0,0,0,0,0,0,0,0,0,0,0,0,0,0,0,0,0,0,0,0,0,0,0,0,0,Family member(s),Family member(s),Family member(s),No,"Career/Professional, Relationships (Family, Friends, Romantic), Physical Health, Personal Development/Growth",Good Physical Health and Well-being,"Access to Mental Health Services, Strong Social Support Networks, Effective Coping Skills Training, Education and Awareness Programs, Reduced Stigma Surrounding Mental Health, Positive Parental or Guardian Relationships, Supportive School Environments, Opportunities for Recreational Activities and Hobbies, Community Engagement and Volunteerism",0,1,2,3,0,0,2,2,0,0,2,3,Medium,Normal,0.21466499616376378,Normal,-1.0627383855220232,Normal,0.2755179383311046,0,Normal
2024-05-29 12:16:48.478,nshal1820@gmail.com,21,Female,Jss cms ,MBA,4 and above,"40,000 to 50,000",Family,Hindu,Bhramin ,Extrovert,10-20,Dancing ,,,Government employee,House wife,One,Religious,Two parents,No,Maybe,No,No,No,2,3,2,2,2,2,2,2,2,2,2,2,2,2,2,2,6,2,2,2,2,2,2,2,2,Friend(s),Friend(s),Family member(s),No,"Career/Professional, Relationships (Family, Friends, Romantic)",Strong and Healthy Relationships,Strong Social Support Networks,55,1,0,1,0,1,3,2,0,0,2,57,High,Normal,0.02023038774821473,Normal,-1.1402968754291019,Normal,1.2718909277762664,0,Normal
2024-05-29 12:17:04.817,rifataskeen.j2801@gmail.com,24,Female,JSS CMS,MBA,4 and above,"Greater than 50,000",Family,Muslim,2b,Extrovert,5-10,"Mehendi art work, calligraphy, playing volleyball, painting ",,,Business owner/Entrepreneur,House wife,Two,Religious,Two parents,No,No,Maybe,Yes,Yes,0,0,0,0,0,0,1,1,0,0,0,0,0,0,0,0,1,1,0,0,0,0,1,0,0,Friend(s),Friend(s),Friend(s),No,"Career/Professional, Physical Health, Mental Health/Well-being, Financial Stability, Personal Development/Growth",Positive Mental Health and Emotional Balance,"Access to Mental Health Services, Effective Coping Skills Training, Education and Awareness Programs, Positive Parental or Guardian Relationships, Supportive School Environments, Community Engagement and Volunteerism",5,2,2,4,0,0,2,0,2,0,2,9,Medium,Normal,0.16916747080805766,Normal,-1.0802506730659458,Normal,1.4000527119472101,0,Normal
2024-05-29 12:17:18.201,shivakumarmh66@gmail.com,24,Male,JSSCMS,MBA,4 and above,"10,000 to 20,000",Family,Hindu,vokkaliga ,Extrovert,Greater than 20,Playing outdoor games ,Alcohol,,Farmer,House wife,One,Spiritual but not religious,Two parents,Yes,Yes,Yes,Yes,Maybe,6,4,4,2,0,0,0,0,0,0,0,0,0,0,0,0,0,0,0,0,0,0,0,0,0,Friend(s),Friend(s),Friend(s),Yes,Career/Professional,Career Success and Fulfillment,Access to Mental Health Services,16,0,2,2,2,2,2,0,2,2,4,16,High,Normal,0.14658613269499854,Normal,-1.838597446641904,Normal,0.0008715880223060246,0,Normal
2024-05-29 12:17:45.111,vvaru154@gmail.com,21,Female,JSSCMS,MBA,4 and above,"20,000 to 30,000",Hostel / PG,Hindu,Kurubas,Introvert,5-10,Reading ,Alcohol,,Farmer,House wife,One,Religious,Two parents,No,Yes,No,No,No,1,1,1,1,1,1,1,1,1,1,1,1,1,1,1,1,1,1,1,1,1,1,1,1,1,Friend(s),Friend(s),Family member(s),No,"Relationships (Family, Friends, Romantic), Mental Health/Well-being",Career Success and Fulfillment,"Access to Mental Health Services, Strong Social Support Networks",25,2,0,2,0,2,4,2,0,0,2,29,High,Normal,0.1307401861083768,Normal,-1.6481952694119495,Normal,3.2528725262620624,0,Normal
2024-05-29 12:17:49.807,aryacsuresh9@gmail.com,22,Female,Jss centre for management studies. ,MBA,4 and above,"Greater than 50,000",Family,Hindu,Vishwakarma ,Ambivert,5-10,Nothing. ,,,Business owner/Entrepreneur,House wife,One,Spiritual but not religious,Two parents,No,Yes,No,Yes,Maybe,1,1,0,0,0,0,2,4,0,6,0,0,0,1,0,0,1,1,1,1,0,1,1,0,0,No one. ,No one. ,No one. ,No,"Career/Professional, Relationships (Family, Friends, Romantic), Physical Health, Mental Health/Well-being",Personal Growth and Development,"Access to Mental Health Services, Positive Parental or Guardian Relationships, Community Engagement and Volunteerism",21,2,2,4,0,2,4,0,0,0,0,29,High,Normal,0.06474182713540988,Normal,-1.6005236911868912,Normal,0.6196978711210681,0,Normal
2024-05-29 12:18:01.446,vandanagowda1103@gmail.com,21,Female,JSSCMS,MBA,4 and above,"40,000 to 50,000",Family,Hindu,Gowdas,Extrovert,10-20,Cooking,,,Private sector employee,House wife,One,Religious,Two parents,No,No,No,No,No,0,0,0,0,0,0,0,0,0,0,0,0,0,0,0,0,0,0,0,0,0,0,0,0,0,Family member(s),Friend(s),Family member(s),No,Career/Professional,Career Success and Fulfillment,Strong Social Support Networks,0,1,0,1,0,0,2,2,0,0,2,1,Low,Normal,0.26039187238892075,Normal,-1.0,Normal,0.5603940349488337,0,Normal
2024-05-29 12:18:19.764,sarahhayath@gmail.com,21,Female,Jss cms ,MBA,4 and above,"Greater than 50,000",Family,Muslim,Islam ,Ambivert,5-10,"Throwball, traveling, roasting ",,,Business owner/Entrepreneur,House wife,Three,Religious,One parent,No,Yes,No,Maybe,No,4,0,0,0,0,0,1,1,0,1,0,0,0,1,0,0,0,1,1,1,0,1,0,0,0,Friend(s),Friend(s),Friend(s),No,"Relationships (Family, Friends, Romantic), Physical Health, Mental Health/Well-being",Positive Mental Health and Emotional Balance,Positive Parental or Guardian Relationships,12,2,1,3,0,2,4,0,2,0,2,17,High,Normal,0.10215310621708285,Normal,-1.4027619745374695,Normal,1.5599405549951424,0,Normal
2024-05-29 12:18:43.343,vinuthashaiva2002@gmail.com,22,Female,SJCE MBA,MBA,4 and above,"Greater than 50,000",Family,Hindu,Lingayath ,Introvert,5-10,"Cooking ,playing ",,,Business owner/Entrepreneur,House wife,One,Religious,Two parents,No,No,No,No,No,0,0,0,0,0,0,1,0,0,2,0,0,0,2,0,0,0,2,0,0,0,2,0,0,0,Friend(s),Family member(s),Family member(s),No,Personal Development/Growth,Good Physical Health and Well-being,Reduced Stigma Surrounding Mental Health,9,2,0,2,0,0,2,2,0,0,2,11,Medium,Normal,0.13714058451672484,Normal,-3.360005751260443,Normal,1.6649217811739323,0,Normal
2024-05-29 12:19:00.253,akhilachhu007@gmail.com,22,Male,Jss cms,MBA,4 and above,"Greater than 50,000",Family,Hindu,Nair ,Extrovert,Greater than 20,"Photography, painting, traveling ",Alcohol,,Business owner/Entrepreneur,Private sector employee,One,Religious,Two parents,No,Maybe,No,No,No,0,0,0,0,0,0,0,0,0,0,0,1,0,0,0,1,0,0,0,0,0,0,0,0,0,Friend(s),Friend(s),Friend(s),No,"Physical Health, Financial Stability, Personal Development/Growth",Good Physical Health and Well-being,"Access to Mental Health Services, Strong Social Support Networks",2,0,0,0,0,1,3,0,2,0,2,3,Medium,Normal,0.27332611310912974,Normal,-1.8503798069049613,Normal,0.6257219970644341,0,Normal
2024-05-29 12:19:20.926,srushtihjsrushtihj@gmail.com,21,Female,Jss Mysore,MBA,3,"Greater than 50,000",Family,Hindu,Veerashaiva lingayath ,Extrovert,Greater than 20,"Drawing, listening to music etc ",,,Farmer,House wife,One,Religious,One parent,No,No,No,No,No,0,0,0,0,0,0,0,0,0,0,0,0,0,0,0,0,0,0,0,0,0,0,0,0,0,Friend(s),Friend(s),Friend(s),No,"Career/Professional, Physical Health, Financial Stability, Personal Development/Growth",Career Success and Fulfillment,"Strong Social Support Networks, Education and Awareness Programs, Supportive School Environments",0,0,0,0,0,0,2,0,2,0,2,0,Low,Normal,0.27787774594736653,Normal,-1.0,Normal,0.5930094755188309,0,Normal
2024-05-29 12:19:25.879,amithgowda985@gmail.com,22,Male,Jss ,MBA,4 and above,"Greater than 50,000",Family,Hindu,Voggaliga ,Extrovert,Greater than 20,Playing cricket ,,,Government employee,House wife,Four or more,Religious,Two parents,No,No,No,No,No,0,0,0,0,0,0,0,0,0,0,0,0,0,0,0,0,0,0,0,0,0,0,0,0,0,Family member(s),Friend(s),Family member(s),No,"Physical Health, Financial Stability",Financial Security and Stability,"Education and Awareness Programs, Positive Parental or Guardian Relationships",0,0,0,0,0,0,2,2,0,0,2,0,Low,Normal,0.27787774594736653,Normal,-1.0,Normal,0.5930094755188309,0,Normal
2024-05-29 12:19:30.574,tejasgowda744@gmail.com,21,Male,JSS Science and Technology University,MBA,4 and above,"30,000 to 40,000",Family,Hindu,Vokkaliga ,Ambivert,Greater than 20,"Lyricist,",,,Business owner/Entrepreneur,House wife,One,Religious,Two parents,No,No,Maybe,No,No,0,0,0,0,0,0,0,0,0,0,0,0,0,1,0,0,0,0,0,0,0,0,0,0,0,Religious or spiritual leader,Friend(s),Friend(s),No,"Career/Professional, Personal Development/Growth",Career Success and Fulfillment,"Access to Mental Health Services, Strong Social Support Networks, Positive Parental or Guardian Relationships",1,0,0,0,0,0,2,0,2,0,2,1,Low,Normal,0.24741096403085822,Normal,-3053451701.7884893,Normal,0.6816340840657382,0,Normal
2024-05-29 12:19:55.599,anjaliappi8095@gmail.com,22,Female,JSS centre of management studies ,MBA,3,"10,000 to 20,000",Hostel / PG,Hindu,Vakaliga,Introvert,5-10,Sleeping ,,,Farmer,House wife,One,Spiritual but not religious,One parent,No,No,No,No,No,0,0,0,0,0,0,0,0,0,0,0,0,0,0,0,0,0,0,0,0,0,0,0,0,0,Family member(s),Friend(s),Friend(s),No,Career/Professional,Career Success and Fulfillment,Positive Parental or Guardian Relationships,0,2,0,2,0,0,2,0,2,0,2,2,Low,Normal,0.2717792342701301,Normal,-1.0,Normal,1.1062082140844476,0,Normal
2024-05-29 12:20:24.345,chitrahc30@gmail.com,22,Female,JC,MBA,4 and above,"Greater than 50,000",Family,Hindu,Lingayat,Introvert,Less than 5,Reading books,,,Private sector employee,House wife,One,Spiritual but not religious,Two parents,No,No,Maybe,No,No,0,0,0,0,0,0,0,0,0,0,0,0,0,0,0,0,0,0,1,0,0,0,0,0,0,Family member(s),Family member(s),Family member(s),No,Career/Professional,Career Success and Fulfillment,"Education and Awareness Programs, Positive Parental or Guardian Relationships",1,3,0,3,0,0,2,2,0,0,2,4,Medium,Normal,0.23332632818899723,Outlier,-6059992993.847497,Normal,0.8637461181125117,1,Moderate Outlier
2024-05-29 12:20:29.909,chandancrgowda2002@gmail.com,22,Male,JSS CMS,MBA,4 and above,"10,000 to 20,000",Family,Hindu,VOKKALIGA GOWDRU,Extrovert,Greater than 20,Travelling,,,Farmer,House wife,One,Religious,Two parents,No,No,No,No,No,0,0,0,0,0,0,0,0,0,0,0,0,0,0,0,0,0,0,0,0,0,0,0,0,0,Friend(s),Friend(s),Friend(s),No,Career/Professional,Good Physical Health and Well-being,Education and Awareness Programs,0,0,0,0,0,0,2,0,2,0,2,0,Low,Normal,0.27787774594736653,Normal,-1.0,Normal,0.5930094755188309,0,Normal
2024-05-29 12:20:39.393,sagarrsagarr89@gmail.com,21,Male,Jss science and technology ,MBA,4 and above,"10,000 to 20,000",Family,Hindu,Kuruba ,Extrovert,Less than 5,Playing chess,,,Farmer,House wife,One,Religious,Two parents,Yes,No,No,No,No,0,0,0,0,0,0,0,0,0,0,0,0,0,0,0,0,0,0,0,0,0,0,0,0,0,Family member(s),Family member(s),Family member(s),No,Personal Development/Growth,Personal Growth and Development,Education and Awareness Programs,0,3,0,3,2,0,0,2,0,0,2,1,Low,Normal,0.251561828599095,Normal,-462509539.18068475,Normal,0.7172217620507846,0,Normal
2024-05-29 12:20:44.735,nisargavrao@gmail.com,21,Female,JSS CMS,MBA,4 and above,"Greater than 50,000",Family,Hindu,Maratha,Extrovert,Less than 5,Badminton ,Alcohol,,Business owner/Entrepreneur,Business owner/Entrepreneur,One,Religious,Two parents,No,No,No,Yes,No,0,0,0,0,1,0,0,0,0,0,0,0,0,0,0,0,0,1,0,0,0,0,0,0,0,Family member(s),Family member(s),Family member(s),No,"Career/Professional, Financial Stability, Personal Development/Growth",Career Success and Fulfillment,"Access to Mental Health Services, Education and Awareness Programs, Reduced Stigma Surrounding Mental Health, Positive Parental or Guardian Relationships, Supportive School Environments, Opportunities for Recreational Activities and Hobbies, Community Engagement and Volunteerism",2,3,2,5,0,0,2,2,0,0,2,7,Medium,Normal,0.20995476250110073,Normal,-0.9926775634826839,Normal,0.6224086848222301,0,Normal
2024-05-29 12:20:53.049,priyankapriyasg0001@gmail.com,22,Female,SJCE,MBA,4 and above,"30,000 to 40,000",Family,Hindu,Lingayath ,Extrovert,Less than 5,Cooking ,,,Farmer,House wife,One,Religious,Two parents,No,No,No,No,No,0,0,0,0,0,0,0,0,0,0,0,0,0,0,0,0,0,0,0,0,0,0,0,0,0,Friend(s),Friend(s),Family member(s),No,Career/Professional,Career Success and Fulfillment,Reduced Stigma Surrounding Mental Health,0,3,0,3,0,0,2,2,0,0,2,3,Medium,Normal,0.25612827643167974,Normal,-1.0,Normal,0.7322037115749263,0,Normal
2024-05-29 12:20:58.523,abigailmartin11@gmail.com,22,Female,JSS Centre for Management Studies ,MBA,4 and above,"10,000 to 20,000",Family,Christian,Protestant ,Ambivert,10-20,Reading and Singing ,,,Retired,House wife,One,Religious,,No,No,Yes,Maybe,No,0,0,0,0,0,0,0,0,0,0,0,0,0,0,0,0,0,0,0,0,0,0,0,0,0,Friend(s),Family member(s),Family member(s),No,Physical Health,Career Success and Fulfillment,"Access to Mental Health Services, Education and Awareness Programs, Positive Parental or Guardian Relationships",0,1,1,2,0,0,2,2,0,0,2,2,Low,Normal,0.20935382304576483,Normal,-0.980329261588969,Normal,0.011511224081417915,0,Normal
2024-05-29 12:21:04.563,bmanand746@gmail.com,21,Male,Jss science and technical university ,MBA,4 and above,"Less than 10,000",Family,Hindu,Lingayath ,Extrovert,5-10,Good ,,,Farmer,House wife,One,Religious,One parent,No,No,Yes,No,Maybe,6,0,0,0,0,0,1,0,0,0,0,0,0,1,1,0,0,0,0,0,0,1,0,0,0,Friend(s),Family member(s),Partner/Spouse,Yes,Financial Stability,Financial Security and Stability,Positive Parental or Guardian Relationships,10,2,0,2,0,0,2,0,0,2,2,12,High,Normal,0.15394984828834712,Normal,-1.792666918066716,Normal,0.8557017205592015,0,Normal
2024-05-29 12:21:07.904,vara33490@gmail.com,21,Female,JSS CMS,MBA,4 and above,"30,000 to 40,000",Family,Hindu,Vokkaliga gowdas,Introvert,5-10,Painting ,,,Farmer,House wife,Two,Spiritual but not religious,Two parents,Maybe,No,No,No,No,0,0,0,0,0,0,0,0,0,0,0,0,0,0,0,0,0,0,0,0,0,0,0,0,0,Family member(s),Friend(s),Partner/Spouse,No,"Career/Professional, Personal Development/Growth",Career Success and Fulfillment,Positive Parental or Guardian Relationships,0,2,0,2,1,0,1,0,0,0,0,3,Medium,Normal,0.2714246708248951,Normal,-289068462.3218824,Normal,1.113563809130481,0,Normal
2024-05-29 12:21:50.705,dlsushmitha813@gmail.com,22,Female,SJCE ,MBA,4 and above,"20,000 to 30,000",Family,Hindu,Das banajiga ,Introvert,Less than 5,Drawing ,,,Business owner/Entrepreneur,House wife,One,Spiritual but not religious,Two parents,No,No,No,No,Maybe,2,2,2,2,0,0,2,2,2,2,1,1,1,1,1,0,1,2,1,2,2,2,1,0,1,Friend(s),Friend(s),Family member(s),No,Mental Health/Well-being,Career Success and Fulfillment,Access to Mental Health Services,33,3,0,3,0,0,2,2,0,0,2,36,High,Normal,0.07933812060339229,Normal,-1.4068361875657815,Normal,3.130574731353472,0,Normal
2024-05-29 12:22:09.787,manojashwath7@gmail.com,22,Male,JSS CMS,MBA,4 and above,"20,000 to 30,000",Family,Hindu,Vokkaliga (gowda),Introvert,10-20,"Drawing, reading books, exploring new places ",,,Farmer,House wife,One,Spiritual but not religious,Two parents,Yes,No,Yes,Maybe,Maybe,1,0,0,0,0,0,4,1,0,1,0,0,0,2,0,0,0,1,2,0,0,2,2,0,0,My partner ,May partner,My partner ,No,"Career/Professional, Relationships (Family, Friends, Romantic), Physical Health, Mental Health/Well-being, Financial Stability, Personal Development/Growth, Others",Positive Mental Health and Emotional Balance,Access to Mental Health Services,16,1,1,2,2,0,0,0,0,0,0,18,High,Normal,0.05497028051777475,Normal,-1.5837891028847761,Normal,0.8431971110728655,0,Normal
2024-05-29 12:22:16.112,ishanshk2001@gmail.com,23,Male,JSS science and technology ,MBA,4 and above,"Greater than 50,000",I live alone ,Muslim,Muslim ,Introvert,Greater than 20,Café hoping ,Tobacco,,Business owner/Entrepreneur,House wife,Two,Religious,,No,Yes,No,No,No,4,3,2,2,0,0,0,1,4,4,4,0,2,2,2,1,1,4,1,0,0,0,0,0,0,The almighty (Allah),God,Partner/Spouse,No,"Career/Professional, Physical Health, Mental Health/Well-being, Financial Stability, Personal Development/Growth",Positive Mental Health and Emotional Balance,Access to Mental Health Services,37,0,0,0,0,2,4,0,0,0,0,41,High,Outlier,-0.005574506553955638,Normal,-1.521817617759004,Normal,0.15095939657160118,1,Moderate Outlier
2024-05-29 12:22:16.472,bhoomikab038@gmail.com,21,Female,Sjce,MBA,3,"20,000 to 30,000",Family,Hindu,veerashaiva lingayat,Introvert,Greater than 20,Travelling music ,,,Contractor ,House wife,,Religious,Two parents,Yes,No,Maybe,No,Maybe,0,0,0,0,0,0,0,0,0,0,0,0,0,0,0,0,0,0,0,0,0,0,0,0,0,Friend(s),Family member(s),Partner/Spouse,No,"Career/Professional, Relationships (Family, Friends, Romantic), Mental Health/Well-being",Strong and Healthy Relationships,Access to Mental Health Services,0,0,0,0,2,0,0,0,0,0,0,0,Low,Normal,0.27787774594736653,Normal,-1.0,Normal,0.5930094755188309,0,Normal
2024-05-29 12:22:19.499,dhamithgowda@gmail.com,22,Male,Jss cms,MBA,4 and above,"30,000 to 40,000",Family,Hindu,Gowda,Introvert,Less than 5,Cricket and web series,"Alcohol, Tobacco",,Business owner/Entrepreneur,House wife,One,Atheist (do not believe in the existence of a higher power),Two parents,Yes,No,Yes,Yes,Yes,5,5,4,5,3,0,2,1,5,4,4,0,0,5,4,1,1,0,5,6,0,5,5,1,0,Friend(s),Friend(s),Friend(s),No,"Career/Professional, Relationships (Family, Friends, Romantic), Physical Health, Mental Health/Well-being, Financial Stability, Personal Development/Growth, Other",Career Success and Fulfillment,"Access to Mental Health Services, Strong Social Support Networks, Reduced Stigma Surrounding Mental Health, Positive Parental or Guardian Relationships",71,3,2,5,2,0,0,0,2,0,2,74,High,Outlier,-0.007247758915239655,Normal,-1.2819297615971452,Normal,0.0004434790592422466,1,Moderate Outlier
2024-05-29 12:22:21.017,shreethanu084@gmail.com,21,Female,Jss Cms,MBA,4 and above,"30,000 to 40,000",Family,Hindu,Gowdas,Extrovert,Greater than 20,Listing music,,,Farmer,House wife,One,Religious,Two parents,No,No,Maybe,No,Maybe,0,0,0,0,0,0,0,0,0,0,0,0,0,0,0,0,0,0,0,0,0,0,0,0,0,Family member(s),Family member(s),Family member(s),No,Career/Professional,Career Success and Fulfillment,"Positive Parental or Guardian Relationships, Supportive School Environments",0,0,0,0,0,0,2,2,0,0,2,0,Low,Normal,0.27787774594736653,Normal,-1.0,Normal,0.5930094755188309,0,Normal
2024-05-29 12:22:25.181,nishanthgowdanishu143@gmail.com,21,Male,SJCM Mysore ,MBA,4 and above,"10,000 to 20,000",Family,Hindu,3A,Introvert,Greater than 20,Give good vibes ,Alcohol,,Farmer,House wife,,Spiritual but not religious,,No,Yes,No,No,No,0,0,0,0,0,0,6,6,0,0,6,0,0,0,6,0,0,1,0,0,0,0,0,0,0,Friend(s),Friend(s),Friend(s),Yes,Career/Professional,Career Success and Fulfillment,Positive Parental or Guardian Relationships,25,0,0,0,0,2,4,0,2,2,4,25,High,Normal,0.01877859286747119,Normal,-3.0343776942438123,Outlier,-1.1165935226960508,1,Moderate Outlier
2024-05-29 12:22:27.529,shakeabhi002@gmail.com,23,Male,Jss science and technology university,MBA,3,"20,000 to 30,000",Family,Hindu,GM,Ambivert,5-10,Reading books,,,Private sector employee,House wife,One,Religious,Two parents,No,No,No,No,No,1,0,0,0,0,0,0,0,0,0,0,0,0,1,0,0,0,0,0,0,0,0,1,0,0,Family member(s),Family member(s),Family member(s),Maybe,"Career/Professional, Physical Health, Mental Health/Well-being, Financial Stability, Personal Development/Growth",Good Physical Health and Well-being,"Access to Mental Health Services, Strong Social Support Networks, Education and Awareness Programs, Positive Parental or Guardian Relationships, Supportive School Environments",3,2,0,2,0,0,2,2,0,1,3,4,Medium,Normal,0.23561823254809605,Outlier,-5182857769.875904,Normal,1.5294515293680266,1,Moderate Outlier
2024-05-29 12:22:34.419,gowthamkuthamotte@gamil.com,21,Male,Jss cms ,MBA,4 and above,"Less than 10,000",Hostel / PG,Hindu,Vokkaliga,Introvert,Less than 5,Listing to music playnig games ,No,,Business owner/Entrepreneur,House wife,One,Religious,Two parents,No,No,Yes,Yes,No,1,0,0,0,0,0,0,0,0,0,0,0,0,0,0,0,1,0,0,0,0,0,0,0,0,Friend(s),Friend(s),Family member(s),No,"Career/Professional, Relationships (Family, Friends, Romantic), Physical Health, Mental Health/Well-being, Financial Stability, Personal Development/Growth",Work-Life Balance,"Strong Social Support Networks, Education and Awareness Programs, Positive Parental or Guardian Relationships, Supportive School Environments",2,3,2,5,0,0,2,2,0,0,2,7,Medium,Normal,0.1929540471246997,Normal,-0.9782419713877426,Normal,0.6387131103064947,0,Normal
2024-05-29 12:22:35.012,Praneshsundu@gmail.com,21,Male,Jss sjce,MBA,4 and above,"40,000 to 50,000",Hostel / PG,Hindu,Baduga,Introvert,Greater than 20,Traveling ,,,Government employee,House wife,One,Agnostic (unsure about the existence of a higher power),One parent,No,No,No,No,No,1,0,0,0,0,0,0,0,0,0,0,0,0,0,0,0,0,0,0,0,0,0,0,0,0,Family member(s),Family member(s),Friend(s),No,"Relationships (Family, Friends, Romantic), Physical Health",Career Success and Fulfillment,"Strong Social Support Networks, Education and Awareness Programs, Supportive School Environments, Opportunities for Recreational Activities and Hobbies, ",1,0,0,0,0,0,2,0,2,0,2,1,Low,Normal,0.2635937811163675,Normal,-2527036591.2364244,Normal,0.7473357246635013,0,Normal
2024-05-29 12:23:23.665,shreyasjay@gmail.com,Above 24,Male,Jsscms,MBA,4 and above,"30,000 to 40,000",Family,Hindu,Brahmins,Ambivert,Greater than 20,"Cricket, badminton, chess","Alcohol, Tobacco",,Expired,House wife,,Agnostic (unsure about the existence of a higher power),One parent,No,No,Maybe,No,No,0,0,0,0,0,0,0,0,0,0,0,0,0,0,0,0,0,0,0,0,0,0,0,0,0,Friend(s),Family member(s),Family member(s),Yes,Career/Professional,Career Success and Fulfillment,"Access to Mental Health Services, Strong Social Support Networks, Education and Awareness Programs, Supportive School Environments, Opportunities for Recreational Activities and Hobbies",0,0,0,0,0,0,2,2,0,2,4,-2,Low,Normal,0.27035232890815797,Normal,-25423049.789011676,Normal,0.5778569246552383,0,Normal
2024-05-29 12:23:30.969,rakshitachegde@gmail.com,21,Female,JSS Science and technology University ,MBA,4 and above,"Greater than 50,000",Hostel / PG,Hindu,Brahmin,Introvert,Less than 5,Drawing ,,,Farmer,House wife,One,Religious,Two parents,No,No,No,No,No,0,0,0,0,0,0,0,0,0,0,0,0,0,0,0,0,0,0,0,0,0,0,0,0,0,Friend(s),Friend(s),Family member(s),No,Personal Development/Growth,Positive Mental Health and Emotional Balance,Access to Mental Health Services,0,3,0,3,0,0,2,2,0,0,2,3,Medium,Normal,0.25612827643167974,Normal,-1.0,Normal,0.7322037115749263,0,Normal
2024-05-29 12:23:57.632,rahulchandan9353@gmail.com,21,Male,Jsscms,MBA,4 and above,"20,000 to 30,000",Family,Hindu,Lingayat ,Extrovert,Greater than 20,Listening music ,,,Farmer,House wife,One,Spiritual but not religious,Two parents,No,Maybe,Maybe,No,No,0,0,0,0,0,0,0,0,0,0,0,1,0,0,0,0,0,0,0,0,0,0,0,0,0,Family member(s),Family member(s),Family member(s),No,Career/Professional,Career Success and Fulfillment,Strong Social Support Networks,1,0,0,0,0,1,3,2,0,0,2,2,Low,Normal,0.27577089177667374,Normal,-1.1684305061607616,Normal,0.6132327409292389,0,Normal
2024-05-29 12:24:05.925,sufiyanmd528@gmail.com,Above 24,Male,Jsscms,MBA,3,"20,000 to 30,000",Family,Muslim,Sunni,Ambivert,Less than 5,Nun for now,,,Retired,House wife,One,Religious,One parent,No,Maybe,Yes,Yes,Yes,3,0,0,0,0,0,0,0,0,0,0,0,1,0,0,0,1,6,0,0,0,0,0,0,0,Go to gym,Friend(s),Friend(s),No,"Career/Professional, Relationships (Family, Friends, Romantic), Physical Health, Mental Health/Well-being, Financial Stability, Personal Development/Growth",To be free to do anything ,"Access to Mental Health Services, Strong Social Support Networks, Reduced Stigma Surrounding Mental Health, Positive Parental or Guardian Relationships, Supportive School Environments",11,3,2,5,0,1,3,0,2,0,2,17,High,Normal,0.0969562341888851,Normal,-2.4835099666535796,Normal,1.7716195661598988e-06,0,Normal
2024-05-29 12:24:55.413,anjalishinde26720@gmail.com,22,Female,JSSCMS ,MBA,4 and above,"Greater than 50,000",Hostel / PG,Hindu,SC,Ambivert,Less than 5,Reading books ,,,Government employee,House wife,One,Spiritual but not religious,Two parents,No,No,No,Yes,Maybe,2,1,0,1,0,0,6,2,2,2,0,0,0,0,0,0,0,1,6,6,0,0,6,1,1,Family member(s),Family member(s),Family member(s),No,"Career/Professional, Mental Health/Well-being, Personal Development/Growth",Career Success and Fulfillment,Access to Mental Health Services,37,3,2,5,0,0,2,2,0,0,2,42,High,Outlier,-0.0017996931761714574,Normal,-1.7463383556594365,Outlier,-0.6499865784361503,2,Critical Outlier
2024-05-29 12:24:55.637,sandesh7654321@gmail.com,22,Male,JSS CMS mysore,MBA,4 and above,"Less than 10,000",Family,Hindu,Schedule caste,Extrovert,10-20,Reading books,,,no more,Laborer/Blue-collar worker,Two,Religious,One parent,No,No,No,No,No,0,0,0,0,0,0,0,0,0,0,0,0,0,0,0,0,0,0,0,0,0,0,0,0,0,Family member(s),Family member(s),Family member(s),No,Career/Professional,Positive Mental Health and Emotional Balance,Positive Parental or Guardian Relationships,0,1,0,1,0,0,2,2,0,0,2,1,Low,Normal,0.26039187238892075,Normal,-1.0,Normal,0.5603940349488337,0,Normal
2024-05-29 12:25:41.852,shwetahegde759@gmail.com,22,Female,"JSS, science and technology Mysore ",MBA,4 and above,"Greater than 50,000",Gaurdian,Hindu,Havyaka Brahmin ,Introvert,5-10,"Watching movie, drawing ",,,Government employee,House wife,One,Religious,Two parents,No,No,No,No,No,0,0,0,0,0,0,0,0,0,0,0,0,0,0,0,0,0,0,0,0,0,0,0,0,0,Family member(s),Friend(s),Family member(s),No,Career/Professional,Personal Growth and Development,Access to Mental Health Services,0,2,0,2,0,0,2,2,0,0,2,2,Low,Normal,0.2717792342701301,Normal,-1.0,Normal,1.1062082140844476,0,Normal
2024-05-29 12:25:49.369,sagargowda90085@gmail.com,21,Male,"JSS SCIENCE AND TECHNOLOGY UNIVERSITY, Mysore",MBA,4 and above,"20,000 to 30,000",Family,Hindu,Vokkaliga (Gowda 3A),Extrovert,Greater than 20,Reading And Writing ,,,Farmer,House wife,One,Spiritual but not religious,Two parents,No,No,No,No,No,0,0,0,0,0,0,0,0,0,0,0,0,6,0,0,0,1,0,0,0,0,0,0,0,0,Family member(s),Family member(s),Family member(s),No,Physical Health,Strong and Healthy Relationships,Supportive School Environments,7,0,0,0,0,0,2,2,0,0,2,7,Medium,Normal,0.23344717827476408,Normal,-14.867650527453574,Normal,0.6918652331369826,0,Normal
2024-05-29 12:25:57.664,yoganandasshivamallappa@gmail.com,21,Male,JSS college Mysore ,MBA,4 and above,"10,000 to 20,000",Family,Hindu,Lingayath ,Introvert,Greater than 20,Play cricket ,,,Farmer,House wife,One,Spiritual but not religious,Two parents,No,No,No,No,No,0,0,0,1,0,0,0,0,0,0,0,0,0,0,0,0,0,0,0,0,0,0,0,0,0,Friend(s),Family member(s),Family member(s),Yes,Career/Professional,Career Success and Fulfillment,Community Engagement and Volunteerism,1,0,0,0,0,0,2,2,0,2,4,-1,Low,Normal,0.27073771291365356,Normal,-207394323.21469742,Normal,0.5920384968974393,0,Normal
2024-05-29 12:26:13.375,bharathsbharath674@gmail.com,21,Male,Jss science and technology university mysuru,MBA,4 and above,"30,000 to 40,000",Family,Christian,christian,Introvert,Greater than 20,watching movie,,,Laborer/Blue-collar worker,Business owner/Entrepreneur,One,Religious,Two parents,No,Yes,Yes,No,No,0,1,0,0,0,0,1,2,0,0,0,0,0,2,0,0,1,0,2,2,0,0,3,2,0,Religious or spiritual leader,Friend(s),Friend(s),Yes,Career/Professional,Career Success and Fulfillment,"Access to Mental Health Services, ",16,0,0,0,0,2,4,0,2,2,4,16,High,Normal,0.07613650343684197,Normal,-3.4502768479508923,Normal,1.201061010821209,0,Normal
2024-05-29 12:27:06.146,likithsatish2323@gmail.com,21,Male,Jss science and technology University ,MBA,4 and above,"10,000 to 20,000",Family,Hindu,VAKKALIGA ,Introvert,5-10,Watching movies,,,Farmer,House wife,One,Spiritual but not religious,Two parents,No,Maybe,No,No,No,0,0,0,0,0,0,2,0,0,0,0,0,0,0,0,0,0,1,2,1,0,0,0,0,0,Friend(s),Friend(s),Friend(s),No,Career/Professional,Positive Mental Health and Emotional Balance,Strong Social Support Networks,6,2,0,2,0,1,3,0,2,0,2,9,Medium,Normal,0.17386025689292328,Normal,-1879490684.4113953,Normal,1.7276400789480277,0,Normal
2024-05-31 11:13:09.738,shrivatsa1947@gmail.com,23,Male,"KLS Gogte Institute of Technology,Belagavi",M.Tech,3,"Greater than 50,000",Family,Hindu,Bhramin,Introvert,10-20,"Singing, cooking",,,Business owner/Entrepreneur,House wife,One,Religious,Two parents,No,No,No,No,No,0,0,0,0,0,0,0,0,0,0,0,0,0,0,0,0,0,0,0,0,0,0,0,0,0,Family member(s),Family member(s),Family member(s),No,"Physical Health, Personal Development/Growth",Career Success and Fulfillment,"Access to Mental Health Services, Strong Social Support Networks, Education and Awareness Programs, Positive Parental or Guardian Relationships, Supportive School Environments, Opportunities for Recreational Activities and Hobbies",0,1,0,1,0,0,2,2,0,0,2,1,Low,Normal,0.26039187238892075,Normal,-1.0,Normal,0.5603940349488337,0,Normal
2024-05-31 11:13:45.056,vitthalghasti60@gmail.com,22,Male,KLS GIT BELGAVI ,B.E / B.Tech,4 and above,"30,000 to 40,000",Family,Hindu,HINDU ST,Extrovert,Greater than 20,Playing Cricket ,,,Farmer,House wife,,Religious,One parent,No,Yes,Yes,Yes,No,0,0,0,0,0,0,0,0,0,0,0,0,0,0,0,0,0,0,0,0,0,0,0,0,0,Friend(s),Friend(s),Family member(s),Yes,"Career/Professional, Physical Health",Career Success and Fulfillment,"Access to Mental Health Services, Reduced Stigma Surrounding Mental Health",0,0,2,2,0,2,4,2,0,2,4,2,Low,Normal,0.23306624159752165,Normal,-0.9970473281653722,Normal,0.5269621420905759,0,Normal
2024-05-31 11:14:30.885,abhishek76192@gmail.com,21,Male,Gogte institute of technology ,B.E / B.Tech,4 and above,"10,000 to 20,000",Hostel / PG,Hindu,Hindu uppar,Extrovert,5-10,Gaming ,,,Business owner/Entrepreneur,House wife,Two,Religious,Two parents,Yes,No,No,No,No,0,0,0,0,0,0,0,0,0,0,0,0,0,0,0,0,0,0,0,0,0,0,0,0,0,Friend(s),Friend(s),Friend(s),No,"Career/Professional, Relationships (Family, Friends, Romantic), Physical Health, Mental Health/Well-being, Financial Stability, Personal Development/Growth",Career Success and Fulfillment,"Access to Mental Health Services, Positive Parental or Guardian Relationships",0,2,0,2,2,0,0,0,2,0,2,0,Low,Normal,0.26777954210617566,Normal,-422192095.91704386,Normal,1.0902973251368566,0,Normal
2024-05-31 11:15:08.901,shubhamdesai8586@gmail.com,21,Male,KLS GIT,B.E / B.Tech,3,"20,000 to 30,000",Family,Jain,Jain Digambar,Introvert,10-20,Playing Cricket p,,,Business owner/Entrepreneur,House wife,,Religious,Two parents,No,Yes,No,No,No,0,0,0,0,0,0,0,0,0,0,0,0,0,0,0,0,0,0,0,0,0,0,0,0,0,Family member(s),Family member(s),Family member(s),No,Career/Professional,Career Success and Fulfillment,"Access to Mental Health Services, Positive Parental or Guardian Relationships, Supportive School Environments, Community Engagement and Volunteerism",0,1,0,1,0,2,4,2,0,0,2,3,Medium,Normal,0.2591169970433564,Normal,-364323738.73678464,Normal,0.5729971342096105,0,Normal
2024-05-31 11:15:25.821,vaibhavichougala.1626@gmail.com,20,Female,KLS GIT college ,B.E / B.Tech,4 and above,"10,000 to 20,000",Hostel / PG,Jain,Digamber jain,Ambivert,5-10,Sketching ,Alcohol,,Government employee,House wife,One,Religious,Two parents,Yes,No,Yes,Yes,Yes,0,0,0,0,0,0,0,0,0,0,0,0,0,0,0,0,0,0,0,0,0,0,0,0,0,Family member(s),Family member(s),Family member(s),No,"Career/Professional, Relationships (Family, Friends, Romantic), Physical Health, Mental Health/Well-being, Financial Stability, Personal Development/Growth",Work-Life Balance,"Access to Mental Health Services, Strong Social Support Networks, Positive Parental or Guardian Relationships",0,2,2,4,2,0,0,2,0,0,2,2,Low,Normal,0.23575155043933976,Normal,-0.9954796552923163,Normal,0.7179218662597293,0,Normal
2024-05-31 11:15:29.290,sudeepdolleshwar1@gmail.com,21,Male,KLS GOGTE INSTITUTE OF TECHNOLOGY BELAGAVI ,B.E / B.Tech,4 and above,"Greater than 50,000",Family,Hindu,Hindu ,Extrovert,10-20,Playing musical instruments ,,,Doctor ,House wife,One,Religious,Two parents,No,No,No,No,No,0,0,0,0,0,0,0,0,0,0,0,0,0,0,0,0,0,0,0,0,0,0,0,0,0,Family member(s),Family member(s),Family member(s),No,Career/Professional,Career Success and Fulfillment,"Positive Parental or Guardian Relationships, Supportive School Environments",0,1,0,1,0,0,2,2,0,0,2,1,Low,Normal,0.26039187238892075,Normal,-1.0,Normal,0.5603940349488337,0,Normal
2024-05-31 11:15:33.780,srahulkamble65@gmail.com,20,Male,Kls gogte institute of technology ,B.E / B.Tech,4 and above,"20,000 to 30,000",Hostel / PG,Hindu,Sc,Introvert,Greater than 20,Running ,,,Government employee,House wife,One,Spiritual but not religious,Two parents,No,No,No,No,No,0,0,0,0,0,0,0,0,0,0,0,0,0,0,0,0,0,0,0,0,0,0,0,0,0,Friend(s),Friend(s),Friend(s),No,Career/Professional,Financial Security and Stability,Strong Social Support Networks,0,0,0,0,0,0,2,0,2,0,2,0,Low,Normal,0.27787774594736653,Normal,-1.0,Normal,0.5930094755188309,0,Normal
2024-05-31 11:15:41.664,vishwanathsontanavar@gmail.com,21,Male,KLS GOGTE INSTITUTE OF TECHNOLOGY ,B.E / B.Tech,3,"10,000 to 20,000",Family,Hindu,Hindu banajiga,Ambivert,Greater than 20,Playing ,Alcohol,,Government employee,House wife,One,Religious,One parent,No,Yes,No,No,Yes,0,0,0,0,0,0,0,0,0,0,0,0,0,0,0,0,0,0,2,2,0,0,0,0,0,Friend(s),Friend(s),Family member(s),No,"Career/Professional, Relationships (Family, Friends, Romantic), Physical Health, Financial Stability",Financial Security and Stability,Positive Parental or Guardian Relationships,4,0,0,0,0,2,4,2,0,0,2,6,Medium,Normal,0.18174579735099528,Normal,-36.733109217584214,Normal,0.850614406947134,0,Normal
2024-05-31 11:15:49.759,pavannpk1609@gmail.com,24,Male,GIT Belagavi ,B.E / B.Tech,4 and above,"10,000 to 20,000",Family,Hindu,Veerashaiva Lingayat ,Extrovert,Less than 5,Riding ,,,Farmer,House wife,Four or more,Spiritual but not religious,Two parents,No,No,No,No,No,0,0,0,0,0,0,0,0,0,0,0,0,0,0,0,0,0,0,0,0,0,0,0,0,0,Friend(s),Friend(s),Family member(s),No,Physical Health,Good Physical Health and Well-being,Access to Mental Health Services,0,3,0,3,0,0,2,2,0,0,2,3,Medium,Normal,0.25612827643167974,Normal,-1.0,Normal,0.7322037115749263,0,Normal
2024-05-31 11:15:59.477,git21me008-t@students.git.edu,21,Male,"GOGTE INSTITUTE OF TECHNOLOGY  ,BELGAVI",B.E / B.Tech,4 and above,"20,000 to 30,000",Family,Hindu,Maratha,Extrovert,Greater than 20,Having greater physic,,,Private sector employee,House wife,One,Religious,Two parents,Yes,Yes,No,Maybe,Maybe,0,0,0,0,0,0,0,0,0,0,0,0,0,0,0,0,0,0,0,0,0,0,0,0,0,Family member(s),Family member(s),Friend(s),No,"Career/Professional, Physical Health",Career Success and Fulfillment,Positive Parental or Guardian Relationships,0,0,1,1,2,2,2,0,2,0,2,1,Low,Normal,0.23876818003799066,Normal,-1.002552227406325,Normal,0.1565796972153919,0,Normal
2024-05-31 11:16:11.025,salgudisameer7027@gmail.com,21,Male,KLS GOGTE INSTITUTE OF TECHNOLOGY ,B.E / B.Tech,4 and above,"Greater than 50,000",Family,Hindu,Maratha ,Extrovert,Greater than 20,Cricket ,,,Private sector employee,House wife,One,Religious,Two parents,No,No,No,No,No,0,0,0,0,0,0,0,0,0,0,0,0,0,0,0,0,0,0,0,0,0,0,0,0,0,Family member(s),Friend(s),Family member(s),No,"Career/Professional, Physical Health, Financial Stability, Personal Development/Growth",Financial Security and Stability,"Access to Mental Health Services, Education and Awareness Programs, Reduced Stigma Surrounding Mental Health, Positive Parental or Guardian Relationships",0,0,0,0,0,0,2,2,0,0,2,0,Low,Normal,0.27787774594736653,Normal,-1.0,Normal,0.5930094755188309,0,Normal
2024-05-31 11:26:25.064,sartz6434@gmail.com,20,Male,Gogte institute of technology ,B.E / B.Tech,3,"10,000 to 20,000",Family,Hindu,DAIVADNYA BRAHMIN,Extrovert,Less than 5,Singing ,,,Business owner/Entrepreneur,House wife,One,Religious,One parent,No,No,No,No,Yes,3,3,3,3,3,3,3,3,3,3,3,3,3,3,3,3,3,3,3,3,3,3,3,3,3,Friend(s),Religious or spiritual leader,Family member(s),No,"Financial Stability, Personal Development/Growth",Good Physical Health and Well-being,"Strong Social Support Networks, Effective Coping Skills Training, Reduced Stigma Surrounding Mental Health, Positive Parental or Guardian Relationships",75,3,0,3,0,0,2,2,0,0,2,78,High,Normal,0.0884346333937891,Normal,-0.9613499980323542,Normal,2.897187604987746,0,Normal
2024-05-31 11:16:24.702,22U1364@students.git.edu,20,Male,Kls Git,B.E / B.Tech,4 and above,"40,000 to 50,000",Family,Hindu,Namdev shimpi,Introvert,10-20,Painting,,,Industrialist,House wife,One,Religious,Two parents,No,No,Maybe,No,No,0,0,0,0,0,0,0,0,0,0,0,0,0,0,0,0,0,0,0,0,0,0,0,0,0,Family member(s),Family member(s),Family member(s),No,Career/Professional,Career Success and Fulfillment,"Access to Mental Health Services, Strong Social Support Networks, Effective Coping Skills Training, Education and Awareness Programs, Reduced Stigma Surrounding Mental Health, Positive Parental or Guardian Relationships, Supportive School Environments, Opportunities for Recreational Activities and Hobbies, Community Engagement and Volunteerism",0,1,0,1,0,0,2,2,0,0,2,1,Low,Normal,0.26039187238892075,Normal,-1.0,Normal,0.5603940349488337,0,Normal
2024-05-31 11:16:30.349,kitturarmaan@gmail.com,20,Male,K.L.S Gogte Institute of Technology ,B.E / B.Tech,4 and above,"Greater than 50,000",Family,Muslim,SUNNI,Ambivert,10-20,"Riding, Gaming, Jogging ","Alcohol, Tobacco, Marijuana",,Retired,House wife,One,Atheist (do not believe in the existence of a higher power),Two parents,No,Maybe,No,No,No,2,1,1,2,2,0,0,3,0,6,1,0,0,0,0,6,6,0,3,4,0,0,0,2,1,Friend(s),Friend(s),Friend(s),No,"Career/Professional, Relationships (Family, Friends, Romantic), Physical Health, Financial Stability, Personal Development/Growth",Positive Mental Health and Emotional Balance,"Access to Mental Health Services, Strong Social Support Networks, Effective Coping Skills Training, Education and Awareness Programs, Reduced Stigma Surrounding Mental Health, Positive Parental or Guardian Relationships, Supportive School Environments, Opportunities for Recreational Activities and Hobbies, Community Engagement and Volunteerism",40,1,0,1,0,1,3,0,2,0,2,42,High,Outlier,-0.015424456761305105,Normal,-1.8823973870757498,Outlier,-0.5170005565222682,2,Critical Outlier
2024-05-31 11:16:37.154,avichalamanaji1009@gmail.com,21,Male,KLS GIT BELGAVI ,B.E / B.Tech,3,"20,000 to 30,000",Family,Jain,Jain,Introvert,5-10,Rather not say,,,Private sector employee,House wife,,Spiritual but not religious,Two parents,No,No,Yes,Yes,No,4,1,1,1,0,1,4,1,5,3,2,3,3,4,4,1,1,1,4,4,4,4,4,2,2,Family member(s),Friend(s),Family member(s),No,"Career/Professional, Relationships (Family, Friends, Romantic), Physical Health, Financial Stability",Career Success and Fulfillment,"Access to Mental Health Services, Strong Social Support Networks, Reduced Stigma Surrounding Mental Health, Positive Parental or Guardian Relationships",64,2,2,4,0,0,2,2,0,0,2,68,High,Normal,0.023918852243778876,Normal,-1.167315442640771,Normal,1.2767056299626702,0,Normal
2024-05-31 11:16:46.885,22u1911@students.git.edu,21,Male,Gogte institute of technology ,B.E / B.Tech,4 and above,"Greater than 50,000",Family,Hindu,Hindu lingayat ,Introvert,5-10,Playing and seeing sports games,,,Government employee,Private sector employee,One,Religious,Two parents,No,No,No,No,No,0,0,0,0,0,0,0,0,0,0,0,0,0,0,0,0,0,0,0,0,0,0,0,0,0,Friend(s),Family member(s),Family member(s),No,Personal Development/Growth,Good Physical Health and Well-being,Opportunities for Recreational Activities and Hobbies,0,2,0,2,0,0,2,2,0,0,2,2,Low,Normal,0.2717792342701301,Normal,-1.0,Normal,1.1062082140844476,0,Normal
2024-05-31 11:16:48.226,vighneshsdesaivighneshsdesai@gmail.com,20,Male,KLS GOGTE INSTITUTE OF TECHNOLOGY ,B.E / B.Tech,4 and above,"20,000 to 30,000",Family,Hindu,Maratha 3B,Ambivert,Greater than 20,"Sketching , gaming , readings comics",,,Farmer,House wife,One,Spiritual but not religious,Two parents,No,No,Yes,Maybe,No,0,0,0,0,0,0,0,0,0,0,0,0,0,0,0,0,0,0,0,0,0,0,0,0,0,Family member(s),Family member(s),Family member(s),No,Career/Professional,Career Success and Fulfillment,"Education and Awareness Programs, Supportive School Environments",0,0,1,1,0,0,2,2,0,0,2,1,Low,Normal,0.23876818003799066,Normal,-1.002552227406325,Normal,0.1565796972153919,0,Normal
2024-05-31 11:17:03.059,akashpatilpatil98@gmail.com,21,Male,Gogte Institute Of Technology Belagavi ,B.E / B.Tech,4 and above,"20,000 to 30,000",Hostel / PG,Hindu,Hindu Lingayat ,Introvert,Greater than 20,Playing and Swimming ,Alcohol,,Farmer,House wife,One,Atheist (do not believe in the existence of a higher power),Two parents,No,No,Yes,No,No,0,0,0,0,0,0,0,0,0,0,0,0,6,0,0,0,0,0,0,0,0,0,0,0,0,Family member(s),Family member(s),Friend(s),No,Career/Professional,Good Physical Health and Well-being,Education and Awareness Programs,6,0,0,0,0,0,2,0,2,0,2,6,Medium,Normal,0.26572467015547574,Normal,-5.2187513936751175,Normal,0.6637053003340947,0,Normal
2024-05-31 11:17:09.885,shivaniraikar3@gmail.com,21,Female,Kls Gogte Institute of Technology ,B.E / B.Tech,4 and above,"40,000 to 50,000",Family,Hindu,Daivdnya brahmin,Ambivert,Less than 5,Dance ,Alcohol,,Business owner/Entrepreneur,House wife,One,Spiritual but not religious,Two parents,No,Yes,Yes,Yes,Yes,3,3,3,3,3,3,3,3,3,6,3,3,3,6,3,3,3,3,6,3,3,3,6,3,3,Myself,Religious or spiritual leader,,No,"Career/Professional, Mental Health/Well-being, Personal Development/Growth",Career Success and Fulfillment,"Access to Mental Health Services, Reduced Stigma Surrounding Mental Health, Positive Parental or Guardian Relationships, Supportive School Environments, Opportunities for Recreational Activities and Hobbies",87,3,2,5,0,2,4,0,0,0,0,96,High,Normal,0.007587673512561066,Normal,-1.120216019176627,Normal,0.6713429643932001,0,Normal
2024-05-31 11:17:11.203,22u1914@students.git.edu,19,Male,KLS Gogte Institution of technology ,B.E / B.Tech,3,"30,000 to 40,000",Family,Hindu,Lingayat ,Ambivert,5-10,Reading ,,,Laborer/Blue-collar worker,House wife,Two,Spiritual but not religious,Two parents,No,No,No,No,No,0,0,0,0,0,0,0,0,0,1,0,0,0,0,0,0,0,0,0,0,0,0,0,0,0,Family member(s),Family member(s),Family member(s),No,Physical Health,Career Success and Fulfillment,Reduced Stigma Surrounding Mental Health,1,2,0,2,0,0,2,2,0,0,2,3,Medium,Normal,0.248310306695108,Outlier,-5294330708.508889,Normal,1.2454857245742712,1,Moderate Outlier
2024-05-31 11:17:11.389,prateekpatgar154@gmail.com,24,Male,Kls GIT,M.Tech,4 and above,"10,000 to 20,000",Hostel / PG,Hindu,Grama vakkal,Introvert,Greater than 20,Sleeping ,,,Retired,House wife,One,Religious,Two parents,No,No,No,No,No,0,0,0,0,0,0,0,0,0,0,0,0,0,0,0,0,0,0,0,0,0,0,0,0,0,Family member(s),Family member(s),Family member(s),No,"Career/Professional, Relationships (Family, Friends, Romantic), Physical Health, Mental Health/Well-being, Financial Stability, Personal Development/Growth",Career Success and Fulfillment,"Access to Mental Health Services, Strong Social Support Networks, Effective Coping Skills Training, Education and Awareness Programs, Reduced Stigma Surrounding Mental Health, Positive Parental or Guardian Relationships, Supportive School Environments, Opportunities for Recreational Activities and Hobbies, Community Engagement and Volunteerism",0,0,0,0,0,0,2,2,0,0,2,0,Low,Normal,0.27787774594736653,Normal,-1.0,Normal,0.5930094755188309,0,Normal
2024-05-31 11:17:15.340,rajatrajat9613@gmail.com,20,Male,KLS Gogte Institute of technology ,B.E / B.Tech,4 and above,"20,000 to 30,000",Hostel / PG,Hindu,Bhavsar Kshatriya ,Ambivert,Less than 5,Sports ,,,Retired,House wife,One,Religious,Two parents,No,No,Maybe,Maybe,Yes,0,0,0,0,0,0,0,0,0,0,0,0,0,0,0,0,0,0,0,0,0,0,0,0,0,prefers to stay alone ,with myself ,Religious or spiritual leader,No,"Career/Professional, Relationships (Family, Friends, Romantic), Physical Health, Financial Stability, Personal Development/Growth",Career Success and Fulfillment,"Strong Social Support Networks, Effective Coping Skills Training, Education and Awareness Programs, Positive Parental or Guardian Relationships, Supportive School Environments, Opportunities for Recreational Activities and Hobbies, Community Engagement and Volunteerism",0,3,1,4,0,0,2,0,0,0,0,6,Medium,Normal,0.20498182759774541,Outlier,-7493333927.655249,Normal,0.055983373368814426,1,Moderate Outlier
2024-05-31 11:17:15.502,sumanangadi21@gmail.com,22,Female,KLS Gogte Institute of technology and management Belagavi ,B.E / B.Tech,3,"Greater than 50,000",Family,Hindu,Banajiga ,Ambivert,5-10,"Playing basketball, cooking, drawing ",Alcohol,,Government employee,House wife,Two,Religious,Two parents,No,Yes,No,No,No,0,0,0,0,0,0,0,0,0,0,0,0,0,0,0,0,0,0,0,0,0,0,0,0,0,Family member(s),Family member(s),Family member(s),No,"Career/Professional, Personal Development/Growth",Positive Mental Health and Emotional Balance,"Access to Mental Health Services, Strong Social Support Networks, Effective Coping Skills Training, Education and Awareness Programs, Reduced Stigma Surrounding Mental Health, Positive Parental or Guardian Relationships, Supportive School Environments, Opportunities for Recreational Activities and Hobbies, Community Engagement and Volunteerism",0,2,0,2,0,2,4,2,0,0,2,4,Medium,Normal,0.27019527508685737,Normal,-375789000.8087223,Normal,1.1205168510532015,0,Normal
2024-05-31 11:17:30.803,git21me023-t@students.git.edu,21,Male,KLS GOGTE INSTITUTE OF TECHNOLOGY ,B.E / B.Tech,3,"Greater than 50,000",Family,Hindu,Bhramin ,Introvert,5-10,Art music racing,,,Retired,Private sector employee,,Agnostic (unsure about the existence of a higher power),Two parents,No,No,No,No,No,0,0,0,0,0,0,0,0,0,0,0,0,0,0,0,0,0,0,0,0,0,0,0,0,0,Religious or spiritual leader,Religious or spiritual leader,Religious or spiritual leader,No,Career/Professional,Work-Life Balance,"Access to Mental Health Services, Effective Coping Skills Training, Positive Parental or Guardian Relationships",0,2,0,2,0,0,2,0,0,0,0,4,Medium,Normal,0.27019527508685737,Normal,-375789000.8087223,Normal,1.1205168510532015,0,Normal
2024-05-31 11:17:32.800,chetankamatgi14@gmail.com,22,Male,Gogte Institute of Technology ,B.E / B.Tech,3,"Greater than 50,000",Family,Hindu,Hindu banagar,Introvert,10-20,"Drawing, football ",Alcohol,,Retired,Private sector employee,One,Religious,One parent,No,Yes,Maybe,No,No,2,1,0,0,0,0,0,0,1,1,1,0,0,0,0,1,0,0,0,0,0,0,0,0,0,Family member(s),Friend(s),Friend(s),No,"Career/Professional, Physical Health, Mental Health/Well-being",Personal Growth and Development,"Access to Mental Health Services, Education and Awareness Programs, Supportive School Environments",7,1,0,1,0,2,4,0,2,0,2,10,Medium,Normal,0.16909672738488152,Outlier,-7091986843.9362,Normal,1.0941499305675881,1,Moderate Outlier
2024-05-31 11:17:41.590,abhijeetpotadar12@gmail.com,21,Male,KLS Gogte Institute of technology ,B.E / B.Tech,4 and above,"10,000 to 20,000",Family,Hindu,Hindu Panchal ,Introvert,5-10,Traveling ,,,Business owner/Entrepreneur,House wife,,Agnostic (unsure about the existence of a higher power),Two parents,Maybe,No,No,Maybe,No,4,4,3,3,4,3,3,3,3,3,3,3,4,4,3,3,3,3,3,3,3,3,3,3,3,Friend(s),Friend(s),Friend(s),Yes,"Career/Professional, Physical Health, Financial Stability, Personal Development/Growth",Career Success and Fulfillment,Strong Social Support Networks,80,2,1,3,1,0,1,0,2,2,4,80,High,Normal,0.047773655175853524,Normal,-0.9755382554059965,Normal,2.365311765479638,0,Normal
2024-05-31 11:17:47.825,nachiketternikar@gmail.com,21,Male,Git ,B.E / B.Tech,4 and above,"20,000 to 30,000",Family,Hindu,Bharmin ,Extrovert,Greater than 20,Coin collecting ,,,Business owner/Entrepreneur,House wife,One,Religious,Two parents,No,No,No,No,No,0,0,0,0,0,0,0,0,0,0,0,0,0,0,0,0,0,0,0,0,0,0,0,0,0,Friend(s),Friend(s),Friend(s),No,"Career/Professional, Relationships (Family, Friends, Romantic), Physical Health, Mental Health/Well-being, Financial Stability, Personal Development/Growth",Good Physical Health and Well-being,Access to Mental Health Services,0,0,0,0,0,0,2,0,2,0,2,0,Low,Normal,0.27787774594736653,Normal,-1.0,Normal,0.5930094755188309,0,Normal
2024-05-31 11:17:54.317,zishanfaizi007@gmail.com,22,Male,GOGTE INSTITUTE OF TECHNOLOGY ,B.E / B.Tech,4 and above,"Less than 10,000",Family,Muslim,2B,Introvert,Greater than 20,"Cricket, Workout etc",,,Laborer/Blue-collar worker,House wife,One,Religious,Two parents,No,No,No,No,No,0,0,0,0,0,0,0,0,0,0,0,0,0,0,0,0,0,0,0,0,0,0,0,0,0,Friend(s),Religious or spiritual leader,Family member(s),No,Career/Professional,Career Success and Fulfillment,Positive Parental or Guardian Relationships,0,0,0,0,0,0,2,2,0,0,2,0,Low,Normal,0.27787774594736653,Normal,-1.0,Normal,0.5930094755188309,0,Normal
2024-05-31 11:18:02.848,kasyapbabu493@gmail.com,22,Male,KLS GOGTE INSTITUTE OF TECHNOLOGY BELAGAVI ,B.E / B.Tech,4 and above,"Greater than 50,000",Hostel / PG,Hindu,general ,Introvert,5-10,Photography ,Alcohol,,Government employee,Dance teacher ,One,Religious,Two parents,No,Yes,Maybe,Yes,Yes,5,1,2,1,1,0,0,1,1,1,1,1,1,1,1,1,1,5,1,0,1,3,1,0,0,Friend(s),Friend(s),Partner/Spouse,Yes,"Career/Professional, Relationships (Family, Friends, Romantic), Physical Health, Mental Health/Well-being, Financial Stability, Personal Development/Growth",Personal Growth and Development,"Strong Social Support Networks, Effective Coping Skills Training",31,2,2,4,0,2,4,0,0,2,2,37,High,Normal,0.057452376633316704,Normal,-1.6426843125859154,Normal,0.9597694522669169,0,Normal
2024-05-31 11:18:05.363,shrijeetdevarkar57@gmail.com,21,Male,Kls Git,B.E / B.Tech,4 and above,"Greater than 50,000",Family,Hindu,Maratha,Introvert,Greater than 20,Playing Football,Alcohol,,Retired,House wife,,Religious,One parent,No,Yes,No,No,Yes,0,0,0,0,0,0,0,0,0,0,0,0,0,0,0,0,0,0,0,0,0,0,0,0,0,Friend(s),Friend(s),Friend(s),No,"Relationships (Family, Friends, Romantic)",Financial Security and Stability,Positive Parental or Guardian Relationships,0,0,0,0,0,2,4,0,2,0,2,2,Low,Normal,0.27695842817694377,Normal,-1.0593969467184805,Normal,0.6067468206321784,0,Normal
2024-05-31 11:18:07.397,harshadpatil3732@gmail.com,21,Male,KLS Gogte Institute of Technology Belgavi,B.E / B.Tech,4 and above,"30,000 to 40,000",Family,Hindu,Hindu Maratha,Introvert,Greater than 20,"Travelling, Photography, sports ",,,Business owner/Entrepreneur,House wife,One,Religious,Two parents,No,No,No,No,No,0,0,0,0,0,0,0,0,0,0,0,0,0,0,0,0,0,0,0,0,0,0,0,0,0,Family member(s),Friend(s),Family member(s),No,Career/Professional,Career Success and Fulfillment,Positive Parental or Guardian Relationships,0,0,0,0,0,0,2,2,0,0,2,0,Low,Normal,0.27787774594736653,Normal,-1.0,Normal,0.5930094755188309,0,Normal
2024-05-31 11:18:10.613,sumitreshmi686@gmail.com,22,Male,Git ,B.E / B.Tech,4 and above,"20,000 to 30,000",Family,Hindu,Hindu ,Introvert,Greater than 20,Cricket ,,,Business owner/Entrepreneur,House wife,,Religious,Two parents,No,Maybe,Yes,No,No,0,0,0,0,0,0,0,0,0,0,0,0,0,0,0,0,0,0,0,0,0,0,0,0,0,Friend(s),Friend(s),Family member(s),Yes,Career/Professional,Career Success and Fulfillment,"Education and Awareness Programs, Reduced Stigma Surrounding Mental Health, Community Engagement and Volunteerism",0,0,0,0,0,1,3,2,0,2,4,-1,Low,Normal,0.2739195687018826,Normal,-200826510.93692538,Normal,0.5856091255471085,0,Normal
2024-05-31 11:18:16.687,parasjadhav420@gmail.com,20,Male,KLS GOGTE INSTITUTE OF TECHNOLOGY ,B.E / B.Tech,4 and above,"20,000 to 30,000",Family,Hindu,Maratha ,Extrovert,Greater than 20,Swimming and gaming ,,,Private sector employee,House wife,One,Religious,Two parents,Maybe,Yes,Maybe,No,No,3,3,3,3,3,3,3,3,3,3,3,3,3,3,3,3,3,3,3,3,3,3,3,3,3,Friend(s),Friend(s),Family member(s),No,"Career/Professional, Relationships (Family, Friends, Romantic), Physical Health, Financial Stability",Good Physical Health and Well-being,Positive Parental or Guardian Relationships,75,0,0,0,1,2,3,2,0,0,2,76,High,Normal,0.07724887050809481,Normal,-0.9887790792196075,Normal,2.256531534313303,0,Normal
2024-05-31 11:18:17.943,kmshttar11@gmail.com,21,Male,Gogte institute of technology ,B.E / B.Tech,4 and above,"Greater than 50,000",Hostel / PG,Hindu,Hindu lingayat,Introvert,5-10,Gaming ,,,Government employee,House wife,Two,Religious,Two parents,No,Yes,Yes,No,Yes,0,0,0,0,0,0,0,0,0,0,0,0,0,0,0,0,0,0,0,0,0,0,0,0,0,Friend(s),Friend(s),Family member(s),No,"Relationships (Family, Friends, Romantic)",Career Success and Fulfillment,"Access to Mental Health Services, Strong Social Support Networks, Effective Coping Skills Training, Education and Awareness Programs, Reduced Stigma Surrounding Mental Health, Positive Parental or Guardian Relationships, Supportive School Environments, Opportunities for Recreational Activities and Hobbies, Community Engagement and Volunteerism",0,2,0,2,0,2,4,2,0,0,2,4,Medium,Normal,0.27019527508685737,Normal,-375789000.8087223,Normal,1.1205168510532015,0,Normal
2024-05-31 11:18:24.688,bmvinay6622@gmail.com,20,Male,KLS GIT,B.E / B.Tech,4 and above,"Greater than 50,000",Family,Hindu,Hindu vishwakarma,Ambivert,Greater than 20,GYM,,,Business owner/Entrepreneur,House wife,One,Spiritual but not religious,Two parents,No,No,No,No,No,0,0,0,0,0,0,0,0,0,0,0,0,0,0,0,0,0,0,0,0,0,0,0,0,0,Friend(s),Family member(s),Family member(s),No,"Career/Professional, Physical Health, Mental Health/Well-being, Personal Development/Growth",Career Success and Fulfillment,"Access to Mental Health Services, Strong Social Support Networks, Education and Awareness Programs, Positive Parental or Guardian Relationships, Opportunities for Recreational Activities and Hobbies, Community Engagement and Volunteerism",0,0,0,0,0,0,2,2,0,0,2,0,Low,Normal,0.27787774594736653,Normal,-1.0,Normal,0.5930094755188309,0,Normal
2024-05-31 11:18:25.015,ravicpatil24@gmail.com,20,Male,Kls Gogte ,B.E / B.Tech,4 and above,"30,000 to 40,000",Family,Hindu,Hindu lingyat,Ambivert,Greater than 20,Sports ,,,Farmer,House wife,Three,Spiritual but not religious,Two parents,No,No,No,No,No,0,0,0,0,0,0,0,0,0,0,0,0,0,0,0,0,0,0,0,0,0,0,0,0,0,Family member(s),Friend(s),Friend(s),No,"Career/Professional, Relationships (Family, Friends, Romantic), Physical Health, Mental Health/Well-being, Financial Stability, Personal Development/Growth",Career Success and Fulfillment,"Access to Mental Health Services, Strong Social Support Networks, Education and Awareness Programs, Positive Parental or Guardian Relationships",0,0,0,0,0,0,2,0,2,0,2,0,Low,Normal,0.27787774594736653,Normal,-1.0,Normal,0.5930094755188309,0,Normal
2024-05-31 11:18:44.594,vishwanathkalakamb@gamil.com,20,Male,Git belagavi ,B.E / B.Tech,4 and above,"10,000 to 20,000",Family,Hindu,Hathagar,Ambivert,Greater than 20,Yoga,No,,Farmer,House wife,,Religious,Two parents,No,No,Yes,No,No,0,0,0,0,0,0,0,0,0,0,0,0,0,0,0,0,0,0,0,0,0,0,0,0,0,Friend(s),Friend(s),Friend(s),No,Career/Professional,Career Success and Fulfillment,"Strong Social Support Networks, Positive Parental or Guardian Relationships, ",0,0,0,0,0,0,2,0,2,0,2,0,Low,Normal,0.27787774594736653,Normal,-1.0,Normal,0.5930094755188309,0,Normal
2024-05-31 11:18:47.645,22u1686@students.git.edu,20,Male,KLS GIT,B.E / B.Tech,4 and above,"10,000 to 20,000",Family,Hindu,Maratha,Ambivert,Less than 5,Football ,,,Farmer,House wife,One,Agnostic (unsure about the existence of a higher power),One parent,No,No,Yes,Yes,Yes,0,0,0,0,0,0,0,0,0,0,0,0,0,0,0,0,0,0,0,0,0,0,0,0,0,Friend(s),Family member(s),Family member(s),No,"Career/Professional, Relationships (Family, Friends, Romantic), Physical Health, Mental Health/Well-being, Financial Stability, Personal Development/Growth",Good Physical Health and Well-being,"Access to Mental Health Services, Strong Social Support Networks, Effective Coping Skills Training, Education and Awareness Programs, Reduced Stigma Surrounding Mental Health, Positive Parental or Guardian Relationships, Supportive School Environments, Opportunities for Recreational Activities and Hobbies",0,3,2,5,0,0,2,2,0,0,2,5,Medium,Normal,0.22589027441623966,Normal,-0.9971627588120511,Normal,0.44064961983148754,0,Normal
2024-05-31 11:18:52.416,abhisheksarikar3@gmail.com,20,Male,KLS GIT ,B.E / B.Tech,3,"10,000 to 20,000",Family,Hindu,SC,Ambivert,5-10,Sports ,,,Retired,Private sector employee,One,Religious,One parent,No,No,No,No,No,0,0,0,0,0,0,0,0,0,0,0,0,0,0,0,0,0,0,0,0,0,0,0,0,0,Family member(s),Family member(s),Family member(s),No,Career/Professional,Career Success and Fulfillment,Effective Coping Skills Training,0,2,0,2,0,0,2,2,0,0,2,2,Low,Normal,0.2717792342701301,Normal,-1.0,Normal,1.1062082140844476,0,Normal
2024-05-31 11:19:05.452,git21me014-t@students.git.edu,21,Male,KLS GIT,B.E / B.Tech,4 and above,"Less than 10,000",Family,Christian,3B,Introvert,Less than 5,Basketball ,,,Retired,House wife,One,Religious,Two parents,No,No,No,No,No,0,0,0,0,0,0,0,0,0,0,0,0,0,0,0,0,0,0,0,0,0,0,0,0,0,Religious or spiritual leader,Family member(s),Family member(s),No,"Career/Professional, Relationships (Family, Friends, Romantic), Physical Health, Mental Health/Well-being, Financial Stability, Personal Development/Growth, ",Good Physical Health and Well-being,"Access to Mental Health Services, Strong Social Support Networks, Effective Coping Skills Training, Education and Awareness Programs, Reduced Stigma Surrounding Mental Health, Positive Parental or Guardian Relationships, Supportive School Environments, Opportunities for Recreational Activities and Hobbies, Community Engagement and Volunteerism, ",0,3,0,3,0,0,2,2,0,0,2,3,Medium,Normal,0.25612827643167974,Normal,-1.0,Normal,0.7322037115749263,0,Normal
2024-05-31 11:19:07.715,22ul2003@students.git.edu,22,Male,GOGTE Institute of Technology ,B.E / B.Tech,2,"20,000 to 30,000",Gaurdian,Hindu,HINDU MARATHA ,Extrovert,Greater than 20,"Riding ,swimming ,gymming ",,,Business owner/Entrepreneur,House wife,,Spiritual but not religious,One parent,No,Yes,No,No,No,0,0,0,0,0,0,0,0,0,0,0,0,0,0,0,0,0,0,0,0,0,0,0,0,0,Friend(s),Friend(s),Friend(s),No,"Career/Professional, Relationships (Family, Friends, Romantic), Physical Health, Mental Health/Well-being, Financial Stability, Personal Development/Growth",Personal Growth and Development,"Access to Mental Health Services, Strong Social Support Networks, Effective Coping Skills Training, Education and Awareness Programs, Reduced Stigma Surrounding Mental Health, Positive Parental or Guardian Relationships, Opportunities for Recreational Activities and Hobbies, Community Engagement and Volunteerism",0,0,0,0,0,2,4,0,2,0,2,2,Low,Normal,0.27695842817694377,Normal,-1.0593969467184805,Normal,0.6067468206321784,0,Normal
2024-05-31 11:19:11.114,vivektalawar152@gmail.com,21,Male,KLS gogte institution of technology ,B.E / B.Tech,4 and above,"20,000 to 30,000",Hostel / PG,Hindu,SC,Ambivert,Greater than 20,Playing games and watching movies,,,Private sector employee,House wife,Two,Spiritual but not religious,Two parents,No,No,Maybe,Maybe,Maybe,0,0,0,0,0,0,1,2,0,0,0,0,0,0,0,1,0,0,0,0,0,0,0,0,0,Friend(s),Family member(s),Family member(s),No,"Career/Professional, Relationships (Family, Friends, Romantic), Mental Health/Well-being",Financial Security and Stability,"Access to Mental Health Services, Strong Social Support Networks, Education and Awareness Programs",4,0,1,1,0,0,2,2,0,0,2,5,Medium,Normal,0.17880119367144226,Normal,-11.159179574617315,Normal,0.4081502501071754,0,Normal
2024-05-31 11:19:12.127,sandeephalagi162@gmail.com,20,Male,KLS GOGTE INSTITUTE OF TECHNOLOGY BELAGAVI ,B.E / B.Tech,3,"10,000 to 20,000",Family,Hindu,SCHEDULE CASTE ,Ambivert,Greater than 20,"Reading, Playing, Earning ",,,Deathed,Laborer/Blue-collar worker,One,Religious,One parent,No,No,No,No,No,0,0,0,0,0,0,0,0,0,0,0,0,0,0,0,0,0,0,0,0,0,0,0,0,0,Family member(s),Family member(s),Family member(s),No,"Career/Professional, Relationships (Family, Friends, Romantic), Physical Health, Mental Health/Well-being, Financial Stability, Personal Development/Growth",Financial Security and Stability,Money is the solution for all problems.,0,0,0,0,0,0,2,2,0,0,2,0,Low,Normal,0.27787774594736653,Normal,-1.0,Normal,0.5930094755188309,0,Normal
2024-05-31 11:19:17.036,deshapandearchana@gmail.com,21,Female,Kls gogte institute of technology belagavi karnataka ,B.E / B.Tech,4 and above,"Greater than 50,000",Family,Hindu,Hindu -Brahmin,Ambivert,Greater than 20,"Listening music,  singing,  reading books , spending time with family and friends ",,,Farmer,Government employee,One,Religious,Two parents,No,No,No,No,No,0,0,0,0,0,0,0,0,0,0,0,0,0,0,0,0,0,0,0,0,0,0,0,0,0,Family member(s),Family member(s),Family member(s),No,"Career/Professional, Physical Health, Personal Development/Growth",Good Physical Health and Well-being,"Access to Mental Health Services, Strong Social Support Networks, Education and Awareness Programs, Positive Parental or Guardian Relationships, Supportive School Environments, Opportunities for Recreational Activities and Hobbies, Community Engagement and Volunteerism",0,0,0,0,0,0,2,2,0,0,2,0,Low,Normal,0.27787774594736653,Normal,-1.0,Normal,0.5930094755188309,0,Normal
2024-05-31 11:19:20.729,ayushshirahatti@gmail.com,21,Male,"Kls GOGTE INSTITUTE OF TECHNOLOGY, BELAGAVI ",B.E / B.Tech,4 and above,"Greater than 50,000",Family,Hindu,ST,Extrovert,Greater than 20,"sculpturing , playing cricket, listening songs ",,,Business owner/Entrepreneur,House wife,One,Religious,Two parents,Maybe,Maybe,Yes,Yes,Yes,0,0,0,0,0,0,1,1,0,0,0,0,0,0,0,0,0,0,0,0,0,6,0,0,0,God,Friend(s),God,No,"Career/Professional, Relationships (Family, Friends, Romantic), Physical Health, Mental Health/Well-being, Financial Stability",Career Success and Fulfillment,"Access to Mental Health Services, Strong Social Support Networks, Positive Parental or Guardian Relationships",8,0,2,2,1,1,2,0,0,0,0,12,High,Normal,0.10659683347137061,Normal,-2.2620368767087498,Outlier,-0.0002265149318074755,1,Moderate Outlier
2024-05-31 11:19:23.443,siddharthrane82@gmail.com,21,Male,Kls Gogte institute of technology ,B.E / B.Tech,4 and above,"10,000 to 20,000",Family,Hindu,Hindu Maratha,Extrovert,Greater than 20,Playing cricket ,,,Business owner/Entrepreneur,House wife,,Religious,Two parents,No,No,No,No,No,0,0,0,0,0,0,0,0,0,0,0,0,0,0,0,0,0,0,0,0,0,0,0,0,0,Friend(s),Friend(s),Family member(s),No,Career/Professional,Career Success and Fulfillment,Access to Mental Health Services,0,0,0,0,0,0,2,2,0,0,2,0,Low,Normal,0.27787774594736653,Normal,-1.0,Normal,0.5930094755188309,0,Normal
2024-05-31 11:19:26.647,morisveigas17@gmail.com,20,Male,GIT ,B.E / B.Tech,4 and above,"Greater than 50,000",Family,Christian,Roman Catholic ,Extrovert,Less than 5,Dance ,Alcohol,,Real Estate ,Teacher ,One,Religious,Two parents,No,No,Maybe,No,Yes,0,0,0,0,0,0,0,0,0,0,0,0,0,0,0,0,0,0,0,0,0,0,0,0,0,Family member(s),Family member(s),Family member(s),No,Career/Professional,Career Success and Fulfillment,Strong Social Support Networks,0,3,0,3,0,0,2,2,0,0,2,3,Medium,Normal,0.25612827643167974,Normal,-1.0,Normal,0.7322037115749263,0,Normal
2024-05-31 11:19:30.028,22u19079@students.git.edu,21,Male,GOGTE INSTITUTE OF TECHNOLOGY ,B.E / B.Tech,4 and above,"30,000 to 40,000",Hostel / PG,Hindu,3A,Ambivert,5-10,"Playing cricket, tournaments",,,Farmer,House wife,One,Religious,Two parents,No,No,No,No,No,0,0,0,0,0,0,0,0,0,0,0,0,0,0,0,0,0,0,0,0,0,0,0,0,0,Friend(s),Family member(s),Family member(s),No,"Career/Professional, Physical Health, Mental Health/Well-being, Financial Stability, Personal Development/Growth",Career Success and Fulfillment,Strong Social Support Networks,0,2,0,2,0,0,2,2,0,0,2,2,Low,Normal,0.2717792342701301,Normal,-1.0,Normal,1.1062082140844476,0,Normal
2024-05-31 11:19:34.759,22u1451@students.git.edu,20,Male,GIT  college ,B.E / B.Tech,4 and above,"20,000 to 30,000",Family,Hindu,Hindu ,Ambivert,Greater than 20,"Drawing, gaming , reading",,,Business owner/Entrepreneur,House wife,Two,Religious,Two parents,No,No,No,No,No,0,0,0,0,0,0,1,0,0,0,0,0,0,0,0,0,0,0,0,0,0,0,0,0,0,Religious or spiritual leader,Friend(s),Family member(s),Maybe,Career/Professional,Financial Security and Stability,"Education and Awareness Programs, ",1,0,0,0,0,0,2,2,0,1,3,0,Low,Normal,0.25957709027853887,Outlier,-4012771522.5105143,Normal,0.7408587506762272,1,Moderate Outlier
2024-05-31 11:19:36.981,harshvardhanpatil142@gmail.com,22,Male,Kls Gogte institute of technology ,B.E / B.Tech,4 and above,"Greater than 50,000",Family,Hindu,Jain,Extrovert,Greater than 20,Singing ,,,Business owner/Entrepreneur,House wife,One,Religious,Two parents,No,No,No,No,No,0,0,0,0,0,0,0,0,0,0,0,0,0,0,0,0,0,0,0,0,0,0,0,0,0,Family member(s),Family member(s),Family member(s),No,Career/Professional,Work-Life Balance,Access to Mental Health Services,0,0,0,0,0,0,2,2,0,0,2,0,Low,Normal,0.27787774594736653,Normal,-1.0,Normal,0.5930094755188309,0,Normal
2024-05-31 11:19:57.734,git21me013-t@students.git.edu,21,Male,KLS Gogte Institute of Technology ,B.E / B.Tech,4 and above,"Greater than 50,000",Family,Hindu,Brahmin ,Introvert,Less than 5,Prefer no to say ,,,Business owner/Entrepreneur,House wife,One,Religious,Two parents,Maybe,No,No,Yes,Yes,0,0,0,0,0,0,0,0,0,0,0,0,0,0,0,0,0,0,0,0,0,0,0,0,0,Will try to be alone by myself for some days ,No,I supported my own self ,No,"Relationships (Family, Friends, Romantic)",Strong and Healthy Relationships,Positive Parental or Guardian Relationships,0,3,2,5,1,0,1,0,0,0,0,6,Medium,Normal,0.22540468211317782,Normal,-0.9973582171879422,Normal,0.4466881231701487,0,Normal
2024-05-31 11:20:07.992,sahilkakatikar292@gmail.com,21,Male,KLS GIT,B.E / B.Tech,4 and above,"10,000 to 20,000",Family,Hindu,Daivadnya Brahmin,Introvert,10-20, ,,,Goldsmith ,House wife,One,Religious,Two parents,No,Yes,Maybe,Yes,No,0,0,0,0,0,0,0,0,0,0,0,0,0,0,0,0,0,0,0,0,0,0,0,0,0,Friend(s),Friend(s),Family member(s),No,Mental Health/Well-being,Good Physical Health and Well-being,Access to Mental Health Services,0,1,2,3,0,2,4,2,0,0,2,5,Medium,Normal,0.21467088516602267,Normal,-1.062693915519117,Normal,0.2868746147489367,0,Normal
2024-05-31 11:20:08.610,sairajmutagekar9@gmail.com,21,Male,KlS GIT,B.E / B.Tech,4 and above,"40,000 to 50,000",Family,Hindu,Hindu Maratha,Introvert,Greater than 20,Drawing ,,,Government employee,House wife,One,Religious,Two parents,No,No,No,Yes,No,0,0,0,0,0,0,0,0,0,0,0,0,0,0,0,0,0,0,0,0,0,0,0,0,0,Friend(s),Family member(s),Friend(s),No,"Physical Health, Personal Development/Growth",Good Physical Health and Well-being,Education and Awareness Programs,0,0,2,2,0,0,2,0,2,0,2,2,Low,Normal,0.23306624159752165,Normal,-0.9970473281653722,Normal,0.5269621420905759,0,Normal
2024-05-31 11:20:21.493,akshaymatti1234@gmail.com,21,Male,KLS GOGTE INSTITUTE OF TECHNOLOGY,B.E / B.Tech,4 and above,"20,000 to 30,000",Hostel / PG,Hindu,Hindu Lingayath Panchamsaali,Ambivert,Greater than 20,"Movie, gossip with friends... ",,,Retired,House wife,Two,Religious,Two parents,No,No,Maybe,Maybe,No,0,0,0,0,0,0,0,0,0,0,0,0,0,0,0,0,0,0,0,0,0,0,0,0,0,Friend(s),Friend(s),Friend(s),No,"Career/Professional, Relationships (Family, Friends, Romantic)",Career Success and Fulfillment,"Access to Mental Health Services, Strong Social Support Networks, Effective Coping Skills Training, Education and Awareness Programs, Reduced Stigma Surrounding Mental Health, Positive Parental or Guardian Relationships, Supportive School Environments, Opportunities for Recreational Activities and Hobbies, Community Engagement and Volunteerism",0,0,1,1,0,0,2,0,2,0,2,1,Low,Normal,0.23876818003799066,Normal,-1.002552227406325,Normal,0.1565796972153919,0,Normal
2024-05-31 11:20:47.046,22u1588@students.git.edu,21,Male,GIT,B.E / B.Tech,4 and above,"40,000 to 50,000",Family,Hindu,Maratha ,Ambivert,Greater than 20,Reading ,,,Business owner/Entrepreneur,House wife,Four or more,Religious,Two parents,No,No,No,No,No,0,0,0,0,0,0,0,0,0,4,0,6,6,0,0,0,0,0,0,0,0,0,0,0,0,Friend(s),Family member(s),Family member(s),No,Career/Professional,Personal Growth and Development,Positive Parental or Guardian Relationships,16,0,0,0,0,0,2,2,0,0,2,16,High,Normal,0.16732047567172886,Normal,-44.631425669079796,Normal,0.3727768400689211,0,Normal
2024-05-31 11:20:50.003,git21me058-t@students.git.edu,21,Male,KLS Gogte Institute of Technology ,B.E / B.Tech,4 and above,"Greater than 50,000",Hostel / PG,Hindu,Veerashaiva Lingayat,Extrovert,Greater than 20,"Cricket, playing musical instrument ",,,Private sector employee,House wife,One,Religious,Two parents,No,No,No,No,No,0,0,0,0,0,0,0,0,0,0,0,0,0,0,0,0,0,0,0,0,0,0,0,0,0,Family member(s),Family member(s),Family member(s),No,Personal Development/Growth,Work-Life Balance,"Access to Mental Health Services, Strong Social Support Networks, Effective Coping Skills Training, Education and Awareness Programs, Reduced Stigma Surrounding Mental Health, Positive Parental or Guardian Relationships, Supportive School Environments, Opportunities for Recreational Activities and Hobbies, Community Engagement and Volunteerism",0,0,0,0,0,0,2,2,0,0,2,0,Low,Normal,0.27787774594736653,Normal,-1.0,Normal,0.5930094755188309,0,Normal
2024-05-31 11:20:59.809,avinashbadiger530@gmail.com,21,Male,GOGTE INSTITUTE OF TECHNOLOGY BELAGAVI ,B.E / B.Tech,4 and above,"10,000 to 20,000",Hostel / PG,Hindu,Vishwakarma ,Introvert,10-20,"Sports,photography ",,,Business owner/Entrepreneur,House wife,Two,Spiritual but not religious,Two parents,No,Yes,Yes,Yes,Yes,4,0,0,0,2,0,4,3,0,5,0,0,0,0,0,0,1,1,0,1,0,0,0,1,0,Religious or spiritual leader,Family member(s),Family member(s),No,Career/Professional,Strong and Healthy Relationships,"Access to Mental Health Services, Strong Social Support Networks, Education and Awareness Programs, Reduced Stigma Surrounding Mental Health",22,1,2,3,0,2,4,2,0,0,2,27,High,Normal,0.04463780523033889,Normal,-1.6736088692426034,Outlier,-9.79125432727379e-05,1,Moderate Outlier
2024-05-31 11:21:00.003,tanushsoratur2003@gmail.com,21,Male,KLS Gogte Institute of Technology ,B.E / B.Tech,3,"30,000 to 40,000",Family,Hindu,Vyasya,Extrovert,10-20,"Playing sports, Reading, etc",,,Private sector employee,House wife,,Religious,Two parents,No,No,Maybe,No,Yes,0,0,0,0,0,0,0,0,0,0,0,0,0,0,0,0,0,0,0,0,0,0,0,0,0,Friend(s),Friend(s),Family member(s),Maybe,"Career/Professional, Relationships (Family, Friends, Romantic), Physical Health, Mental Health/Well-being, Financial Stability, Personal Development/Growth",Career Success and Fulfillment,Strong Social Support Networks,0,1,0,1,0,0,2,2,0,1,3,0,Low,Normal,0.25721218012579283,Normal,-243426073.6922284,Normal,0.5535628841546201,0,Normal
2024-05-31 11:21:01.723,mantukamati4991@gmail.com,23,Male,Gogt,B.E / B.Tech,4 and above,"10,000 to 20,000",Family,Hindu,Hindu Lingayat ,Extrovert,5-10,  ,,,Farmer,House wife,Two,Spiritual but not religious,Two parents,No,Yes,Maybe,Maybe,Maybe,0,0,0,0,0,0,0,0,0,0,0,0,0,0,0,0,0,0,0,0,0,0,0,0,0,Friend(s),Friend(s),Friend(s),Maybe,Physical Health,Career Success and Fulfillment,"Positive Parental or Guardian Relationships, Supportive School Environments",0,2,1,3,0,2,4,0,2,1,3,4,Medium,Normal,0.2302975661066543,Normal,-0.9918493968722389,Normal,0.4093543093644856,0,Normal
2024-05-31 11:21:03.356,ashutosh24misal@gmail.com,20,Male,GIT,B.E / B.Tech,4 and above,"20,000 to 30,000",Family,Hindu,Maratha,Extrovert,Greater than 20,Drawing,,,Business owner/Entrepreneur,House wife,One,Religious,Two parents,No,No,No,No,No,0,0,0,0,0,0,0,0,0,0,0,0,0,0,0,0,0,0,0,0,0,0,0,0,0,Never felt depressed,No one,Myself,No,Career/Professional,Career Success and Fulfillment,Strong Social Support Networks,0,0,0,0,0,0,2,0,0,0,0,2,Low,Normal,0.27695842817694377,Normal,-1.0593969467184805,Normal,0.6067468206321784,0,Normal
2024-05-31 11:21:06.295,dalviaditya2004@gmail.com,19,Male,GIT,B.E / B.Tech,4 and above,"30,000 to 40,000",Family,Hindu,Hindu Maratha ,Extrovert,Greater than 20,Playing ,,,Business owner/Entrepreneur,House wife,One,Religious,Two parents,No,No,No,No,No,3,3,3,3,3,3,3,3,3,3,3,3,3,3,3,3,3,3,3,3,3,3,3,3,3,Never feel depressed ,No one,Family member(s),No,Career/Professional,Career Success and Fulfillment,Strong Social Support Networks,75,0,0,0,0,0,2,2,0,0,2,75,High,Normal,0.07788148402776174,Normal,-0.9888353253046056,Normal,2.264201495076663,0,Normal
2024-05-31 11:21:10.277,omkarmatale15@gmail.com,21,Male,KLS GOGTE INSTITUTE OF TECHNOLOGY BELGAUM ,B.E / B.Tech,4 and above,"30,000 to 40,000",Family,Hindu,Hindu Maratha,Introvert,5-10,Playing cricket ,,,Business owner/Entrepreneur,House wife,One,Religious,Two parents,No,No,No,No,No,0,0,0,0,0,0,0,0,0,0,0,0,0,0,0,0,0,0,0,0,0,0,0,0,0,Friend(s),Friend(s),Family member(s),No,Career/Professional,Career Success and Fulfillment,Access to Mental Health Services,0,2,0,2,0,0,2,2,0,0,2,2,Low,Normal,0.2717792342701301,Normal,-1.0,Normal,1.1062082140844476,0,Normal
2024-05-31 11:21:23.438,rohitrs1808@gmail.com,22,Male,Kls gogte institute of technology ,B.E / B.Tech,4 and above,"20,000 to 30,000",Family,Hindu,Maratha ,Ambivert,10-20, ,,,Laborer/Blue-collar worker,House wife,Two,Spiritual but not religious,Two parents,No,No,No,Maybe,Maybe,3,3,3,3,3,3,3,3,3,3,3,3,3,3,3,3,3,4,3,3,3,3,3,3,3,Friend(s),Family member(s),Family member(s),No,"Career/Professional, Relationships (Family, Friends, Romantic), Physical Health, Financial Stability, Personal Development/Growth",Financial Security and Stability,"Effective Coping Skills Training, Education and Awareness Programs, Positive Parental or Guardian Relationships, Supportive School Environments, Opportunities for Recreational Activities and Hobbies, Community Engagement and Volunteerism",76,1,1,2,0,0,2,2,0,0,2,78,High,Normal,0.023973798154337533,Normal,-0.9832358792059006,Normal,1.530660074874878,0,Normal
2024-05-31 11:21:40.302,22u1656@students.git.edu,19,Male,K. L. S. Gogte Institute of technology belgavi,B.E / B.Tech,2,"10,000 to 20,000",Hostel / PG,Jain,Jain digambar,Introvert,5-10,Drawing,,,Farmer,House wife,Two,Spiritual but not religious,,No,No,No,No,No,0,0,0,0,0,0,0,0,0,0,0,0,0,0,0,0,0,0,0,0,0,0,0,0,0,Family member(s),Family member(s),Family member(s),No,"Career/Professional, Physical Health, Mental Health/Well-being, Financial Stability, Personal Development/Growth",Career Success and Fulfillment,"Access to Mental Health Services, Strong Social Support Networks, Education and Awareness Programs, Positive Parental or Guardian Relationships",0,2,0,2,0,0,2,2,0,0,2,2,Low,Normal,0.2717792342701301,Normal,-1.0,Normal,1.1062082140844476,0,Normal
2024-05-31 11:21:44.588,samarthansurkar75@gmail.com,22,Male,Gogte institute of technology Belgaum ,B.E / B.Tech,4 and above,"20,000 to 30,000",Family,Hindu,Hindu Bhandari ,Introvert,Less than 5,Music instrument ,,,Private sector employee,-,One,Religious,One parent,No,No,Maybe,Maybe,No,6,0,0,0,0,0,6,0,0,0,0,0,0,2,0,0,0,0,0,0,0,2,2,0,0,Friend(s),Friend(s),Friend(s),No,"Mental Health/Well-being, Financial Stability",Financial Security and Stability,Education and Awareness Programs,18,3,1,4,0,0,2,0,2,0,2,22,High,Normal,0.03538252505697037,Normal,-1.7884444871635776,Outlier,-0.00013434037748583094,1,Moderate Outlier
2024-05-31 11:21:45.767,akashchalawadi650@gmail.com,21,Male,Gogate Institute of technology  Belagavi,B.E / B.Tech,4 and above,"Less than 10,000",Hostel / PG,Hindu,Schedule caste Hindu holer,Introvert,Greater than 20,"Running, cricket, reading ",,,Farmer,House wife,Two,Agnostic (unsure about the existence of a higher power),Two parents,Yes,No,No,Maybe,Maybe,0,0,0,0,0,0,0,0,0,0,0,0,0,0,0,0,0,0,0,0,0,0,0,0,0,Friend(s),Friend(s),Family member(s),Yes,"Career/Professional, Relationships (Family, Friends, Romantic), Physical Health, Mental Health/Well-being, Personal Development/Growth",Positive Mental Health and Emotional Balance,"Strong Social Support Networks, Education and Awareness Programs, Positive Parental or Guardian Relationships, Supportive School Environments",0,0,1,1,2,0,0,2,0,2,4,-3,Low,Normal,0.2274163531440614,Normal,-0.9775287575025775,Normal,0.12922078997915287,0,Normal
2024-05-31 11:21:47.081,nirajbhangle1534@gmail.com,21,Male,Kls Gogte institute of technology belgavi ,B.E / B.Tech,4 and above,"Greater than 50,000",Hostel / PG,Hindu,Vaishya vani ,Introvert,5-10,Traveling ,,,Private sector employee,House wife,One,Spiritual but not religious,Two parents,No,No,No,No,No,2,0,0,0,0,0,0,0,0,0,0,0,0,0,0,0,0,0,0,1,0,0,0,0,0,Friend(s),Friend(s),Family member(s),No,"Career/Professional, Relationships (Family, Friends, Romantic), Physical Health, Mental Health/Well-being, Financial Stability, Personal Development/Growth, ",Career Success and Fulfillment,"Access to Mental Health Services, Strong Social Support Networks, Effective Coping Skills Training, Education and Awareness Programs, Reduced Stigma Surrounding Mental Health, Positive Parental or Guardian Relationships, Supportive School Environments, Opportunities for Recreational Activities and Hobbies, Community Engagement and Volunteerism, ",3,2,0,2,0,0,2,2,0,0,2,5,Medium,Normal,0.21449707856030248,Outlier,-5163243428.994855,Normal,1.4942319751302877,1,Moderate Outlier
2024-05-31 11:21:47.174,23ul1007@students.git.edu,20,Male,Git,B.E / B.Tech,4 and above,"40,000 to 50,000",Family,Hindu,Hindu Maratha ,Extrovert,10-20,Football ,,,Government employee,House wife,Two,Religious,Two parents,No,No,No,No,No,0,0,0,0,0,0,0,0,0,0,0,0,0,0,0,0,0,0,0,0,0,0,0,0,0,Friend(s),Friend(s),Family member(s),No,Physical Health,Career Success and Fulfillment,Education and Awareness Programs,0,1,0,1,0,0,2,2,0,0,2,1,Low,Normal,0.26039187238892075,Normal,-1.0,Normal,0.5603940349488337,0,Normal
2024-05-31 11:21:48.249,naveenmk018@gmail.com,22,Male,KLS Gogte Institute Of Technology Belagavi ,B.E / B.Tech,3,"Greater than 50,000",Hostel / PG,Hindu,Lingayat,Ambivert,Greater than 20,"Playing Games, Reading books, listening Songs",,,Government employee,House wife,,Religious,Two parents,No,No,No,No,No,0,0,0,0,0,0,0,0,0,0,0,0,0,0,0,0,0,0,0,0,0,0,0,0,0,Friend(s),Friend(s),Friend(s),No,"Career/Professional, Mental Health/Well-being, Financial Stability, Personal Development/Growth",Positive Mental Health and Emotional Balance,"Access to Mental Health Services, Strong Social Support Networks, Reduced Stigma Surrounding Mental Health",0,0,0,0,0,0,2,0,2,0,2,0,Low,Normal,0.27787774594736653,Normal,-1.0,Normal,0.5930094755188309,0,Normal
2024-05-31 11:21:50.264,git21me071-t@students.git.edu,21,Male,Kls Gogte Institute of technology,B.E / B.Tech,4 and above,"Greater than 50,000",Family,Hindu,Hindu Maratha,Introvert,Greater than 20,Cricket football swimming,,,Business owner/Entrepreneur,House wife,One,Religious,Two parents,No,Yes,Yes,No,No,3,1,1,1,0,0,2,0,2,0,3,2,0,5,1,0,0,6,0,0,0,0,4,0,0,Rather stay alone,Family member(s),Family member(s),Yes,"Career/Professional, Relationships (Family, Friends, Romantic), Financial Stability, Personal Development/Growth",All of the above,,31,0,0,0,0,2,4,2,0,2,4,31,High,Normal,0.007494123230108896,Normal,-1.765786263110499,Outlier,-0.1985875299704749,1,Moderate Outlier
2024-05-31 11:21:53.714,rp81811@gmail.com,22,Male,Goggte institute of technology Belgaum ,B.E / B.Tech,4 and above,"Less than 10,000",Family,Hindu,3B,Extrovert,Greater than 20,Riding .swimming .Running .cricket ,,,Farmer,House wife,Two,Spiritual but not religious,One parent,No,No,No,No,No,0,0,0,0,0,0,0,0,0,0,0,0,0,0,0,0,0,0,0,0,0,0,0,0,0,Family member(s),Friend(s),Family member(s),Yes,Physical Health,Career Success and Fulfillment,"Access to Mental Health Services, Strong Social Support Networks",0,0,0,0,0,0,2,2,0,2,4,-2,Low,Normal,0.27035232890815797,Normal,-25423049.789011676,Normal,0.5778569246552383,0,Normal
2024-05-31 11:22:21.854,rupeshhullikeri2850@gmail.com,20,Male,K L S Gogte Institute of technology ,B.E / B.Tech,4 and above,"20,000 to 30,000",Family,Hindu,Hindu Kurubar,Ambivert,5-10,"Reading, physical excercising, swimming,cycling.etc",,,Private sector employee,House wife,One,Religious,Two parents,No,No,No,No,No,0,0,0,0,0,0,0,0,0,0,0,0,0,0,0,0,0,0,0,0,0,0,0,0,0,Religious or spiritual leader,Family member(s),Partner/Spouse,Yes,"Career/Professional, Relationships (Family, Friends, Romantic), Physical Health, Mental Health/Well-being, Financial Stability, Personal Development/Growth",Career Success and Fulfillment,Positive Parental or Guardian Relationships,0,2,0,2,0,0,2,0,0,2,2,2,Low,Normal,0.2717792342701301,Normal,-1.0,Normal,1.1062082140844476,0,Normal
2024-05-31 11:22:24.452,prajwalkoli143@gmail.com,21,Male,Gogte institute of technology ,B.E / B.Tech,4 and above,"40,000 to 50,000",Family,Hindu,Hindu talwar ,Introvert,Less than 5,"Dance , play football ",,,Business owner/Entrepreneur,House wife,Two,None ,Two parents,No,Yes,Yes,Yes,Maybe,1,0,0,0,0,1,0,0,0,0,0,0,0,0,0,0,0,0,0,0,0,6,6,6,3,Friend(s),Friend(s),Friend(s),No,"Relationships (Family, Friends, Romantic)",Career Success and Fulfillment,Positive Parental or Guardian Relationships,23,3,2,5,0,2,4,0,2,0,2,30,High,Normal,0.056619673490732936,Normal,-2.968282989741822,Outlier,-0.0461899499088676,1,Moderate Outlier
2024-05-31 11:22:43.815,22u1350@students.git.edu,20,Male,KLS. GIT,B.E / B.Tech,3,"30,000 to 40,000",Family,Hindu,Maratha ,Ambivert,Greater than 20,Cricket ,,,Farmer,TAILOR ,,Religious,One parent,No,No,No,No,No,0,0,0,0,0,0,0,0,0,0,0,0,0,0,0,0,0,0,0,0,0,0,0,0,0,Family member(s),Family member(s),Family member(s),No,Career/Professional,Career Success and Fulfillment,"Strong Social Support Networks, Education and Awareness Programs",0,0,0,0,0,0,2,2,0,0,2,0,Low,Normal,0.27787774594736653,Normal,-1.0,Normal,0.5930094755188309,0,Normal
2024-05-31 11:22:45.742,rushikeshwaghawade2002@gmail.com,21,Male,Gogate institute of technology belgaum ,B.E / B.Tech,4 and above,"40,000 to 50,000",Family,Hindu,Hindu lingayat ,Extrovert,Greater than 20,Playing games ,,,Farmer,House wife,One,Religious,Two parents,No,No,No,No,No,0,0,0,0,0,0,0,0,0,0,0,0,0,0,0,0,0,0,0,0,0,0,0,0,0,Family member(s),Family member(s),Family member(s),No,Career/Professional,Strong and Healthy Relationships,Strong Social Support Networks,0,0,0,0,0,0,2,2,0,0,2,0,Low,Normal,0.27787774594736653,Normal,-1.0,Normal,0.5930094755188309,0,Normal
2024-05-31 11:22:46.681,satishkanbargi00099@gmail.com,21,Male,KLS GOGTE INSTITUTE OF TECHNOLOGY BELGAUM ,B.E / B.Tech,4 and above,"40,000 to 50,000",Family,Hindu,ST,Introvert,5-10,Playing cricket ,,,Government employee,House wife,Three,Religious,Two parents,No,No,No,No,No,0,0,0,0,0,0,0,0,0,0,0,0,0,0,0,0,0,0,0,0,0,0,0,0,0,Friend(s),Family member(s),Family member(s),No,"Career/Professional, Relationships (Family, Friends, Romantic), Physical Health, Mental Health/Well-being, Financial Stability, Personal Development/Growth",Good Physical Health and Well-being,"Education and Awareness Programs, Positive Parental or Guardian Relationships",0,2,0,2,0,0,2,2,0,0,2,2,Low,Normal,0.2717792342701301,Normal,-1.0,Normal,1.1062082140844476,0,Normal
2024-05-31 11:23:01.945,harishakarvekar6366@gmail.com,20,Female,Git,B.E / B.Tech,4 and above,"Less than 10,000",Hostel / PG,Hindu,Hindu bedar ,Introvert,Less than 5,Dance singing playing reel making reading ,,,Farmer,House wife,One,Religious,Two parents,Yes,Yes,Yes,Yes,Yes,2,2,2,2,2,2,4,0,4,1,0,0,0,0,0,0,0,0,0,0,0,0,0,0,0,Boyfriend ,Boyfriend ,Partner/Spouse,Yes,"Career/Professional, Relationships (Family, Friends, Romantic), Physical Health, Mental Health/Well-being, Financial Stability, Personal Development/Growth",Career Success and Fulfillment,"Strong Social Support Networks, Reduced Stigma Surrounding Mental Health, Positive Parental or Guardian Relationships, Opportunities for Recreational Activities and Hobbies",21,3,2,5,2,2,2,0,0,2,2,26,High,Normal,0.09289565274862566,Normal,-2.134334416810943,Normal,0.42217486222628287,0,Normal
2024-05-31 11:23:04.825,22u1761@students.git.edu,20,Male,"K L S Gogte Institute of Technology, Belagavi ",B.E / B.Tech,4 and above,"10,000 to 20,000",Family,Hindu,Hindu Reddy,Introvert,Greater than 20,Reading books and Farming Listening revolutionary stories ,,,Farmer,House wife,Two,Religious,Two parents,No,No,No,No,No,0,0,0,0,0,0,0,0,0,0,0,0,0,0,0,0,0,0,0,0,0,0,0,0,0,Friend(s),Family member(s),Friend(s),No,Personal Development/Growth,Career Success and Fulfillment,Education and Awareness Programs,0,0,0,0,0,0,2,0,2,0,2,0,Low,Normal,0.27787774594736653,Normal,-1.0,Normal,0.5930094755188309,0,Normal
2024-05-31 11:23:13.889,abhishekkotagi98@gmail.com,19,Male,GOGTE INSTITUTE OF TECHNOLOGY UDYAMBHAG ,B.E / B.Tech,4 and above,"Less than 10,000",Family,Hindu,LINGAYAT ,Introvert,5-10,"Learning, swimming, reading ",,,Farmer,House wife,Two,Religious,Two parents,No,No,No,No,No,0,0,0,0,0,0,0,0,0,0,0,0,0,0,0,0,0,0,0,0,0,0,0,0,0,Friend(s),Friend(s),Friend(s),No,Career/Professional,Personal Growth and Development,"Strong Social Support Networks, Positive Parental or Guardian Relationships",0,2,0,2,0,0,2,0,2,0,2,2,Low,Normal,0.2717792342701301,Normal,-1.0,Normal,1.1062082140844476,0,Normal
2024-05-31 11:23:17.126,22u1912@students.git.edu,21,Male,Gogte institute of technology belgaum ,B.E / B.Tech,4 and above,"10,000 to 20,000",Family,Hindu,OBC 3b,Ambivert,Greater than 20,"Playing cricket , scrolling reels on Instagram ",,,Laborer/Blue-collar worker,House wife,One,Atheist (do not believe in the existence of a higher power),Two parents,No,No,No,Maybe,No,0,0,0,0,0,0,0,0,0,0,0,0,0,0,0,0,0,0,0,0,0,0,0,0,0,Friend(s),Friend(s),Friend(s),No,Career/Professional,Good Physical Health and Well-being,Supportive School Environments,0,0,1,1,0,0,2,0,2,0,2,1,Low,Normal,0.23876818003799066,Normal,-1.002552227406325,Normal,0.1565796972153919,0,Normal
2024-05-31 11:23:19.836,ganeshgenji5@gmail.com,20,Male,KLS GIT,B.E / B.Tech,4 and above,"20,000 to 30,000",Family,Hindu,Hindu maratha ,Introvert,10-20,Coin collection,,,Business owner/Entrepreneur,Private sector employee,One,Religious,Two parents,No,No,No,No,No,0,0,0,0,0,0,0,0,0,0,0,0,0,0,0,0,0,0,0,0,0,0,0,0,0,Family member(s),Family member(s),Family member(s),No,Career/Professional,Career Success and Fulfillment,Strong Social Support Networks,0,1,0,1,0,0,2,2,0,0,2,1,Low,Normal,0.26039187238892075,Normal,-1.0,Normal,0.5603940349488337,0,Normal
2024-05-31 11:23:21.114,vsdhamanekar05@gmail.com,20,Male,KLS GIT ,B.E / B.Tech,4 and above,"10,000 to 20,000",Family,Hindu,Maratha ,Ambivert,5-10,"Riding, playing tabla , swimming ",,,Laborer/Blue-collar worker,House wife,One,Religious,Two parents,No,Yes,No,No,No,0,0,0,0,0,0,0,0,0,0,0,0,0,0,0,0,0,1,0,0,0,0,0,0,0,Friend(s),Family member(s),Family member(s),No,"Relationships (Family, Friends, Romantic), Physical Health, Financial Stability, Personal Development/Growth",Strong and Healthy Relationships,"Access to Mental Health Services, Positive Parental or Guardian Relationships",1,2,0,2,0,2,4,2,0,0,2,5,Medium,Normal,0.2481405532672734,Normal,-3316155856.8227143,Normal,1.240666067603632,0,Normal
2024-05-31 11:23:36.149,22u1157@students.git.edu,20,Male,GIT,B.E / B.Tech,4 and above,"20,000 to 30,000",Family,Hindu,Hindu ganiga,Ambivert,Greater than 20,"Playing, watching movies, etc",,,Farmer,House wife,One,Religious,Two parents,Maybe,No,No,No,No,0,0,0,0,0,0,0,0,0,0,0,0,0,0,0,0,0,0,0,0,0,0,0,0,0,Family member(s),Family member(s),Family member(s),No,"Relationships (Family, Friends, Romantic), Physical Health, Mental Health/Well-being",Strong and Healthy Relationships,Strong Social Support Networks,0,0,0,0,1,0,1,2,0,0,2,-1,Low,Normal,0.2739195687018826,Normal,-200826510.93692538,Normal,0.5856091255471085,0,Normal
2024-05-31 11:23:36.727,git21me042-t@students.git.edu,23,Female,KLS Gogte institute of Technology ,B.E / B.Tech,4 and above,"Greater than 50,000",Hostel / PG,Hindu,Lingayat ,Ambivert,Less than 5,Reading novels ,,,Government employee,Government employee,One,Spiritual but not religious,,No,Maybe,Maybe,Maybe,Maybe,0,0,0,1,0,0,1,0,0,0,0,1,0,0,0,0,0,0,0,0,0,0,0,0,0,God,God,God,Yes,"Career/Professional, Physical Health, Mental Health/Well-being, Personal Development/Growth",Good Physical Health and Well-being,"Access to Mental Health Services, Strong Social Support Networks, Education and Awareness Programs, Positive Parental or Guardian Relationships, Opportunities for Recreational Activities and Hobbies",3,3,1,4,0,1,3,0,0,2,2,8,Medium,Normal,0.1892584312087937,Outlier,-6523918429.180714,Normal,0.24266481399284068,1,Moderate Outlier
2024-05-31 11:23:44.368,deshapandearchana@gmail.com,21,Female,Kls gogte institute of technology belagavi karnataka ,B.E / B.Tech,4 and above,"Greater than 50,000",Family,Hindu,Hindu Brahamin,Ambivert,Greater than 20,"Listening music,  singing,  reading books ",,,Farmer,Government employee,One,Religious,Two parents,No,No,No,No,No,0,0,0,0,0,0,0,0,0,0,0,0,0,0,0,0,0,0,0,0,0,0,0,0,0,Family member(s),Family member(s),Family member(s),No,"Career/Professional, Physical Health, Mental Health/Well-being",Good Physical Health and Well-being,"Access to Mental Health Services, Strong Social Support Networks, Education and Awareness Programs, Positive Parental or Guardian Relationships, Supportive School Environments, Opportunities for Recreational Activities and Hobbies, Community Engagement and Volunteerism",0,0,0,0,0,0,2,2,0,0,2,0,Low,Normal,0.27787774594736653,Normal,-1.0,Normal,0.5930094755188309,0,Normal
2024-05-31 11:23:58.300,22u1897@students.git.edu,21,Male,Gogte Institute of technology ,B.E / B.Tech,4 and above,"20,000 to 30,000",Family,Hindu,Hindu Maratha ,Ambivert,Greater than 20,"Singing, sports ",,,Government employee,House wife,One,Religious,Two parents,No,No,Maybe,No,No,2,4,1,1,1,0,0,5,5,5,3,0,1,0,0,0,0,0,2,0,0,2,0,0,0,Family member(s),Family member(s),Family member(s),No,"Career/Professional, Relationships (Family, Friends, Romantic), Physical Health, Mental Health/Well-being, Financial Stability, Personal Development/Growth",Positive Mental Health and Emotional Balance,"Strong Social Support Networks, Effective Coping Skills Training, Education and Awareness Programs, Positive Parental or Guardian Relationships, Opportunities for Recreational Activities and Hobbies",32,0,0,0,0,0,2,2,0,0,2,32,High,Outlier,-0.010669841494093668,Normal,-1.7588880454328693,Outlier,-0.0003213789904217279,2,Critical Outlier
2024-05-31 11:24:06.846,22u1775@students.git.edu,20,Male,GIT,B.E / B.Tech,4 and above,"10,000 to 20,000",Family,Hindu,Hindu Billava,Ambivert,Greater than 20,"Playing any type of games, watching movies,",,,Laborer/Blue-collar worker,House wife,One,Religious,Two parents,No,No,No,No,No,0,0,0,0,0,0,0,0,0,0,0,0,0,0,0,0,0,0,0,0,0,0,0,0,0,Family member(s),Family member(s),Family member(s),No,Career/Professional,Career Success and Fulfillment,"Strong Social Support Networks, Reduced Stigma Surrounding Mental Health, Positive Parental or Guardian Relationships, Supportive School Environments",0,0,0,0,0,0,2,2,0,0,2,0,Low,Normal,0.27787774594736653,Normal,-1.0,Normal,0.5930094755188309,0,Normal
2024-05-31 11:24:07.627,akashreddy.kudge5@gmail.com,21,Male,KLS GOGTEE INSTITUTE OF TECHNOLOGY BELAGAVI,B.E / B.Tech,4 and above,"20,000 to 30,000",Hostel / PG,Hindu,Reddy,Extrovert,Greater than 20,Bowling,Alcohol,,Farmer,House wife,One,Religious,Two parents,No,No,No,No,No,0,0,0,0,0,4,2,0,0,0,0,0,0,0,0,0,0,0,0,0,0,0,0,0,0,Friend(s),Friend(s),Partner/Spouse,No,"Career/Professional, Physical Health, Mental Health/Well-being",Work-Life Balance,"Strong Social Support Networks, Education and Awareness Programs, Community Engagement and Volunteerism",6,0,0,0,0,0,2,0,0,0,0,8,Medium,Normal,0.24094732374494537,Normal,-18.1032789865928,Normal,0.8528043298206747,0,Normal
2024-05-31 11:24:11.501,chetanpujeri14@gmail.com,21,Male,KLS GIT Belagavi ,B.E / B.Tech,4 and above,"10,000 to 20,000",Family,Hindu,3B,Extrovert,10-20,Playing cricket ,,,Farmer,House wife,One,Religious,Two parents,Yes,No,Maybe,No,Maybe,1,0,0,1,1,0,0,0,0,1,0,1,0,1,0,0,1,0,0,1,0,1,0,0,0,Family member(s),Family member(s),Family member(s),No,"Career/Professional, Financial Stability",Career Success and Fulfillment,"Access to Mental Health Services, Strong Social Support Networks",9,1,0,1,2,0,0,2,0,0,2,8,Medium,Normal,0.14169274049255437,Outlier,-5419829550.539651,Normal,1.2647031817087466,1,Moderate Outlier
2024-05-31 11:24:21.002,vvsrk23@gmail.com,20,Female,Gogte Institute of Technology ,B.E / B.Tech,4 and above,"40,000 to 50,000",Family,Hindu,Hindu Brahmin,Extrovert,Greater than 20,Art ..drawing ,,,Business owner/Entrepreneur,Private sector employee,One,Religious,Two parents,No,No,No,No,No,0,0,0,0,0,0,0,0,0,0,0,0,0,0,0,0,0,0,0,0,0,0,0,0,0,Never felt deppressed,Never had personal crisis,No difficult time i have faced ,No,"Career/Professional, Physical Health, Financial Stability, Personal Development/Growth",Career Success and Fulfillment,Access to Mental Health Services,0,0,0,0,0,0,2,0,0,0,0,2,Low,Normal,0.27695842817694377,Normal,-1.0593969467184805,Normal,0.6067468206321784,0,Normal
2024-05-31 11:24:25.353,22u1684@students.git.edu,19,Male,KLS GIT BELGAUM 590008,B.E / B.Tech,4 and above,"40,000 to 50,000",Family,Hindu,Hindu Maratha ,Introvert,Greater than 20,"Playing Football, reading ",,,Private sector employee,House wife,Two,Religious,Two parents,No,No,No,No,Yes,0,0,0,0,0,0,0,0,0,0,0,0,0,0,0,0,0,0,0,0,0,0,0,0,0,Family member(s),Friend(s),Family member(s),No,"Career/Professional, Relationships (Family, Friends, Romantic), Physical Health, Mental Health/Well-being, Financial Stability, Personal Development/Growth",Good Physical Health and Well-being,Access to Mental Health Services,0,0,0,0,0,0,2,2,0,0,2,0,Low,Normal,0.27787774594736653,Normal,-1.0,Normal,0.5930094755188309,0,Normal
2024-05-31 11:24:30.770,bharatdodamani2003@gmail.com,21,Male,KLS GIT,B.E / B.Tech,4 and above,"10,000 to 20,000",Family,Hindu,SC,Extrovert,10-20,Playing games,,,Farmer,House wife,One,Religious,Two parents,No,Yes,No,No,No,1,0,0,0,0,0,0,0,0,0,0,0,1,0,0,0,0,0,0,0,0,0,0,0,0,Religious or spiritual leader,Family member(s),Family member(s),Maybe,"Career/Professional, Relationships (Family, Friends, Romantic), Physical Health, Mental Health/Well-being, Financial Stability, Personal Development/Growth",Good Physical Health and Well-being,"Access to Mental Health Services, Strong Social Support Networks, Effective Coping Skills Training, Education and Awareness Programs",2,1,0,1,0,2,4,2,0,1,3,4,Medium,Normal,0.2436436417961539,Outlier,-3409645340.580001,Normal,0.7445830398990871,1,Moderate Outlier
2024-05-31 11:24:34.574,23ul1002@studants.git.edu,21,Male,KLS GIT,B.E / B.Tech,4 and above,"Greater than 50,000",Family,Hindu,Lingayat ,Ambivert,Greater than 20,To get knowledge of Automotive ,,,Business owner/Entrepreneur,House wife,One,Religious,Two parents,Maybe,No,No,Maybe,No,0,1,0,0,0,0,0,0,0,0,0,0,0,0,0,0,0,0,0,0,0,0,0,0,0,Family member(s),Family member(s),Family member(s),Yes,"Relationships (Family, Friends, Romantic)",Personal Growth and Development,"Access to Mental Health Services, Strong Social Support Networks, Education and Awareness Programs, Positive Parental or Guardian Relationships, Opportunities for Recreational Activities and Hobbies",1,0,1,1,1,0,1,2,0,2,4,-1,Low,Normal,0.22810160424519466,Normal,-1.000985736779907,Normal,0.14928895411556553,0,Normal
2024-05-31 11:24:50.592,22u1398@students.git.edu,20,Female,Kls Gogte Institute of Technology Udyambag Belgaum ,B.E / B.Tech,4 and above,"20,000 to 30,000",Family,Hindu,Maratha ,Ambivert,5-10,Reading/ planting,,,Expired,House wife,Two,Religious,One parent,Yes,No,No,Yes,No,0,0,0,0,0,0,0,0,0,0,0,0,0,0,0,0,0,0,0,0,0,0,0,0,0,Friend(s),Friend(s),Friend(s),No,"Career/Professional, Relationships (Family, Friends, Romantic), Physical Health, Mental Health/Well-being, Financial Stability, Personal Development/Growth",Good Physical Health and Well-being,"Access to Mental Health Services, Education and Awareness Programs, Positive Parental or Guardian Relationships, Opportunities for Recreational Activities and Hobbies",0,2,2,4,2,0,0,0,2,0,2,2,Low,Normal,0.23575155043933976,Normal,-0.9954796552923163,Normal,0.7179218662597293,0,Normal
2024-05-31 11:24:52.148,22u1159@students.git.edu,20,Male,Gogte institute Of technology ,B.E / B.Tech,4 and above,"Greater than 50,000",Family,Hindu,"Hindu, Lingayat ",Ambivert,Greater than 20,Playing badminton ,,,Business owner/Entrepreneur,House wife,One,Religious,Two parents,No,No,No,No,No,0,0,0,0,0,0,0,0,0,0,0,0,0,0,0,0,0,0,0,0,0,0,0,0,0,Family member(s),Friend(s),Family member(s),No,Personal Development/Growth,Good Physical Health and Well-being,Strong Social Support Networks,0,0,0,0,0,0,2,2,0,0,2,0,Low,Normal,0.27787774594736653,Normal,-1.0,Normal,0.5930094755188309,0,Normal
2024-05-31 11:24:52.795,abhisalunke353@gmail.com,20,Male,KLS GIT,B.E / B.Tech,4 and above,"40,000 to 50,000",Family,Hindu,ST,Extrovert,Greater than 20,Playing hockey and cricket ,,,Business owner/Entrepreneur,House wife,Two,Religious,Two parents,No,No,No,No,No,0,0,0,0,0,0,0,0,0,0,0,0,0,0,0,0,0,0,0,0,0,0,0,0,0,Family member(s),Family member(s),Family member(s),Yes,Career/Professional,Career Success and Fulfillment,"Effective Coping Skills Training, Education and Awareness Programs, ",0,0,0,0,0,0,2,2,0,2,4,-2,Low,Normal,0.27035232890815797,Normal,-25423049.789011676,Normal,0.5778569246552383,0,Normal
2024-05-31 11:24:56.087,rohandandharagi@gmail.com,20,Male,KLS GIT,B.E / B.Tech,4 and above,"10,000 to 20,000",Hostel / PG,Hindu,Hindu kumbar,Ambivert,Greater than 20,Listing songs,Moutin dew,,Business owner/Entrepreneur,House wife,Two,Religious,Two parents,No,Yes,No,No,No,0,0,0,0,0,0,0,0,0,0,0,0,0,0,0,0,0,0,0,0,0,0,0,0,0,Friend(s),Family member(s),Family member(s),No,Personal Development/Growth,Strong and Healthy Relationships,Strong Social Support Networks,0,0,0,0,0,2,4,2,0,0,2,2,Low,Normal,0.27695842817694377,Normal,-1.0593969467184805,Normal,0.6067468206321784,0,Normal
2024-05-31 11:24:58.449,1illusion1234@gmail.com,19,Male,"KLS,GIT",B.E / B.Tech,3,"30,000 to 40,000",Family,Jain,Jain,Ambivert,Less than 5,M,,,Farmer,House wife,Three,Religious,Two parents,Yes,Yes,No,Maybe,Yes,0,0,0,0,0,0,0,0,0,0,0,0,0,0,0,0,0,0,0,0,0,0,0,0,0,.,Friend(s),Friend(s),Yes,Career/Professional,Work-Life Balance,Positive Parental or Guardian Relationships,0,3,1,4,2,2,2,0,2,2,4,2,Low,Normal,0.20222387152457005,Outlier,-8561368103.520334,Normal,0.03301701756685027,1,Moderate Outlier
2024-05-31 11:25:09.889,sudeepchawan0@gmail.com,19,Male,KlS GIT,B.E / B.Tech,4 and above,"20,000 to 30,000",Family,Hindu,Hindu bhovi ,Introvert,Greater than 20,"Badminton, travelling ",,,Private sector employee,House wife,Three,Religious,Two parents,No,No,No,No,No,0,0,0,0,0,1,0,0,0,0,0,0,0,0,0,0,0,0,0,0,0,0,0,0,0,Never depressed ,Family member(s),Family member(s),No,Career/Professional,Career Success and Fulfillment,Strong Social Support Networks,1,0,0,0,0,0,2,2,0,0,2,1,Low,Normal,0.27601881388318494,Normal,-240514698.6489225,Normal,0.6065235956137638,0,Normal
2024-05-31 11:25:24.718,riteshmuchandi9@gmail.com,21,Male,KLS GIT ,B.E / B.Tech,4 and above,"20,000 to 30,000",Family,Hindu,Maratha ,Extrovert,Greater than 20,Travelling ,,,Farmer,House wife,Two,Religious,Two parents,No,No,No,No,No,0,0,0,0,0,0,0,0,0,0,0,0,0,0,0,0,0,0,0,0,0,0,0,0,0,Religious or spiritual leader,Friend(s),Family member(s),No,"Career/Professional, Physical Health, Financial Stability",Career Success and Fulfillment,Supportive School Environments,0,0,0,0,0,0,2,2,0,0,2,0,Low,Normal,0.27787774594736653,Normal,-1.0,Normal,0.5930094755188309,0,Normal
2024-05-31 11:26:43.044,22u1160@students.git.edu,21,Male,KLS Gogte institute of technology ,B.E / B.Tech,4 and above,"10,000 to 20,000",Family,Hindu,Hindu lingayat ,Ambivert,Greater than 20,Cricket ,,,Farmer,House wife,One,Religious,Two parents,No,No,Yes,No,No,0,0,0,0,0,0,0,0,0,0,0,0,0,0,0,0,0,0,0,0,0,0,0,0,0,Friend(s),Family member(s),Friend(s),No,Personal Development/Growth,Strong and Healthy Relationships,Strong Social Support Networks,0,0,0,0,0,0,2,0,2,0,2,0,Low,Normal,0.27787774594736653,Normal,-1.0,Normal,0.5930094755188309,0,Normal
2024-05-31 11:25:38.948,22u1205@students.git.edu,20,Female,KLS GOGTE INSTITUTE OF TECHNOLOGY ,B.E / B.Tech,4 and above,"30,000 to 40,000",Family,Hindu,Hindu panchal,Extrovert,Greater than 20,"Dancing , singing , sketch,etc",,,Business owner/Entrepreneur,House wife,Two,Religious,Two parents,No,No,No,No,No,0,0,0,0,0,0,0,0,0,0,0,0,0,0,0,0,0,0,0,0,0,0,0,0,0,Family member(s),Family member(s),Family member(s),No,"Career/Professional, Relationships (Family, Friends, Romantic), Physical Health, Mental Health/Well-being, Financial Stability, Personal Development/Growth",Good Physical Health and Well-being,"Education and Awareness Programs, Positive Parental or Guardian Relationships, Supportive School Environments",0,0,0,0,0,0,2,2,0,0,2,0,Low,Normal,0.27787774594736653,Normal,-1.0,Normal,0.5930094755188309,0,Normal
2024-05-31 11:25:45.969,manalipatil4318@gmail.com,21,Female,"Gogte Institute of Technology, Belgaum, Karnataka",B.E / B.Tech,4 and above,"10,000 to 20,000",Family,Hindu,Hindu Maratha,Extrovert,5-10,"Reading, Playing, Listening to music",,,Business owner/Entrepreneur,Private sector employee,One,Spiritual but not religious,Two parents,No,Yes,Yes,Maybe,No,0,0,0,0,0,0,0,0,0,0,0,0,0,0,0,0,0,0,0,0,0,0,0,0,0,Family member(s),Family member(s),Family member(s),No,"Career/Professional, Relationships (Family, Friends, Romantic), Physical Health, Mental Health/Well-being, Financial Stability, Personal Development/Growth",Good Physical Health and Well-being,"Education and Awareness Programs, Positive Parental or Guardian Relationships, Supportive School Environments",0,2,1,3,0,2,4,2,0,0,2,5,Medium,Normal,0.2290945786186797,Normal,-0.9919741665083128,Normal,0.4149969586893554,0,Normal
2024-05-31 11:25:55.550,23ul1020@students.git.edu,20,Male,KLS GIT ,B.E / B.Tech,3,"40,000 to 50,000",Family,Jain,DIGAMBAR ,Extrovert,5-10,Writing books,Alcohol,,Business owner/Entrepreneur,House wife,,I believe in superstition power by following ours Vedas ,Two parents,Maybe,No,Maybe,Yes,Yes,2,3,6,5,1,0,4,3,6,6,0,4,2,4,6,6,6,6,4,6,4,6,2,4,6,Religious or spiritual leader,Friend(s),Religious or spiritual leader,No,"Career/Professional, Physical Health, Mental Health/Well-being",Positive Mental Health and Emotional Balance,"Access to Mental Health Services, Positive Parental or Guardian Relationships, Supportive School Environments",102,2,2,4,1,0,1,0,0,0,0,107,High,Outlier,-0.03573752199421487,Normal,-1.2196474235147192,Outlier,-0.3386090139401139,2,Critical Outlier
2024-05-31 11:25:59.405,ahmedrazamokashi7026@gmail.com,21,Male,KLS GIT,B.E / B.Tech,4 and above,"30,000 to 40,000",Hostel / PG,Muslim,Islam,Ambivert,Greater than 20,"Hiking,Swimming, listening music",,,Business owner/Entrepreneur,House wife,One,Religious,,No,Yes,Maybe,No,No,0,0,0,0,0,0,0,0,0,0,0,0,0,0,0,0,0,0,0,0,0,0,0,0,0,Friend(s),Friend(s),Friend(s),No,"Career/Professional, Physical Health, Mental Health/Well-being, Financial Stability, Personal Development/Growth",Personal Growth and Development,"Access to Mental Health Services, Education and Awareness Programs, Positive Parental or Guardian Relationships, Supportive School Environments, Community Engagement and Volunteerism",0,0,0,0,0,2,4,0,2,0,2,2,Low,Normal,0.27695842817694377,Normal,-1.0593969467184805,Normal,0.6067468206321784,0,Normal
2024-05-31 11:26:02.282,yashranbhare2021@gmail.com,22,Male,Gogte institute of technology,B.E / B.Tech,4 and above,"30,000 to 40,000",Family,Hindu,Swakul sali,Introvert,Less than 5,Riding,,,Business owner/Entrepreneur,House wife,One,Religious,Two parents,No,No,Yes,Yes,Yes,0,0,0,0,0,0,0,0,0,0,0,0,0,0,0,0,0,0,0,0,0,0,0,0,0,Friend(s),Friend(s),Family member(s),No,"Relationships (Family, Friends, Romantic), Physical Health, Mental Health/Well-being, Financial Stability, Personal Development/Growth",Personal Growth and Development,"Access to Mental Health Services, Strong Social Support Networks, Reduced Stigma Surrounding Mental Health, Positive Parental or Guardian Relationships, Supportive School Environments, Community Engagement and Volunteerism",0,3,2,5,0,0,2,2,0,0,2,5,Medium,Normal,0.22589027441623966,Normal,-0.9971627588120511,Normal,0.44064961983148754,0,Normal
2024-05-31 11:26:16.361,22u1691@students.git.edu,20,Male,Gogte institute of technology belgum ,B.E / B.Tech,4 and above,"10,000 to 20,000",Family,Hindu,Hindu banajiga,Introvert,Greater than 20,Farming,,,Farmer,House wife,Three,Religious,Two parents,No,No,No,No,No,0,0,0,0,0,0,0,0,0,0,0,0,0,0,0,0,0,0,0,0,0,0,0,0,0,Religious or spiritual leader,Friend(s),Friend(s),No,"Relationships (Family, Friends, Romantic)",Strong and Healthy Relationships,Supportive School Environments,0,0,0,0,0,0,2,0,2,0,2,0,Low,Normal,0.27787774594736653,Normal,-1.0,Normal,0.5930094755188309,0,Normal
2024-05-31 11:26:37.821,shreyashgadkari8@gmail.com,22,Male,KLS gogte institute of technology ,B.E / B.Tech,4 and above,"Less than 10,000",Family,Hindu,Hindu maratha ,Introvert,Greater than 20,"Watching web series, reading novels etc ",,,Retired,House wife,Two,Religious,Two parents,Maybe,Maybe,No,No,Maybe,0,0,0,0,0,0,0,0,0,0,0,0,0,0,0,0,0,0,0,0,0,0,0,0,0,Family member(s),Family member(s),Family member(s),No,"Career/Professional, Relationships (Family, Friends, Romantic), Physical Health, Mental Health/Well-being, Financial Stability, Personal Development/Growth",Career Success and Fulfillment,Access to Mental Health Services,0,0,0,0,1,1,2,2,0,0,2,0,Low,Normal,0.27787774594736653,Normal,-1.0,Normal,0.5930094755188309,0,Normal
2024-05-31 11:26:54.578,22u1477@student.git.edu,21,Female,Kls gogate institute of technology belagavi ,B.E / B.Tech,4 and above,"10,000 to 20,000",Family,Hindu,Sc,Introvert,Less than 5,"Dancing, reading ",,,Business owner/Entrepreneur,House wife,Two,Religious,Two parents,No,Yes,No,Yes,No,0,0,0,0,0,0,0,0,0,0,0,0,0,0,0,0,0,0,0,0,0,0,0,0,0,Friend(s),Family member(s),Family member(s),No,Personal Development/Growth,Career Success and Fulfillment,Access to Mental Health Services,0,3,2,5,0,2,4,2,0,0,2,7,Medium,Normal,0.22486327252512706,Normal,-0.9974983085541493,Normal,0.45238088699124823,0,Normal
2024-05-31 11:27:25.596,haroonmd009@gmail.com,21,Male,Kls gogte institute technology ,B.E / B.Tech,4 and above,"Greater than 50,000",Family,Muslim,Islam,Introvert,Greater than 20,Riding bikes and cars and travelling ,,,Private sector employee,House wife,Three,Spiritual but not religious,Two parents,No,Yes,Yes,Maybe,Maybe,0,0,0,0,0,0,0,0,0,0,0,0,0,0,0,0,0,0,0,0,0,0,0,0,0,Family member(s),Friend(s),Friend(s),No,"Career/Professional, Relationships (Family, Friends, Romantic), Physical Health, Mental Health/Well-being, Financial Stability, Personal Development/Growth",Career Success and Fulfillment,"Strong Social Support Networks, Positive Parental or Guardian Relationships, Supportive School Environments, Opportunities for Recreational Activities and Hobbies",0,0,1,1,0,2,4,0,2,0,2,3,Medium,Normal,0.23547022241214755,Normal,-0.9775287575025775,Normal,0.1683677751317254,0,Normal
2024-05-31 11:27:26.727,mohdumarpathan07@gmail.com,21,Male,Kls gogte institute of technology,B.E / B.Tech,4 and above,"20,000 to 30,000",Family,Muslim,Islam,Introvert,5-10,"Fashion,bike riding, singing",,,Business owner/Entrepreneur,House wife,Three,Religious,Two parents,No,Yes,Maybe,No,No,2,0,0,0,0,0,0,0,0,0,0,0,0,0,0,0,0,0,0,0,0,0,0,0,0,Friend(s),Friend(s),Family member(s),No,"Career/Professional, Relationships (Family, Friends, Romantic), Physical Health, Mental Health/Well-being, Financial Stability, Personal Development/Growth",Career Success and Fulfillment,Positive Parental or Guardian Relationships,2,2,0,2,0,2,4,2,0,0,2,6,Medium,Normal,0.2439581496586387,Outlier,-4508197056.978209,Normal,1.382447052576513,1,Moderate Outlier
2024-05-31 11:27:27.756,sanvipandevjp@gmail.com,20,Female,KLS GIT,B.E / B.Tech,4 and above,"20,000 to 30,000",Family,Hindu,Hindu Brahmin ,Extrovert,Greater than 20,Dancing ... Singing ,,,Private sector employee,House wife,One,Religious,Two parents,No,No,No,No,No,0,0,0,0,0,0,0,0,0,0,0,0,0,0,0,0,0,0,0,0,0,0,0,0,0,Never felt depressed ,I don't have personal crisis ,Never felt it,No,Career/Professional,Career Success and Fulfillment,"Strong Social Support Networks, Effective Coping Skills Training, Education and Awareness Programs, Positive Parental or Guardian Relationships, Supportive School Environments, Opportunities for Recreational Activities and Hobbies",0,0,0,0,0,0,2,0,0,0,0,2,Low,Normal,0.27695842817694377,Normal,-1.0593969467184805,Normal,0.6067468206321784,0,Normal
2024-05-31 11:27:35.342,anirudh.dhamnekar123@gmail.com,21,Male,KLS GIT,B.E / B.Tech,4 and above,"40,000 to 50,000",Family,Hindu,Hindu Maratha ,Introvert,5-10,"Playing Tabla, listening music",,,Private sector employee,Government employee,Four or more,Religious,Two parents,No,Maybe,Maybe,Maybe,Maybe,2,0,0,0,0,0,2,0,0,0,0,0,0,1,0,0,0,0,1,1,0,0,1,0,0,,Friend(s),Friend(s),No,Mental Health/Well-being,Work-Life Balance,Access to Mental Health Services,8,2,1,3,0,1,3,0,2,0,2,12,High,Normal,0.1406307187698701,Normal,-1.1617814492162613,Normal,1.3974581059298226,0,Normal
2024-05-31 11:27:35.558,spurtimaheshjana14@gmail.com,20,Female,Gogte Institute of Technology ,B.E / B.Tech,4 and above,"40,000 to 50,000",Family,Hindu,Lingayat,Ambivert,Less than 5,Painting amd sports ,,,Chemist,House wife,One,Religious,Two parents,No,No,No,Maybe,No,0,0,0,0,0,0,0,0,0,0,0,0,0,0,0,1,1,0,0,0,0,0,0,0,0,Family member(s),Family member(s),Family member(s),No,"Career/Professional, Relationships (Family, Friends, Romantic), Physical Health, Mental Health/Well-being, Personal Development/Growth",Positive Mental Health and Emotional Balance,"Strong Social Support Networks, Positive Parental or Guardian Relationships, Supportive School Environments, Opportunities for Recreational Activities and Hobbies",2,3,1,4,0,0,2,2,0,0,2,6,Medium,Normal,0.17653552675575868,Outlier,-7657930137.907114,Normal,0.06804350470278653,1,Moderate Outlier
2024-05-31 11:27:40.009,abhishekkhangaonkar30@gmail.com,21,Male,KLS gogte institute of technology ,B.E / B.Tech,4 and above,"Less than 10,000",Family,Hindu,Hindu maratha,Introvert,5-10,Gaming  traveling ,,,Private sector employee,House wife,One,Religious,Two parents,Yes,No,Yes,Yes,Yes,5,1,1,1,1,1,1,1,1,1,1,1,1,1,1,1,1,1,1,0,1,1,1,1,2,Religious or spiritual leader,Religious or spiritual leader,Religious or spiritual leader,No,Career/Professional,Career Success and Fulfillment,Supportive School Environments,29,2,2,4,2,0,0,0,0,0,0,33,High,Normal,0.1061913353670918,Normal,-1.4724285174700227,Normal,2.1590026103667554,0,Normal
2024-05-31 11:28:07.073,darshanvg10@gmail.com,22,Male,Kls git bgm,B.E / B.Tech,4 and above,"10,000 to 20,000",Family,Hindu,Maratha nhavi,Introvert,Less than 5,"Traveling, Sports, Fitness",,,Business owner/Entrepreneur,House wife,One,Religious,Two parents,Maybe,Yes,Maybe,Yes,No,1,1,0,0,0,0,6,0,0,0,0,0,0,0,0,0,0,0,0,0,0,0,0,0,0,Friend(s),Friend(s),Family member(s),Maybe,"Career/Professional, Relationships (Family, Friends, Romantic), Physical Health, Mental Health/Well-being, Personal Development/Growth",Career Success and Fulfillment,"Education and Awareness Programs, Positive Parental or Guardian Relationships, Supportive School Environments",8,3,2,5,1,2,3,2,0,1,3,13,High,Normal,0.16428440565275632,Normal,-2.066432905775453,Normal,0.22692033692785873,0,Normal
2024-05-31 11:28:07.165,22u1377@students.git.edu,20,Male,"KLS GIT, Belagavi",B.E / B.Tech,4 and above,"Greater than 50,000",Gaurdian,Hindu,Lingayath,Ambivert,Greater than 20,Playing cricket rletc,,,Farmer,House wife,One,Religious,Two parents,No,No,No,No,No,0,0,0,0,0,0,0,0,0,0,0,0,0,0,0,0,0,0,0,0,0,0,0,0,0,Family member(s),Friend(s),Family member(s),No,"Career/Professional, Relationships (Family, Friends, Romantic), Physical Health, Financial Stability",All most all above,Getting into a relationship with a good and loyal one,0,0,0,0,0,0,2,2,0,0,2,0,Low,Normal,0.27787774594736653,Normal,-1.0,Normal,0.5930094755188309,0,Normal
2024-05-31 11:28:09.971,22u1705@students.git.edu,20,Male,KLS GOGTE INSTITUTE OF TECHNOLOGY BELAGAVI ,B.E / B.Tech,3,"10,000 to 20,000",Family,Hindu,SC,Ambivert,Greater than 20,Reading Playing Earning ,,,Expired ,Laborer/Blue-collar worker,One,Religious,One parent,No,No,No,No,No,0,0,0,0,0,0,0,0,0,0,0,0,0,0,0,0,0,0,0,0,0,0,0,0,0,Family member(s),Family member(s),Family member(s),No,"Career/Professional, Relationships (Family, Friends, Romantic), Physical Health, Mental Health/Well-being, Financial Stability, Personal Development/Growth",Financial Security and Stability,Only money can solve every problem..,0,0,0,0,0,0,2,2,0,0,2,0,Low,Normal,0.27787774594736653,Normal,-1.0,Normal,0.5930094755188309,0,Normal
2024-05-31 11:28:11.441,vaibhavbargaonkar@gmail.com,20,Male,Git,B.E / B.Tech,4 and above,"10,000 to 20,000",Family,Hindu,Maratha,Ambivert,10-20,Cycling,,,Laborer/Blue-collar worker,House wife,Two,Agnostic (unsure about the existence of a higher power),Two parents,No,No,No,No,No,0,0,0,0,0,0,0,0,0,0,0,0,0,0,0,0,0,0,0,0,0,0,0,0,0,Friend(s),Friend(s),Family member(s),No,"Physical Health, Mental Health/Well-being",Positive Mental Health and Emotional Balance,Access to Mental Health Services,0,1,0,1,0,0,2,2,0,0,2,1,Low,Normal,0.26039187238892075,Normal,-1.0,Normal,0.5603940349488337,0,Normal
2024-05-31 11:28:34.806,anudeepkoujalagi7@gmail.com,20,Male,GOGTE institute of technology ,B.E / B.Tech,4 and above,"20,000 to 30,000",Hostel / PG,Hindu,Lingayat,Introvert,Less than 5,Editing videos,,,Private sector employee,House wife,One,Religious,Two parents,No,No,No,No,No,0,0,0,0,0,0,0,0,0,0,0,0,0,0,0,0,0,0,0,0,0,0,0,0,0,Friend(s),Family member(s),Friend(s),No,"Career/Professional, Physical Health, Financial Stability, Personal Development/Growth",Good Physical Health and Well-being,"Access to Mental Health Services, Strong Social Support Networks, Effective Coping Skills Training, Education and Awareness Programs, Reduced Stigma Surrounding Mental Health, Positive Parental or Guardian Relationships, Supportive School Environments, Opportunities for Recreational Activities and Hobbies, Community Engagement and Volunteerism",0,3,0,3,0,0,2,0,2,0,2,3,Medium,Normal,0.25612827643167974,Normal,-1.0,Normal,0.7322037115749263,0,Normal
2024-05-31 11:28:43.312,22u1841@students.git.edu,21,Male,Git college belagavi,B.E / B.Tech,4 and above,"Less than 10,000",Hostel / PG,Hindu,Lingayat,Introvert,Less than 5,Watching movies,,,Farmer,House wife,One,Religious,Two parents,No,No,No,No,No,0,0,0,0,0,0,0,0,0,0,0,0,0,0,0,0,0,0,0,0,0,0,0,0,0,Friend(s),Friend(s),Friend(s),No,"Career/Professional, Physical Health, Financial Stability, Personal Development/Growth",Financial Security and Stability,"Access to Mental Health Services, Strong Social Support Networks, Effective Coping Skills Training, Education and Awareness Programs, Reduced Stigma Surrounding Mental Health, Positive Parental or Guardian Relationships, Supportive School Environments, Opportunities for Recreational Activities and Hobbies, Community Engagement and Volunteerism",0,3,0,3,0,0,2,0,2,0,2,3,Medium,Normal,0.25612827643167974,Normal,-1.0,Normal,0.7322037115749263,0,Normal
2024-05-31 11:28:51.629,prajwalpatil3549@gmail.com,24,Male,KLS Gotge institute of technology belgaum ,B.E / B.Tech,3,"30,000 to 40,000",Hostel / PG,Hindu,Hindu maratha ,Ambivert,Greater than 20,"Playing cricket, watching movie ",,,Laborer/Blue-collar worker,House wife,,Religious,,No,Maybe,No,No,No,0,0,0,0,0,0,0,0,0,0,0,0,0,0,0,0,0,0,0,0,0,0,0,0,0,Family member(s),Friend(s),Family member(s),Yes,Personal Development/Growth,Good Physical Health and Well-being,Access to Mental Health Services,0,0,0,0,0,1,3,2,0,2,4,-1,Low,Normal,0.2739195687018826,Normal,-200826510.93692538,Normal,0.5856091255471085,0,Normal
2024-05-31 11:28:57.686,22u1170@students.git.edu,19,Male, KLS GOGTE INSTITUTE OF TECHNOLOGY ,B.E / B.Tech,4 and above,"20,000 to 30,000",Gaurdian,Hindu,Lingayat,Introvert,Less than 5,Acting,,,Government employee,House wife,Two,Religious,Two parents,No,No,Yes,Yes,No,4,0,0,0,0,0,1,0,0,0,0,0,0,0,0,0,0,0,0,0,0,0,0,0,0,Family member(s),Family member(s),Family member(s),No,"Career/Professional, Physical Health, Mental Health/Well-being, Financial Stability, Personal Development/Growth",Career Success and Fulfillment,"Opportunities for Recreational Activities and Hobbies, Community Engagement and Volunteerism",5,3,2,5,0,0,2,2,0,0,2,10,Medium,Normal,0.18069585741506744,Normal,-2.00688044541198,Normal,0.6681124853655049,0,Normal
2024-05-31 11:29:41.260,angadiram2003@gmail.com,21,Male,KLS  Gogte Institute of technology Belagavi,B.E / B.Tech,4 and above,"Less than 10,000",Family,Hindu,Hindu Lingayata,Extrovert,Greater than 20,"Listening music, Traveling, Riding a Bike etc....... ",,,Farmer,House wife,Two,Religious,Two parents,No,No,Maybe,No,No,3,0,0,0,0,0,0,0,0,0,0,0,0,0,0,0,0,0,0,0,0,0,0,0,0,Family member(s),Family member(s),Family member(s),No,"Relationships (Family, Friends, Romantic)",Positive Mental Health and Emotional Balance,Education and Awareness Programs,3,0,0,0,0,0,2,2,0,0,2,3,Medium,Normal,0.23519516871550888,Normal,-22.635797006220162,Normal,0.7252266780275693,0,Normal
2024-05-31 11:29:44.526,trilokpawale@gmail.com,22,Male,Gogta institute of technology ,B.E / B.Tech,4 and above,"10,000 to 20,000",Family,Hindu,Maratha 3B,Introvert,Less than 5,Drawing traveling ,,,Retired,House wife,One,Religious,Two parents,No,Yes,Yes,Yes,Yes,5,1,1,1,1,1,6,5,5,5,6,5,3,5,4,4,4,4,4,4,4,4,5,4,4,Religious or spiritual leader,Religious or spiritual leader,Religious or spiritual leader,No,"Career/Professional, Relationships (Family, Friends, Romantic), Physical Health",Good Physical Health and Well-being,"Strong Social Support Networks, Positive Parental or Guardian Relationships, Supportive School Environments",95,3,2,5,0,2,4,0,0,0,0,104,High,Normal,0.014999825384168108,Normal,-0.9993827465475495,Normal,1.0251645345205986,0,Normal
2024-05-31 11:30:06.676,22U1364@students.git.edu,20,Male,KLS Git,B.E / B.Tech,4 and above,"30,000 to 40,000",Family,Hindu,Namdev Shimpi,Introvert,10-20,Painting ,,,Industrialist,House wife,One,Religious,Two parents,No,No,No,No,No,0,0,0,0,0,0,0,0,0,0,0,0,0,0,0,0,0,0,0,0,0,0,0,0,0,Family member(s),Family member(s),Family member(s),No,Career/Professional,Career Success and Fulfillment,"Access to Mental Health Services, Strong Social Support Networks, Effective Coping Skills Training, Education and Awareness Programs, Reduced Stigma Surrounding Mental Health, Positive Parental or Guardian Relationships, Supportive School Environments, Opportunities for Recreational Activities and Hobbies, Community Engagement and Volunteerism",0,1,0,1,0,0,2,2,0,0,2,1,Low,Normal,0.26039187238892075,Normal,-1.0,Normal,0.5603940349488337,0,Normal
2024-05-31 11:30:10.907,robertpillay8162@gmail.com,23,Male,KLS Gogte Institute of Technology,B.E / B.Tech,4 and above,"40,000 to 50,000",Hostel / PG,Christian,Roman Catholic,Introvert,5-10,"Cooking, listening to music.",,,Government employee,House wife,Three,Agnostic (unsure about the existence of a higher power),Two parents,No,No,No,No,No,0,0,0,0,0,0,1,0,0,0,1,0,0,1,0,0,0,2,0,1,0,0,0,0,0,Friend(s),Friend(s),Friend(s),No,"Career/Professional, Relationships (Family, Friends, Romantic), Physical Health, Financial Stability, Personal Development/Growth",Financial Security and Stability,"Education and Awareness Programs, Positive Parental or Guardian Relationships, Supportive School Environments, Opportunities for Recreational Activities and Hobbies",6,2,0,2,0,0,2,0,2,0,2,8,Medium,Normal,0.16630271609628483,Normal,-1751923532.5711014,Normal,1.661700968968007,0,Normal
2024-05-31 11:30:11.673,sourabhlandecok@gmail.com,22,Male,KLS Gogte institute of technology ,B.E / B.Tech,4 and above,"40,000 to 50,000",Family,Hindu,Maratha,Ambivert,10-20,"Badminton, cricket, swimming ",,,Government employee,House wife,One,Religious,Two parents,Maybe,Yes,Maybe,Yes,Yes,0,1,0,0,0,0,0,1,1,0,0,0,0,0,1,0,1,0,0,0,0,1,0,0,0,Friend(s),Family member(s),Friend(s),No,"Career/Professional, Physical Health, Financial Stability, Personal Development/Growth",Financial Security and Stability,"Strong Social Support Networks, Reduced Stigma Surrounding Mental Health, Positive Parental or Guardian Relationships, Community Engagement and Volunteerism",6,1,2,3,1,2,3,0,2,0,2,10,Medium,Normal,0.1335775272324427,Normal,-1.1837788188302192,Normal,0.6931457384622925,0,Normal
2024-05-31 11:30:23.124,shrushtilakkar13@gmail.com,20,Female,Gogte institute of technology ,B.E / B.Tech,4 and above,"40,000 to 50,000",Family,Hindu,Lingayat,Ambivert,Less than 5,Reading books,,,Police department ,Police department ,One,Religious,Two parents,No,No,No,Yes,No,0,0,0,0,0,0,0,0,0,0,0,0,0,0,0,0,0,0,0,0,0,0,0,0,0,Friend(s),Friend(s),Family member(s),No,Physical Health,Career Success and Fulfillment,"Access to Mental Health Services, Strong Social Support Networks, Effective Coping Skills Training, Education and Awareness Programs, Reduced Stigma Surrounding Mental Health, Positive Parental or Guardian Relationships, Supportive School Environments, Opportunities for Recreational Activities and Hobbies, Community Engagement and Volunteerism",0,3,2,5,0,0,2,2,0,0,2,5,Medium,Normal,0.22589027441623966,Normal,-0.9971627588120511,Normal,0.44064961983148754,0,Normal
2024-05-31 11:30:33.534,mitalidongare29@gmail.com,20,Female,GIT,B.E / B.Tech,4 and above,"40,000 to 50,000",Family,Hindu,SC,Introvert,Less than 5,Traveling ,,,Retired,House wife,One,Religious,Two parents,No,No,Maybe,No,No,0,0,0,0,0,0,0,0,0,0,0,0,0,0,0,0,0,0,0,0,0,0,0,0,0,Family member(s),Family member(s),Family member(s),No,Personal Development/Growth,Good Physical Health and Well-being,Access to Mental Health Services,0,3,0,3,0,0,2,2,0,0,2,3,Medium,Normal,0.25612827643167974,Normal,-1.0,Normal,0.7322037115749263,0,Normal
2024-05-31 11:30:49.043,22u1894@students.git.edu,21,Male,"KLS gogte Institute of technology, belgavi",B.E / B.Tech,3,"30,000 to 40,000",Family,Hindu,Hindu ambiga,Ambivert,Less than 5,Playing football ⚽,,,Government employee,House wife,,Religious,Two parents,No,No,No,No,No,0,0,0,0,0,0,0,0,0,0,0,0,0,0,0,0,0,0,0,0,0,0,0,0,0,I just go to ground and play football . This is the only place i love to goo ,Family member(s),Family member(s),No,"Career/Professional, Physical Health, Financial Stability, Personal Development/Growth",Good Physical Health and Well-being,"Access to Mental Health Services, Strong Social Support Networks, Education and Awareness Programs, Positive Parental or Guardian Relationships, Opportunities for Recreational Activities and Hobbies",0,3,0,3,0,0,2,2,0,0,2,3,Medium,Normal,0.25612827643167974,Normal,-1.0,Normal,0.7322037115749263,0,Normal
2024-05-31 11:30:59.663,22ul2191@students.git.edu,22,Male,KLS GIT,B.E / B.Tech,4 and above,"40,000 to 50,000",Family,Hindu,Hindu maratha ,Introvert,10-20,"Gaming,football,photography",,,Business owner/Entrepreneur,House wife,,Religious,Two parents,No,No,No,No,No,0,0,0,0,0,0,0,0,0,0,0,0,0,0,0,3,1,1,0,0,0,0,0,0,0,Family member(s),Family member(s),Family member(s),Yes,"Mental Health/Well-being, Financial Stability, Personal Development/Growth",Work-Life Balance,"Access to Mental Health Services, Strong Social Support Networks, Positive Parental or Guardian Relationships, Supportive School Environments, Opportunities for Recreational Activities and Hobbies, Community Engagement and Volunteerism",5,1,0,1,0,0,2,2,0,2,4,4,Medium,Normal,0.1982802489420949,Outlier,-5093281739.756279,Normal,0.7087469247333011,1,Moderate Outlier
2024-05-31 11:31:50.762,navneetsunthankar@gmail.com,20,Male,Gogte institute of technology ,B.E / B.Tech,3,"Greater than 50,000",Family,Hindu,GSB (Goud Saraswat Brahmin),Ambivert,Greater than 20,Sports and instrumental music,,,Business owner/Entrepreneur,House wife,,Religious,Two parents,No,No,No,No,No,0,0,0,0,0,0,0,0,0,0,0,0,0,0,0,0,0,0,0,0,0,0,0,0,0,Family member(s),Family member(s),Family member(s),Yes,Personal Development/Growth,Career Success and Fulfillment,Positive Parental or Guardian Relationships,0,0,0,0,0,0,2,2,0,2,4,-2,Low,Normal,0.27035232890815797,Normal,-25423049.789011676,Normal,0.5778569246552383,0,Normal
2024-05-31 11:31:58.825,23ul1009@students.git.edu,19,Male,KLS GOGTE INSTITUTE OF TECHNOLOGY ,B.E / B.Tech,3,"40,000 to 50,000",Family,Hindu,Hindu (Brahmin),Introvert,10-20,"Play instruments like Guitar , Tabla and following music",,,Retired,House wife,,Religious,Two parents,No,No,Maybe,Yes,Yes,1,0,0,0,0,0,2,0,0,0,0,1,1,1,1,1,0,0,0,1,0,0,0,0,0,Friend(s),Friend(s),Friends,No,Career/Professional,Positive Mental Health and Emotional Balance,"Access to Mental Health Services, Strong Social Support Networks, Positive Parental or Guardian Relationships",9,1,2,3,0,0,2,0,2,0,2,12,High,Normal,0.15399213126504696,Normal,-1.2161467651385678,Normal,0.8624760526494768,0,Normal
2024-05-31 11:32:10.002,shravanisarnobat03@gmail.com,19,Female,KLS GOGTE INSTITUTE OF TECHNOLOGY ,B.E / B.Tech,4 and above,"Greater than 50,000",Family,Hindu,Brahmin,Ambivert,Less than 5,"Reading, drawing",,,Business owner/Entrepreneur,Government employee,One,Religious,Two parents,No,No,Yes,Maybe,Yes,0,0,0,0,0,0,1,0,0,0,0,0,0,0,0,0,0,0,0,0,0,0,1,0,0,Family member(s),Family member(s),Family member(s),No,"Career/Professional, Physical Health, Personal Development/Growth",Good Physical Health and Well-being,"Access to Mental Health Services, Strong Social Support Networks, Education and Awareness Programs, Reduced Stigma Surrounding Mental Health, Positive Parental or Guardian Relationships, Supportive School Environments",2,3,1,4,0,0,2,2,0,0,2,6,Medium,Normal,0.17889232755952705,Outlier,-6640587878.249629,Normal,0.3413205412527587,1,Moderate Outlier
2024-05-31 11:32:38.794,rrjadhavbgm@gmail.com,21,Male,Gogte Institute of technology ,B.E / B.Tech,4 and above,"20,000 to 30,000",Family,Hindu,Maratha,Ambivert,5-10,"Cricket, swimming, watching movies, mobile game's.",,,Business owner/Entrepreneur,House wife,One,Religious,Two parents,Yes,No,Maybe,No,No,0,0,0,0,0,0,0,0,0,0,0,0,0,0,0,0,0,1,0,0,0,0,1,0,0,Friend(s),Friend(s),,No,"Career/Professional, Relationships (Family, Friends, Romantic), Physical Health, Financial Stability, Personal Development/Growth",Strong and Healthy Relationships,"Access to Mental Health Services, Strong Social Support Networks, Education and Awareness Programs, Positive Parental or Guardian Relationships",2,2,0,2,2,0,0,0,0,0,0,4,Medium,Normal,0.23620572274373175,Outlier,-4893727053.55994,Normal,1.3362139558094706,1,Moderate Outlier
2024-05-31 11:32:48.382,manojpatil8475@gmail.com,21,Male,KLS GIT,B.E / B.Tech,4 and above,"10,000 to 20,000",Family,Hindu,Maratha,Extrovert,Greater than 20,"Travelling , Listening Music",Alcohol,,Farmer,House wife,Three,Religious,Two parents,No,No,No,No,Yes,0,0,0,0,0,0,0,0,0,0,0,0,0,0,0,0,0,0,0,0,0,0,0,0,0,Family member(s),Family member(s),Family member(s),Maybe,"Career/Professional, Relationships (Family, Friends, Romantic), Physical Health, Financial Stability, Personal Development/Growth",Career Success and Fulfillment,"Strong Social Support Networks, Education and Awareness Programs",0,0,0,0,0,0,2,2,0,1,3,-1,Low,Normal,0.2739195687018826,Normal,-200826510.93692538,Normal,0.5856091255471085,0,Normal
2024-05-31 11:33:07.352,vidyashreesantagol@gmail.com,20,Female,KLS GOGTE INSTITUTE OF TECHNOLOGY BELAGUM ,B.E / B.Tech,4 and above,"Greater than 50,000",Family,Hindu,SC,Introvert,Greater than 20,Signing songs ,,,Government employee,Expired ,One,Religious,Two parents,No,No,No,Maybe,Maybe,0,0,0,0,0,0,0,0,0,0,0,0,0,0,0,0,0,0,0,0,0,0,0,0,0,Family member(s),Family member(s),Friend(s),Maybe,"Relationships (Family, Friends, Romantic)",Career Success and Fulfillment,Positive Parental or Guardian Relationships,0,0,1,1,0,0,2,0,2,1,3,0,Low,Normal,0.23626574680961643,Normal,-1.015063962358201,Normal,0.150210234501452,0,Normal
2024-05-31 11:34:13.404,atreyabhende@gmail.com,21,Male,Gogte institute of Technology Belagavi,B.E / B.Tech,4 and above,"Greater than 50,000",Family,Hindu,GSB,Extrovert,Greater than 20,"Photography, music",,,Private sector employee,House wife,One,Spiritual but not religious,Two parents,Yes,Yes,No,No,No,0,0,0,0,0,0,0,0,0,0,0,0,0,0,0,0,0,0,0,0,0,0,0,0,0,Friend(s),Friend(s),Family member(s),No,"Career/Professional, Relationships (Family, Friends, Romantic), Physical Health, Mental Health/Well-being, Financial Stability, Personal Development/Growth",Career Success and Fulfillment,"Strong Social Support Networks, Positive Parental or Guardian Relationships, Opportunities for Recreational Activities and Hobbies",0,0,0,0,2,2,2,2,0,0,2,0,Low,Normal,0.27787774594736653,Normal,-1.0,Normal,0.5930094755188309,0,Normal
2024-05-31 11:39:40.563,gokulbang1707@gmail.com,20,Male,KLS Gogte Institute Of Technology ,B.E / B.Tech,4 and above,"Greater than 50,000",Family,Hindu,Maheshwari,Introvert,5-10,"Music, Swimming, Driving",,,Business owner/Entrepreneur,House wife,One,Religious,Two parents,No,No,Yes,Yes,Yes,0,0,0,0,0,0,0,0,0,0,0,0,0,0,0,0,0,0,0,0,0,0,0,0,0,Friend(s),Friend(s),Friend(s),No,"Career/Professional, Relationships (Family, Friends, Romantic), Physical Health, Mental Health/Well-being, Financial Stability, Personal Development/Growth",Positive Mental Health and Emotional Balance,"Access to Mental Health Services, Strong Social Support Networks, Effective Coping Skills Training, Education and Awareness Programs, Reduced Stigma Surrounding Mental Health, Positive Parental or Guardian Relationships, Supportive School Environments, Opportunities for Recreational Activities and Hobbies, Community Engagement and Volunteerism",0,2,2,4,0,0,2,0,2,0,2,4,Medium,Normal,0.23836515006948145,Normal,-0.9958930640874752,Normal,0.7319933494207413,0,Normal
2024-05-31 11:39:47.008,sam.143parents@gmail.com,24,Female,GIT Belgaum ,M.Tech,4 and above,"Greater than 50,000",Family,Hindu,Maratha,Ambivert,Less than 5,Singing and playing musical instruments ,,,Government employee,House wife,One,Religious,Two parents,Maybe,Yes,Maybe,Yes,Maybe,0,0,0,0,0,0,0,0,0,1,0,0,0,0,0,0,0,0,1,1,0,0,0,0,0,Friend(s),Family member(s),Friend(s),No,"Career/Professional, Relationships (Family, Friends, Romantic), Physical Health, Mental Health/Well-being, Financial Stability, Personal Development/Growth",All of the above ,"Access to Mental Health Services, Strong Social Support Networks, Effective Coping Skills Training, Education and Awareness Programs, Positive Parental or Guardian Relationships, Supportive School Environments, Opportunities for Recreational Activities and Hobbies",3,3,2,5,1,2,3,0,2,0,2,9,Medium,Normal,0.16695951624862387,Normal,-1.1971700296185463,Normal,0.6751985665335569,0,Normal
2024-05-31 11:40:48.888,sanketpatil1083sp@gmail.com,21,Male,Kls Gogte Institute of Technology ,B.E / B.Tech,4 and above,"Greater than 50,000",Family,Hindu,Maratha,Extrovert,Greater than 20,"Bike Riding, Traveling,Exploring",,,Business owner/Entrepreneur,Business owner/Entrepreneur,One,Religious,Two parents,No,No,Maybe,Yes,Maybe,0,0,0,0,0,0,0,0,0,0,0,0,0,0,0,0,0,0,0,0,0,0,0,0,0,Friend(s),Family member(s),Family member(s),No,"Career/Professional, Physical Health, Financial Stability",Career Success and Fulfillment,Access to Mental Health Services,0,0,2,2,0,0,2,2,0,0,2,2,Low,Normal,0.23306624159752165,Normal,-0.9970473281653722,Normal,0.5269621420905759,0,Normal
2024-05-31 11:40:53.396,bhambureswati03@gmail.com,20,Female,KLS GOGTE INSTITUTE OF TECHNOLOGY ,B.E / B.Tech,3,"10,000 to 20,000",Family,Hindu,NAMDEV SHIMPI,Introvert,5-10,"Stitching, cooking ",,,Laborer/Blue-collar worker,Expired,One,Religious,One parent,No,No,No,Yes,No,2,2,2,2,2,2,2,2,2,2,2,2,2,2,2,2,2,2,2,2,2,2,2,2,2,Family member(s),Family member(s),Family member(s),No,"Career/Professional, Relationships (Family, Friends, Romantic), Financial Stability",Career Success and Fulfillment,"Access to Mental Health Services, Strong Social Support Networks, Effective Coping Skills Training",50,2,2,4,0,0,2,2,0,0,2,54,High,Normal,0.06200369670206207,Normal,-1.1496434126822035,Normal,3.3554336998994785,0,Normal
2024-05-31 11:47:20.223,23ul0950@students.git.edu,24,Male,Gogte Institute of Technology ,B.E / B.Tech,4 and above,"10,000 to 20,000",Family,Hindu,ST,Introvert,Less than 5,Book reading ,,,Late Ex Serviceman ,House wife,Two,Religious,One parent,No,No,No,No,No,0,0,0,0,0,0,0,0,0,0,0,0,0,0,0,0,0,0,0,0,0,0,0,0,0,Family member(s),Family member(s),Family member(s),No,"Career/Professional, Personal Development/Growth",Personal Growth and Development,Positive Parental or Guardian Relationships,0,3,0,3,0,0,2,2,0,0,2,3,Medium,Normal,0.25612827643167974,Normal,-1.0,Normal,0.7322037115749263,0,Normal
2024-05-31 11:49:49.216,23ul0925@students.git.edu,19,Male,Gogte Institute of technology,B.E / B.Tech,1,"10,000 to 20,000",Gaurdian,Hindu,Hindu Maratha,Introvert,Less than 5,Gym. ,,,Death,Death,,Religious,Two parents,No,No,No,No,Yes,0,0,0,0,0,0,0,0,0,0,0,0,0,0,0,0,0,0,0,0,0,0,0,0,0,Friend(s),Friend(s),Friend(s),No,Physical Health,Career Success and Fulfillment,Access to Mental Health Services,0,3,0,3,0,0,2,0,2,0,2,3,Medium,Normal,0.25612827643167974,Normal,-1.0,Normal,0.7322037115749263,0,Normal
2024-05-31 11:50:03.130,23UL1012@students.git.edu,21,Male,GOGTE INSTITUTE OF TECHNOLOGY ,B.E / B.Tech,4 and above,"10,000 to 20,000",Family,Jain,JAIN,Introvert,Less than 5,GOING GYM,,,Private sector employee,House wife,One,Religious,Two parents,No,No,No,No,No,0,0,0,0,0,0,0,0,0,0,0,0,0,0,0,0,0,0,0,0,0,0,0,0,0,Family member(s),Family member(s),Family member(s),No,Physical Health,Personal Growth and Development,Education and Awareness Programs,0,3,0,3,0,0,2,2,0,0,2,3,Medium,Normal,0.25612827643167974,Normal,-1.0,Normal,0.7322037115749263,0,Normal
2024-05-31 11:54:28.399,yom200689@gmail.com,22,Male,Kls git ,B.E / B.Tech,4 and above,"40,000 to 50,000",Family,Hindu,Hindu maratha ,Extrovert,10-20,"Gym, travelling, football, martial arts ",,,Business owner/Entrepreneur,House wife,Two,Religious,Two parents,No,Yes,Yes,No,No,0,0,0,0,0,0,0,0,0,0,0,0,0,0,0,0,0,0,0,0,0,0,0,0,0,Religious or spiritual leader,Friend(s),Family member(s),Maybe,"Career/Professional, Physical Health",Career Success and Fulfillment,"Access to Mental Health Services, Teach him how to be mature how handle your life problems . What society will think about you if you don’t get job is the biggest fear first try to remove that and for some people addiction which makes them distracted sex,porn, stupid relationship, alcoholic …etc and people are sensitive if group of friends are teasing him ( ragging )",0,1,0,1,0,2,4,2,0,1,3,2,Low,Normal,0.25992631603063676,Normal,-273854332.7092559,Normal,0.5668726945036777,0,Normal
2024-05-31 11:54:33.514,yom200689@gmail.com,22,Male,Kls git ,B.E / B.Tech,4 and above,"40,000 to 50,000",Family,Hindu,Hindu maratha ,Extrovert,10-20,"Gym, travelling, football, martial arts ",,,Business owner/Entrepreneur,House wife,Two,Religious,Two parents,No,Yes,Yes,No,No,0,0,0,0,0,0,0,0,0,0,0,0,0,0,0,0,0,0,0,0,0,0,0,0,0,Religious or spiritual leader,Friend(s),Family member(s),Maybe,"Career/Professional, Physical Health",Career Success and Fulfillment,"Access to Mental Health Services, Teach him how to be mature how handle your life problems . What society will think about you if you don’t get job is the biggest fear first try to remove that and for some people addiction which makes them distracted sex,porn, stupid relationship, alcoholic …etc and people are sensitive if group of friends are teasing him ( ragging )",0,1,0,1,0,2,4,2,0,1,3,2,Low,Normal,0.25992631603063676,Normal,-273854332.7092559,Normal,0.5668726945036777,0,Normal
2024-05-31 12:05:22.963,moosa16.tan@gmail.com,21,Male,Kls Gogte Institute of Technology ,B.E / B.Tech,4 and above,"Greater than 50,000",Family,Muslim,Muslim,Introvert,Less than 5,Reading ,,,Private sector employee,House wife,One,Religious,One parent,No,No,No,Yes,No,0,0,0,0,0,0,0,0,0,0,0,0,0,0,0,0,0,0,0,0,0,0,0,0,0,Family member(s),Family member(s),Family member(s),Yes,"Career/Professional, Relationships (Family, Friends, Romantic), Personal Development/Growth",Career Success and Fulfillment,"Access to Mental Health Services, Strong Social Support Networks, Effective Coping Skills Training, Education and Awareness Programs, Positive Parental or Guardian Relationships, Supportive School Environments, Community Engagement and Volunteerism",0,3,2,5,0,0,2,2,0,2,4,3,Medium,Normal,0.22163673815084567,Normal,-0.9966085334109944,Normal,0.42754196830370716,0,Normal
2024-05-31 12:43:52.547,patilbalagouda20@gmail.com,22,Male,KLS Gogte institute of technology ,B.E / B.Tech,4 and above,"20,000 to 30,000",Family,Hindu,Lingayat ,Extrovert,Greater than 20,Playing ,,,Farmer,House wife,One,Spiritual but not religious,One parent,No,No,Maybe,No,No,0,0,0,0,0,0,0,0,0,0,0,1,0,1,0,2,0,0,0,0,0,0,0,0,0,Friend(s),Family member(s),Friend(s),Yes,"Career/Professional, Relationships (Family, Friends, Romantic), Physical Health, Mental Health/Well-being, Financial Stability, Personal Development/Growth",Good Physical Health and Well-being,Education and Awareness Programs,4,0,0,0,0,0,2,0,2,2,4,2,Low,Normal,0.24278772422313089,Normal,-14.729704997519601,Normal,0.7067936070430401,0,Normal
2024-05-31 12:44:30.801,whoisjack999@gmail.com,22,Male,KLS Gogte Institute of Technology.,B.E / B.Tech,4 and above,"30,000 to 40,000",Family,Hindu,Hindu Maratha,Introvert,Less than 5,Action/ shooting game AQ,"Alcohol, Tobacco",,Government employee,House wife,One,Agnostic (unsure about the existence of a higher power),Two parents,No,Yes,Yes,Maybe,Maybe,0,0,0,0,0,0,0,0,0,0,0,0,0,0,0,0,0,0,0,0,0,0,0,0,0,Friend(s),Friend(s),Friend(s),Maybe,"Career/Professional, Relationships (Family, Friends, Romantic)",Strong and Healthy Relationships,Opportunities for Recreational Activities and Hobbies,0,3,1,4,0,2,4,0,2,1,3,5,Medium,Normal,0.2054769099466795,Outlier,-8562316820.170683,Normal,0.050704432564204094,1,Moderate Outlier
2024-05-31 12:59:23.907,prathamkattimani4@gmail.com,20,Male,Gogte institute of technology belgavi,B.E / B.Tech,4 and above,"30,000 to 40,000",Hostel / PG,Jain,Digambar jain,Introvert,Greater than 20,"Gym, playing cricket,watching movies",,,Private sector employee,House wife,One,Religious,Two parents,Yes,Maybe,No,No,Maybe,0,0,0,0,0,0,0,0,0,0,0,0,0,0,0,0,0,0,0,0,0,0,0,0,0,Family member(s),Family member(s),Family member(s),No,"Career/Professional, Relationships (Family, Friends, Romantic), Physical Health",Career Success and Fulfillment,Reduce the syllabus for students,0,0,0,0,2,1,1,2,0,0,2,-1,Low,Normal,0.2739195687018826,Normal,-200826510.93692538,Normal,0.5856091255471085,0,Normal
2024-05-31 13:05:05.903,manojmaragannache@gmail.com,21,Male,KLS Gogte Istitute of technology,B.E / B.Tech,4 and above,"10,000 to 20,000",Family,Hindu,Hindu Maratha,Extrovert,5-10,"Swimming, Running",,,Mason,House wife,Two,Religious,One parent,No,Yes,Maybe,No,No,0,0,0,0,0,0,0,0,0,0,0,0,0,0,0,0,0,0,0,0,0,0,0,0,0,Friend(s),Friend(s),Family member(s),No,Physical Health,Good Physical Health and Well-being,Opportunities for Recreational Activities and Hobbies,0,2,0,2,0,2,4,2,0,0,2,4,Medium,Normal,0.27019527508685737,Normal,-375789000.8087223,Normal,1.1205168510532015,0,Normal
2024-05-31 13:23:36.443,nikhitakavalur8@gmail.com,21,Female,KLS git,B.E / B.Tech,4 and above,"20,000 to 30,000",Family,Hindu,Reddy ,Ambivert,Less than 5,Novel reading,,,Farmer,House wife,Two,Spiritual but not religious,,No,No,Maybe,Yes,Yes,0,0,0,0,0,0,0,0,0,0,0,0,0,0,0,0,0,1,0,0,0,0,0,0,0,Family member(s),Family member(s),Family member(s),No,Career/Professional,Career Success and Fulfillment,Education and Awareness Programs,1,3,2,5,0,0,2,2,0,0,2,6,Medium,Normal,0.20996055426577764,Normal,-0.992679820842735,Normal,0.6099150891665106,0,Normal
2024-05-31 13:55:09.622,22u1710@students.git.edu,21,Female,KLS' GIT Belagavi,B.E / B.Tech,4 and above,"10,000 to 20,000",Hostel / PG,Hindu,ST,Introvert,Greater than 20,"Chess,badminton, music, ",,,Private sector employee,House wife,Two,Spiritual but not religious,Two parents,No,No,No,No,No,0,0,0,0,0,0,0,0,0,0,0,0,0,0,0,0,0,0,0,0,0,0,0,0,0,Family member(s),Family member(s),Family member(s),No,Career/Professional,Career Success and Fulfillment,"Strong Social Support Networks, No",0,0,0,0,0,0,2,2,0,0,2,0,Low,Normal,0.27787774594736653,Normal,-1.0,Normal,0.5930094755188309,0,Normal
2024-05-31 14:27:30.722,22u1453@students.git.edu,19,Female,KLS GIT,B.E / B.Tech,4 and above,"10,000 to 20,000",Family,Hindu,OBC(3B),Introvert,Greater than 20,Badminton ,,,Government employee,House wife,Two,Spiritual but not religious,Two parents,No,No,No,No,No,0,0,0,0,0,0,0,0,0,0,0,0,0,0,0,0,0,0,0,0,0,0,0,0,0,Family member(s),Family member(s),Family member(s),No,Career/Professional,Career Success and Fulfillment,Access to Mental Health Services,0,0,0,0,0,0,2,2,0,0,2,0,Low,Normal,0.27787774594736653,Normal,-1.0,Normal,0.5930094755188309,0,Normal
2024-05-31 16:16:44.596,git21me056-t@studends.git.edu,21,Male,KLS Gogte Institute of Technology ,B.E / B.Tech,4 and above,"Greater than 50,000",Family,Hindu,Brahmin,Extrovert,10-20," Cricket, Football, Gaming and Bike rides",,,Retired,House wife,One,Religious,Two parents,No,No,No,No,No,0,0,0,0,0,0,0,0,0,0,0,0,0,0,0,0,0,0,0,0,0,0,0,0,0,Family member(s),Family member(s),Family member(s),No,"Career/Professional, Relationships (Family, Friends, Romantic), Physical Health, Mental Health/Well-being",Career Success and Fulfillment,"Strong Social Support Networks, Effective Coping Skills Training, Education and Awareness Programs, Reduced Stigma Surrounding Mental Health, Positive Parental or Guardian Relationships",0,1,0,1,0,0,2,2,0,0,2,1,Low,Normal,0.26039187238892075,Normal,-1.0,Normal,0.5603940349488337,0,Normal
2024-05-31 17:40:20.832,apoorvamutagi1721@gmail.com,23,Female,KLS GOGTE INSTITUTE OF TECHNOLOGY BELAGAVI ,B.E / B.Tech,3,"Less than 10,000",Family,Hindu,Hindu Lingayat ,Introvert,5-10,"Traveling, reading books",Alcohol,,Retired,House wife,Two,Religious,One parent,No,Yes,No,No,Yes,0,0,0,0,0,0,0,0,0,0,0,0,0,0,0,0,0,0,0,0,0,0,0,0,0,Family member(s),No one,Self,No,Career/Professional,Good Physical Health and Well-being,Positive Parental or Guardian Relationships,0,2,0,2,0,2,4,0,0,0,0,6,Medium,Normal,0.26759693089056463,Normal,-602479531.3644903,Normal,1.1332079547681637,0,Normal
2024-05-31 18:30:03.577,2gi21me453@students.git.edu,21,Male,kls Gogte Institute of technology ,B.E / B.Tech,4 and above,"10,000 to 20,000",Hostel / PG,Hindu,Hindu Hanabar ,Ambivert,Less than 5,"singing, cooking ",,,Farmer,Laborer/Blue-collar worker,Two,Religious,Two parents,No,No,Maybe,Maybe,Maybe,0,0,0,0,0,0,0,0,0,0,0,0,0,2,0,0,0,0,2,1,2,0,0,0,0,Family member(s),Family member(s),Family member(s),Yes,"Career/Professional, Relationships (Family, Friends, Romantic), Physical Health, Mental Health/Well-being, Financial Stability, Personal Development/Growth",Career Success and Fulfillment,"Access to Mental Health Services, Strong Social Support Networks, Effective Coping Skills Training, Education and Awareness Programs, Reduced Stigma Surrounding Mental Health, Positive Parental or Guardian Relationships, Supportive School Environments, Opportunities for Recreational Activities and Hobbies, Community Engagement and Volunteerism",7,3,1,4,0,0,2,2,0,2,4,9,Medium,Normal,0.11746673577191513,Normal,-4.776604442574097,Normal,0.34328424489597165,0,Normal
2024-05-31 18:34:14.797,ziyanpeerzade786@gmail.com,19,Male,Gogte institute of technology ,B.E / B.Tech,4 and above,"Greater than 50,000",Family,Muslim,Islam,Introvert,Less than 5,"Model designing, cooking ,reading comics(manga)",,,Business owner/Entrepreneur,Private sector employee,Two,Religious,Two parents,Maybe,Maybe,Yes,No,Maybe,0,0,0,0,0,0,0,0,0,0,0,0,0,0,0,0,0,0,0,0,0,0,0,0,0,Family member(s),Friend(s),Family member(s),No,Career/Professional,Career Success and Fulfillment,Positive Parental or Guardian Relationships,0,3,0,3,1,1,2,2,0,0,2,3,Medium,Normal,0.25612827643167974,Normal,-1.0,Normal,0.7322037115749263,0,Normal
2024-06-10 17:29:31.696,dontalion369@gmail.com,24,Male,Vasantrao potdar polytechnic ,Diploma,3,"30,000 to 40,000",Family,Jain,Digambar ,Ambivert,Less than 5,"Gardening ,reading books,cooking.",Alcohol,,Business owner/Entrepreneur,House wife,One,Religious,One parent,Maybe,Yes,Yes,Yes,No,1,1,2,1,0,0,1,1,1,1,1,1,0,2,0,1,0,2,0,1,0,0,0,0,0,Friend(s),Friend(s),Friend(s),No,"Career/Professional, Relationships (Family, Friends, Romantic), Physical Health, Mental Health/Well-being, Personal Development/Growth",Positive Mental Health and Emotional Balance,"Access to Mental Health Services, Effective Coping Skills Training, Education and Awareness Programs, Reduced Stigma Surrounding Mental Health, Positive Parental or Guardian Relationships",17,3,2,5,1,2,3,0,2,0,2,23,High,Normal,0.10458394436090179,Normal,-1.816165574686257,Normal,1.6858225244891312,0,Normal
2024-06-14 11:20:15.973,bhimarayabhimu08@gmail.com,22,Male,Government (Autonomous) degree college kalburgi,BA,4 and above,"10,000 to 20,000",Hostel / PG,Hindu,SC,Introvert,5-10,Reading,Marijuana,,Farmer,House wife,Two,Religious,One parent,Yes,Yes,No,No,No,6,0,0,0,0,1,1,0,2,2,3,2,6,5,5,6,5,5,5,4,3,3,4,4,3,Friend(s),"Mental health professional (e.g., therapist, counselor)",Family member(s),No,"Relationships (Family, Friends, Romantic)",Financial Security and Stability,Education and Awareness Programs,75,2,0,2,2,2,2,2,0,0,2,77,High,Normal,0.0004954183594423345,Normal,-1.219451344351714,Normal,0.35719895609385466,0,Normal
2024-06-14 11:40:12.993,jaibheemmavin854@gmail.com,20,Female,Atonamaans,BA,4 and above,"Less than 10,000",Family,Hindu,Esi ,Introvert,Less than 5,Writing,Heroin,,Farmer,House wife,Two,Religious,One parent,Yes,No,Yes,No,No,4,5,6,3,5,4,6,4,5,4,5,5,5,5,6,5,5,3,6,4,5,5,4,5,5,Family member(s),Friend(s),Religious or spiritual leader,No,Financial Stability,Financial Security and Stability,Strong Social Support Networks,119,3,0,3,2,0,0,0,0,0,0,122,High,Normal,0.012537905881027878,Normal,-1.014432163469587,Normal,0.7515787918641896,0,Normal
2024-06-14 11:50:48.676,karanchavan2357@gmail.com,19,Male,Government degree college kalburgi ,B A,4 and above,"Less than 10,000",Hostel / PG,Hindu,S C,Introvert,Less than 5,There are many ,,,Laborer/Blue-collar worker,House wife,,Karma ,Two parents,No,Maybe,Yes,Yes,Yes,6,6,6,6,4,6,6,6,6,6,6,6,6,6,6,6,6,6,6,6,6,6,6,6,6,Friend(s),Family member(s),Religious or spiritual leader,No,"Career/Professional, Relationships (Family, Friends, Romantic), Physical Health, Mental Health/Well-being, Financial Stability, Personal Development/Growth",Career Success and Fulfillment,"Access to Mental Health Services, Strong Social Support Networks, Effective Coping Skills Training, Education and Awareness Programs, Reduced Stigma Surrounding Mental Health, Positive Parental or Guardian Relationships, Supportive School Environments, Opportunities for Recreational Activities and Hobbies, Community Engagement and Volunteerism",148,3,2,5,0,1,3,0,0,0,0,156,High,Outlier,-0.03167622679090565,Normal,-1.0275460403681667,Normal,0.0002941642195293248,1,Moderate Outlier
2024-06-14 11:55:15.725,najmakainur@gmail.com,20,Female,Government degree college (autonomous),Bsc,4 and above,"Less than 10,000",Hostel / PG,Muslim,2B ,Introvert,Greater than 20,Reading books and playing chess ,,,Farmer,House wife,One,Agnostic (unsure about the existence of a higher power),One parent,No,No,Yes,Maybe,No,0,0,0,0,0,0,0,0,0,0,0,0,0,0,0,0,0,0,0,0,0,0,0,0,0,Friend(s),Friend(s),Friend(s),Yes,Career/Professional,Career Success and Fulfillment,Positive Parental or Guardian Relationships,0,0,1,1,0,0,2,0,2,2,4,-1,Low,Normal,0.23222971364071054,Normal,-1.0025522274063279,Normal,0.14352606074341034,0,Normal
2024-06-14 11:55:56.979,gundurayachalki@giml.com,22,Male,Government attanomous college kalaburagi ,BBA,4 and above,"10,000 to 20,000",Hostel / PG,Hindu,Obc,Extrovert,10-20,Cricket ,,,Farmer,House wife,Two,Religious,Two parents,No,No,Yes,Yes,Yes,5,6,6,6,5,5,5,5,5,5,5,5,5,4,5,6,6,5,4,5,6,5,4,6,5,Friend(s),Friend(s),Friend(s),No,Career/Professional,Career Success and Fulfillment,Access to Mental Health Services,129,1,2,3,0,0,2,0,2,0,2,132,High,Outlier,-0.0033290302810528027,Normal,-0.9981167101247728,Normal,0.29065395477937006,1,Moderate Outlier
2024-06-14 11:57:07.806,bibimaryam9035@gmail.com,20,Female,Government degree autonomous college,BA,4 and above,"10,000 to 20,000",Family,Muslim,Muslim,Introvert,5-10,Reading ,,,Laborer/Blue-collar worker,House wife,Four or more,Religious,Two parents,No,No,No,No,No,0,0,0,0,0,0,0,0,0,0,0,0,0,1,0,0,0,0,0,0,0,0,0,0,0,Family member(s),Family member(s),Family member(s),Yes,Career/Professional,Career Success and Fulfillment,No,1,2,0,2,0,0,2,2,0,2,4,1,Low,Normal,0.2513529518233872,Outlier,-5188921964.53939,Normal,1.2028034544578334,1,Moderate Outlier
2024-06-14 11:57:43.078,rangurathod857@gmail.com,21,Female,Government degree college,BA,4 and above,"Less than 10,000",Family,Hindu,Hindu,Ambivert,5-10,Cricket,,,Business owner/Entrepreneur,House wife,Four or more,Religious,Two parents,Yes,Yes,Yes,Yes,Yes,6,5,4,5,6,3,5,4,6,3,5,4,6,5,6,4,5,3,4,6,5,4,4,6,3,Family member(s),Family member(s),Family member(s),Yes,Career/Professional,Career Success and Fulfillment,Strong Social Support Networks,117,2,2,4,2,2,2,2,0,2,4,119,High,Normal,0.009368860715174288,Normal,-0.9897250187471531,Normal,0.573282834247939,0,Normal
2024-06-14 11:58:19.398,rajkumarprasanna07@gmail.com,21,Male,Government autonomous  college ,B A,4 and above,"Less than 10,000",Hostel / PG,Hindu,S C ,Extrovert,10-20,Family ,Computer ,,Government employee,Nothing wife,Four or more,Religious,Two parents,Yes,Yes,Yes,Yes,Yes,5,3,3,5,3,3,3,4,3,5,6,6,4,6,5,4,5,5,5,5,5,4,5,5,6,Family member(s),Family member(s),Family member(s),Yes,"Relationships (Family, Friends, Romantic)",Career Success and Fulfillment,Access to Mental Health Services,113,1,2,3,2,2,2,2,0,2,4,114,High,Outlier,-0.011532067187125294,Normal,-1.015299769824031,Normal,0.12899621136349948,1,Moderate Outlier
2024-06-14 11:58:30.733,shivakeriaishu@gmail.com,21,Female,Government College Autonomous kalaburagi,BA,4 and above,"10,000 to 20,000",Family,Hindu,Qsc,Extrovert,Less than 5,Singh ,,,Farmer,House wife,Three,Religious,Two parents,Yes,No,Yes,Yes,No,6,5,4,6,5,4,6,5,4,4,4,5,5,5,4,5,5,4,5,4,5,5,5,5,5,Family member(s),Family member(s),Family member(s),Yes,Career/Professional,Career Success and Fulfillment,Access to Mental Health Services,120,3,2,5,2,0,0,2,0,2,4,121,High,Normal,0.02085175020699459,Normal,-0.9961391623861339,Normal,0.9506052740989999,0,Normal
2024-06-14 11:58:46.182,babluchawan2003@gmail.com,21,Male,Government Degree College (autonomous) Kalburagi ,B A,4 and above,"10,000 to 20,000",Hostel / PG,Hindu,SC ( lambani),Ambivert,Less than 5,Dance ,,,Laborer/Blue-collar worker,House wife,Two,Religious,Two parents,No,No,No,No,No,2,2,4,1,5,0,4,5,2,5,1,2,0,5,1,4,1,5,3,4,1,3,0,2,0,Family member(s),Family member(s),Family member(s),No,Mental Health/Well-being,Financial Security and Stability,Reduced Stigma Surrounding Mental Health,62,3,0,3,0,0,2,2,0,0,2,65,High,Outlier,-0.0007136380374067608,Normal,-1.257161008600684,Normal,0.00013997287537614866,1,Moderate Outlier
2024-06-14 11:58:59.084,sagarrathod63632469@gmail.com,21,Male,Government degree College autonomous kalaburgi ,BA,4 and above,"10,000 to 20,000",Hostel / PG,Hindu,Sc,Ambivert,Less than 5,Read books and dance ,,,Farmer,Farmer,Three,Religious,Two parents,No,No,No,No,No,0,0,0,0,0,0,0,0,0,0,0,0,0,0,0,0,0,0,0,0,0,0,0,0,0,Family member(s),Family member(s),Family member(s),No,Mental Health/Well-being,Financial Security and Stability,Positive Parental or Guardian Relationships,0,3,0,3,0,0,2,2,0,0,2,3,Medium,Normal,0.25612827643167974,Normal,-1.0,Normal,0.7322037115749263,0,Normal
2024-06-14 11:59:01.034,pr184830@gmail.com,20,Male,Government (autonomous) degree college kalburargi,BA,4 and above,"20,000 to 30,000",Hostel / PG,Hindu,SC (lambani),Extrovert,Less than 5,Cricket ,,,Laborer/Blue-collar worker,House wife,Four or more,Religious,Two parents,No,No,No,No,No,0,0,0,0,0,0,0,0,0,0,0,0,0,0,0,0,0,0,0,0,0,0,0,0,0,Family member(s),Family member(s),Family member(s),No,Career/Professional,Positive Mental Health and Emotional Balance,Education and Awareness Programs,0,3,0,3,0,0,2,2,0,0,2,3,Medium,Normal,0.25612827643167974,Normal,-1.0,Normal,0.7322037115749263,0,Normal
2024-06-14 12:01:43.113,shashikanthulikar@gemail.come,21,Male,Government degree college Autonomous,BBA,4 and above,"Less than 10,000",Family,Hindu,SC (madiga) ,Introvert,Greater than 20,Cricket,,,Farmer,House wife,Three,Agnostic (unsure about the existence of a higher power),One parent,Maybe,No,No,No,No,2,2,1,2,3,2,2,2,1,3,2,2,1,2,2,1,2,3,2,2,2,3,3,3,3,Family member(s),Family member(s),Family member(s),Yes,Career/Professional,Career Success and Fulfillment,Access to Mental Health Services,53,0,0,0,1,0,1,2,0,2,4,50,High,Normal,0.04404976724605658,Normal,-1.079905923569518,Normal,2.3560444523093533,0,Normal
2024-06-14 12:02:19.032,jetteppa501@gmail.com,19,Male,Government  (autonomous )college sedom roed kalaburagi ,B. A,4 and above,"Less than 10,000",Family,Hindu,St,Introvert,Greater than 20,Writing ,,,Government employee,Laborer/Blue-collar worker,Four or more,Religious,One parent,Yes,Maybe,Maybe,Maybe,Maybe,1,6,4,2,0,0,0,0,0,0,0,0,0,0,0,0,0,0,0,0,0,0,0,0,0,Religious or spiritual leader,Religious or spiritual leader,Religious or spiritual leader,Maybe,Personal Development/Growth,Personal Growth and Development,Education and Awareness Programs,13,0,1,1,2,1,1,0,0,1,1,14,High,Normal,0.1940828542211695,Normal,-6.277655260913633,Normal,0.40323125287793715,0,Normal
2024-06-14 12:06:04.123,bhageshsingy@gmail.com,23,Male,Government College autonomous ,BBA,3,"Less than 10,000",Family,Hindu,Sc ,Introvert,Greater than 20,Police ,,,Laborer/Blue-collar worker,House wife,,Spiritual but not religious,One parent,No,No,No,No,No,0,0,0,0,1,4,5,5,0,6,6,5,0,0,0,0,6,5,6,6,0,5,6,6,5,Family member(s),Family member(s),Family member(s),No,Career/Professional,Career Success and Fulfillment,"Access to Mental Health Services, Community Engagement and Volunteerism",77,0,0,0,0,0,2,2,0,0,2,77,High,Outlier,-0.06431036148426406,Normal,-1.544656987142087,Outlier,-1.3143670337100835,2,Critical Outlier
2024-06-14 12:06:08.571,vishalguttedar911@gmail.com,23,Female,Government college ,B A,4 and above,"10,000 to 20,000",Family,Hindu,Edga ,Extrovert,Less than 5,Song,,,Farmer,House wife,Three,Religious,Two parents,Yes,No,Yes,Yes,No,6,5,5,6,5,5,4,5,4,4,5,5,4,5,5,5,5,5,6,6,6,5,4,5,4,Family member(s),Family member(s),Family member(s),Yes,"Relationships (Family, Friends, Romantic)",Strong and Healthy Relationships,Access to Mental Health Services,124,3,2,5,2,0,0,2,0,2,4,125,High,Normal,0.011501139126309678,Normal,-0.9964855745915889,Normal,0.5635989169917242,0,Normal
2024-06-14 12:06:21.216,rahultegnoor104@gmail.com,20,Male,Govt degree college kalaburgi (autonomous),BBA,4 and above,"30,000 to 40,000",Family,Hindu,SC ,Introvert,Greater than 20,Crickter,,,Government employee,House wife,Four or more,Spiritual but not religious,One parent,Yes,No,No,No,No,3,0,0,6,0,0,0,0,0,0,1,0,0,6,6,3,3,3,3,4,3,3,6,3,3,Friend(s),Friend(s),Friend(s),Yes,Career/Professional,Career Success and Fulfillment,"Supportive School Environments, Opportunities for Recreational Activities and Hobbies, Community Engagement and Volunteerism",56,0,0,0,2,0,0,0,2,2,4,52,High,Outlier,-0.010162048073952601,Normal,-1.3929407613223717,Outlier,-0.03582322230609147,2,Critical Outlier
2024-06-14 12:09:16.316,ranjeetbilgundi@gmail.com,22,Female,GOVERNMENT COLLEGE AUTONOMOUS KALABURAGI ,AB,4 and above,"10,000 to 20,000",Family,Hindu,Sc,Extrovert,Less than 5,Tv,,,Farmer,House wife,,Religious,One parent,Yes,Yes,Yes,Yes,Yes,5,4,5,4,6,4,4,6,4,6,5,4,4,5,4,4,6,4,5,6,4,5,4,5,6,Family member(s),Family member(s),Family member(s),Yes,"Relationships (Family, Friends, Romantic)",Good Physical Health and Well-being,Access to Mental Health Services,119,3,2,5,2,2,2,2,0,2,4,122,High,Normal,0.0058901284399435205,Normal,-0.993279608367029,Normal,0.5834526118952681,0,Normal
2024-06-14 12:19:53.967,Venkateshgoudamallinathchinmal@gmail.com,19,Male,Govt autonomous college kalburagi ,B.Com,4 and above,"Less than 10,000",Family,Hindu,Hindu,Extrovert,Less than 5,"Listening,music","Alcohol, Tobacco, Marijuana, Cocaine, Heroin, None, ",,Farmer,House wife,One,Religious,One parent,Yes,No,No,No,No,6,6,6,6,6,6,6,6,6,6,6,6,6,6,6,6,6,6,6,6,6,6,6,6,6,Family member(s),Family member(s),Family member(s),No,"Career/Professional, Relationships (Family, Friends, Romantic), Physical Health, Mental Health/Well-being, Financial Stability, Personal Development/Growth, ",Career Success and Fulfillment,Education and Awareness Programs,150,3,0,3,2,0,0,2,0,0,2,151,High,Outlier,-0.04152265021604218,Normal,-1.0337552071594251,Normal,0.000107037236227292,1,Moderate Outlier
2024-06-14 12:35:53.209,patilbhagyashree094@gmail.com,19,Female,Government degree autonomous college,B.Com,4 and above,"30,000 to 40,000",Family,Hindu,Veerashiva lingayat,Introvert,5-10,Reading writing singing,,,Laborer/Blue-collar worker,House wife,Four or more,Religious,Two parents,No,No,No,No,No,6,3,3,3,3,3,3,3,3,6,5,6,3,3,3,3,3,3,3,3,3,6,6,3,3,Friend(s),Friend(s),Friend(s),No,Career/Professional,Strong and Healthy Relationships,Positive Parental or Guardian Relationships,92,2,0,2,0,0,2,0,2,0,2,94,High,Normal,0.003347667110654484,Normal,-1.1293782031815145,Normal,0.6759710366111129,0,Normal
2024-06-14 12:38:15.904,akshataprabhu308@gmail.com,20,Female,"GOVERNMENT DEGREE COLLEGE,KALABURGI.",BSC,4 and above,"20,000 to 30,000",Family,Hindu,LINGAYAT,Extrovert,Greater than 20,"TRAVELLING,RIDING BIKE,READING BOOKS,HEARING SONGS MANY MORE....",,,I LOST HIM 1 YEAR BACK,Private sector employee,Two,Religious,Two parents,No,No,No,No,No,0,0,0,0,0,0,0,0,0,0,0,0,0,0,0,0,0,0,0,0,0,0,0,0,0,I TALK TO MY SELF AND MOM,Family member(s),Family member(s),No,Financial Stability,Career Success and Fulfillment,ALL THE ABOVE IDES ARE THE BEST,0,0,0,0,0,0,2,2,0,0,2,0,Low,Normal,0.27787774594736653,Normal,-1.0,Normal,0.5930094755188309,0,Normal
2024-06-14 12:38:16.522,kalmeshmadiwal@gmail.com,20,Male,Government degree college Autonomous,B.Com,4 and above,"10,000 to 20,000",Family,Hindu,2A,Extrovert,Greater than 20,Singing dancing writing reading,,,Farmer,Private sector employee,Two,Religious,One parent,No,No,No,No,No,0,0,0,0,0,0,0,0,0,0,0,0,0,0,0,0,0,0,0,0,0,0,0,0,0,Friend(s),Friend(s),Family member(s),Maybe,"Relationships (Family, Friends, Romantic), Physical Health, Mental Health/Well-being, Personal Development/Growth",Good Physical Health and Well-being,Education and Awareness Programs,0,0,0,0,0,0,2,2,0,1,3,-1,Low,Normal,0.2739195687018826,Normal,-200826510.93692538,Normal,0.5856091255471085,0,Normal
2024-06-14 12:38:24.571,mmeghajadhva@gmail.com,20,Female,Goverment degree autonomous kalburgi ,B.Com,4 and above,"Less than 10,000",Family,Hindu,Marta ,Extrovert,Less than 5,Eating and sleeping dancing etc ,No,,Farmer,House wife,Four or more,Religious,Two parents,No,No,Maybe,No,No,0,0,0,0,0,0,1,0,0,0,0,0,0,0,0,0,0,0,0,0,0,0,0,0,0,Friend(s),Friend(s),Friend(s),No,"Physical Health, Personal Development/Growth",Career Success and Fulfillment,Strong Social Support Networks,1,3,0,3,0,0,2,0,2,0,2,4,Medium,Normal,0.23924331475791355,Outlier,-5778238722.553921,Normal,0.9134531694351669,1,Moderate Outlier
2024-06-14 12:39:00.215,jyotibirarar@gmail.com,21,Female,Government degree college Gulbarga,B.Com,4 and above,"Less than 10,000",Family,Hindu,Lingayath,Introvert,5-10,"Eating, using mobile",,,Farmer,House wife,Three,Religious,Two parents,No,No,No,No,No,0,0,0,0,0,0,0,0,0,0,0,0,0,0,0,0,0,0,0,0,0,0,0,0,0,Religious or spiritual leader,Religious or spiritual leader,Religious or spiritual leader,No,Financial Stability,Financial Security and Stability,Access to Mental Health Services,0,2,0,2,0,0,2,0,0,0,0,4,Medium,Normal,0.27019527508685737,Normal,-375789000.8087223,Normal,1.1205168510532015,0,Normal
2024-06-14 12:43:58.060,bb706338@gmail.com,22,Male,Government degree college autonomous gulbarga ,B.Com,4 and above,"20,000 to 30,000",Family,Hindu,Veerashaiva lingayat,Extrovert,5-10,Just to talk,,,Farmer,House wife,Two,Spiritual but not religious,Two parents,Yes,Maybe,No,No,No,0,0,0,0,0,0,0,0,0,0,0,0,0,0,0,0,0,0,0,0,0,0,0,0,0,Friend(s),Friend(s),Friend(s),No,Career/Professional,Career Success and Fulfillment,Access to Mental Health Services,0,2,0,2,2,1,1,0,2,0,2,1,Low,Normal,0.2701316502141151,Normal,-262443735.5646696,Normal,1.0984520296039442,0,Normal
2024-06-14 12:39:32.449,shahenaazquadri@gmail.com,20,Female,Govt degree College Autonomous kalaburgi ,B.Com,4 and above,"Less than 10,000",Family,Muslim,Muslim 2nd b,Extrovert,Less than 5,Reading books ,No,,Farmer,House wife,Three,Religious,Two parents,No,No,No,Maybe,No,0,0,0,0,0,0,0,0,0,0,0,0,0,0,0,0,0,0,0,0,0,0,0,0,0,Family member(s),Family member(s),Family member(s),Yes,Career/Professional,Career Success and Fulfillment,Mo,0,3,1,4,0,0,2,2,0,2,4,2,Low,Normal,0.20222387152457005,Outlier,-8561368103.520334,Normal,0.03301701756685027,1,Moderate Outlier
2024-06-14 12:39:33.004,nageshgudda18@gmail.com,20,Male,Government Autonomous degree college kalaburgi ,B.Com,4 and above,"Less than 10,000",Family,Hindu,3b,Ambivert,Greater than 20,Cricket sports ,,,Laborer/Blue-collar worker,House wife,Two,Religious,Two parents,No,No,No,No,No,0,0,0,0,0,0,0,0,0,0,0,0,0,0,0,0,0,0,0,0,0,0,0,0,0,Family member(s),Friend(s),Family member(s),No,Financial Stability,Good Physical Health and Well-being,Access to Mental Health Services,0,0,0,0,0,0,2,2,0,0,2,0,Low,Normal,0.27787774594736653,Normal,-1.0,Normal,0.5930094755188309,0,Normal
2024-06-14 12:39:48.151,monappanchal.2509@gmail.com,19,Female,Government degree college  gulbarga,B.Com,4 and above,"Less than 10,000",Family,Hindu,Panchal,Introvert,10-20,Dance singing reading,,,Farmer,Tailer,,Religious,Two parents,Yes,No,No,No,No,0,0,0,0,0,0,0,0,0,0,0,0,0,0,0,0,0,0,0,0,0,0,0,0,0,Religious or spiritual leader,Family member(s),Religious or spiritual leader,Yes,Career/Professional,Career Success and Fulfillment,Education and Awareness Programs,0,1,0,1,2,0,0,0,0,2,2,-1,Low,Normal,0.2534637384010806,Normal,-266247268.19477075,Normal,0.5463810637651227,0,Normal
2024-06-14 12:40:30.696,swatitengali@gmail.com,20,Female,Government degree college Gulbarg,B.Com,4 and above,"20,000 to 30,000",Family,Hindu,3B,Introvert,Greater than 20,Dwaing,,,Farmer,House wife,One,Religious,Two parents,No,Yes,No,No,No,3,3,3,3,3,3,3,3,3,3,3,3,3,3,3,3,3,3,3,3,3,3,3,3,3,Family member(s),Family member(s),Family member(s),Maybe,Personal Development/Growth,Personal Growth and Development,"Education and Awareness Programs, ",75,0,0,0,0,2,4,2,0,1,3,76,High,Normal,0.07724887050809481,Normal,-0.9887790792196075,Normal,2.256531534313303,0,Normal
2024-06-14 12:40:37.580,mukeshroshan086@gmail.com,21,Male,"Govt autonomous college, Gulbarga ",B.Com,4 and above,"Less than 10,000",Family,Hindu,Sc,Introvert,Less than 5,Reading listening music,"Alcohol, Tobacco",,He is no more,Laborer/Blue-collar worker,Two,Atheist (do not believe in the existence of a higher power),One parent,No,Yes,No,No,No,0,0,0,0,0,0,0,0,0,0,0,0,0,0,0,0,0,0,0,0,0,0,0,0,0,Family member(s),Family member(s),Family member(s),No,Physical Health,Career Success and Fulfillment,Education and Awareness Programs,0,3,0,3,0,2,4,2,0,0,2,5,Medium,Normal,0.25309042147447425,Normal,-578136923.6444582,Normal,0.7457157752685779,0,Normal
2024-06-14 12:40:47.256,bhagyashreebiradar200@gmail.com,21,Female,Government college,B.Com,4 and above,"10,000 to 20,000",Family,Hindu,Hindu,Introvert,5-10,Studying,,,Farmer,House wife,One,Religious,Two parents,No,No,No,No,No,0,0,0,0,0,0,0,0,0,0,0,0,0,0,0,0,0,0,0,0,0,0,0,0,0,Religious or spiritual leader,Religious or spiritual leader,Family member(s),No,Financial Stability,Financial Security and Stability,Access to Mental Health Services,0,2,0,2,0,0,2,2,0,0,2,2,Low,Normal,0.2717792342701301,Normal,-1.0,Normal,1.1062082140844476,0,Normal
2024-06-14 12:41:20.019,shivhatagundi6@gmail.com,20,Male,Government degree College autonomous ,B.Com,4 and above,"Less than 10,000",Family,Hindu,Veershaiv Lingayat ,Introvert,10-20,Cricket ,,,Private sector employee,Private sector employee,Two,Spiritual but not religious,Two parents,No,No,No,No,Maybe,0,0,0,0,0,0,0,0,0,0,0,0,0,0,0,0,0,0,0,0,0,0,0,0,0,Family member(s),Family member(s),Religious or spiritual leader,No,"Career/Professional, Physical Health, Mental Health/Well-being, Financial Stability, Personal Development/Growth, Social service",Personal Growth and Development,"Effective Coping Skills Training, Supportive School Environments, Opportunities for Recreational Activities and Hobbies, Meditation ",0,1,0,1,0,0,2,0,0,0,0,3,Medium,Normal,0.2591169970433564,Normal,-364323738.73678464,Normal,0.5729971342096105,0,Normal
2024-06-14 12:42:25.843,malannagowdapatilpatil@gmail.com,21,Female,Government autonomous degree college kalaburgi,B.Com,4 and above,"Less than 10,000",Hostel / PG,Hindu,3A,Introvert,Less than 5,Scrolling Phone ,,,Laborer/Blue-collar worker,House wife,Two,Religious,Two parents,Maybe,No,Maybe,No,No,2,2,2,2,2,2,2,2,2,2,2,2,2,2,2,2,2,2,2,2,2,2,2,2,2,Friend(s),Family member(s),Family member(s),No,Career/Professional,Career Success and Fulfillment,Strong Social Support Networks,50,3,0,3,1,0,1,2,0,0,2,52,High,Normal,0.06935860575957231,Normal,-1.062634680041709,Normal,3.391480885813536,0,Normal
2024-06-14 12:42:28.872,siddharthmaruti8@gmail.com,20,Male,Govt degree autonomous college ,B.Com,4 and above,"Less than 10,000",Family,Hindu,Sc,Extrovert,Greater than 20,Playing cricket 🏏,,,Private sector employee,House wife,Three,Spiritual but not religious,One parent,Maybe,Maybe,Maybe,Maybe,Maybe,0,0,0,0,0,0,0,0,0,0,0,0,0,0,0,0,0,0,0,0,0,0,0,0,0,Friend(s),Friend(s),Friend(s),No,Financial Stability,Good Physical Health and Well-being,Positive Parental or Guardian Relationships,0,0,1,1,1,1,2,0,2,0,2,1,Low,Normal,0.23876818003799066,Normal,-1.002552227406325,Normal,0.1565796972153919,0,Normal
2024-06-14 12:42:40.415,aishwarayaholkar24@gmail.com,20,Female,Government degree College  Gulbarga ,B.Com,4 and above,"Less than 10,000",Family,Hindu,Maratha ,Extrovert,10-20,Driving ,,,Business owner/Entrepreneur,Private sector employee,Two,Religious,Two parents,No,No,No,No,No,0,0,0,0,0,0,0,0,0,0,0,0,1,0,0,0,0,0,0,0,0,0,0,0,0,Family member(s),Family member(s),Family member(s),No,Career/Professional,Career Success and Fulfillment,Positive Parental or Guardian Relationships,1,1,0,1,0,0,2,2,0,0,2,2,Low,Normal,0.2585756374157743,Normal,-356701695.58425486,Normal,0.573127600431194,0,Normal
2024-06-14 12:42:40.959,shankarherimani6@gmail.com,21,Male,Government degree autonomous clg glb,B.Com,4 and above,"Less than 10,000",Family,Hindu,3rd B,Extrovert,Greater than 20,Playing freefire,,,Retired,House wife,Three,Religious,One parent,Yes,Maybe,Yes,Maybe,No,0,0,0,0,0,0,0,0,0,0,0,0,0,0,0,0,0,0,0,0,0,0,0,0,0,Friend(s),Friend(s),Friend(s),Yes,Personal Development/Growth,Good Physical Health and Well-being,Community Engagement and Volunteerism,0,0,1,1,2,1,1,0,2,2,4,-2,Low,Normal,0.2290882111311333,Normal,-0.9900404924544517,Normal,0.13652895796287723,0,Normal
2024-06-14 12:42:57.849,sidhayalasangi@gmail.com,21,Male,Government degree college (Autonomous),B.Com,4 and above,"10,000 to 20,000",Family,Hindu,Hindu malgar 3rd B,Introvert,Less than 5,"Listening song, mobile gaming, chess, swimming ",,,Farmer,House wife,Three,Spiritual but not religious,Two parents,No,No,No,Yes,Yes,6,1,0,0,0,0,6,0,0,0,0,0,0,6,0,0,6,6,6,6,0,0,6,0,0,Family member(s),Family member(s),Family member(s),No,Mental Health/Well-being,Positive Mental Health and Emotional Balance,Positive Parental or Guardian Relationships,49,3,2,5,0,0,2,2,0,0,2,54,High,Outlier,-0.050330913806448385,Normal,-1.705904524665936,Outlier,-1.5407073932767184,2,Critical Outlier
2024-06-14 12:43:35.517,bhagyashreebiradar352@gmail.com,21,Female,Govt degree autonomus college kalaburagi,B.Com,3,"30,000 to 40,000",Family,Hindu,3 rd B,Extrovert,Less than 5,writting,,,Farmer,House wife,Two,Religious,One parent,No,No,No,No,No,4,0,0,0,0,0,0,0,0,0,0,0,0,0,0,0,0,0,0,0,0,0,0,0,0,Religious or spiritual leader,Religious or spiritual leader,Religious or spiritual leader,No,"Relationships (Family, Friends, Romantic)",Good Physical Health and Well-being,Education and Awareness Programs,4,3,0,3,0,0,2,0,0,0,0,9,Medium,Normal,0.19518943502037606,Outlier,-13533715751.624628,Normal,0.791750441722904,1,Moderate Outlier
2024-06-14 12:43:36.429,Archanakalal17@gmail.com,20,Female,Government autonomous college Kalburgi,B.Com,4 and above,"Less than 10,000",Family,Hindu,Hindu,Introvert,Less than 5,Study playing,Alcohol,,Tailor,House wife,Three,Religious,Two parents,No,No,No,No,No,0,0,0,0,0,0,0,0,0,0,0,0,0,0,0,0,0,0,0,0,0,0,0,0,0,Family member(s),Family member(s),Family member(s),Maybe,Career/Professional,Career Success and Fulfillment,Access to Mental Health Services,0,3,0,3,0,0,2,2,0,1,3,2,Low,Normal,0.25361011608632567,Normal,-279939984.5370856,Normal,0.7248955083158375,0,Normal
2024-06-14 12:44:03.705,santusksantusk954@gmail.com,22,Male,Government degree college kalaburgi,B A,2,"Less than 10,000",Family,Hindu,O b c ,Extrovert,5-10,Trust,,,Farmer,No,,Religious,Two parents,Yes,Yes,Yes,Yes,Yes,5,5,3,5,4,5,3,4,5,4,4,5,4,4,6,5,6,4,4,4,5,5,4,5,5,Family member(s),Family member(s),Family member(s),Yes,Career/Professional,Career Success and Fulfillment,Access to Mental Health Services,113,2,2,4,2,2,2,2,0,2,4,115,High,Normal,0.0246167331743945,Normal,-0.9895738779933142,Normal,1.2864542652241058,0,Normal
2024-06-14 12:44:07.711,nikhitasutrave53@gmail.comcom,21,Female,Government autonomous collage,B.Com,4 and above,"10,000 to 20,000",Family,Hindu,Hindu,Extrovert,Less than 5,"Songs ,cooking ect",,,Business owner/Entrepreneur,House wife,One,Religious,Two parents,Yes,No,No,No,No,3,3,3,3,3,3,3,3,3,4,3,3,3,3,3,3,3,3,4,3,3,3,3,3,3,Family member(s),Friend(s),Friend(s),No,Career/Professional,Good Physical Health and Well-being,Education and Awareness Programs,77,3,0,3,2,0,0,0,2,0,2,78,High,Normal,0.07701025713739407,Normal,-0.9698429030442643,Normal,2.7636534424130357,0,Normal
2024-06-14 12:44:14.056,pushpasctppushpasctp@gmail.com,21,Female,Govt autonomous college kalaburagi ,B.Com,4 and above,"Less than 10,000",Family,Hindu,Holeya (SC),Introvert,Greater than 20,Reading,,,Farmer,House wife,Two,Religious,Two parents,No,No,No,No,No,5,5,5,5,5,5,5,5,5,5,5,5,5,5,5,5,5,5,5,5,5,5,5,4,5,Friend(s),Friend(s),Friend(s),Maybe,"Relationships (Family, Friends, Romantic)",Strong and Healthy Relationships,Access to Mental Health Services,124,0,0,0,0,0,2,0,2,1,3,123,High,Outlier,-0.006635026274326106,Normal,-1.0191183909502262,Normal,0.7347391225882731,1,Moderate Outlier
2024-06-14 12:44:41.477,harishapatil555@gmail.com,21,Male,Government Autonomous college kalaburgi ,B.Com,4 and above,"Less than 10,000",Family,Hindu,Veerashaiva Lingayata,Introvert,Greater than 20,Study and cricket ,,,Farmer,House wife,One,Religious,Two parents,No,Yes,No,No,No,0,0,0,0,0,0,6,0,0,0,0,0,0,0,0,0,0,0,0,0,0,0,0,0,0,Family member(s),Family member(s),Family member(s),Yes,"Career/Professional, Relationships (Family, Friends, Romantic), Physical Health, Mental Health/Well-being, Financial Stability, Personal Development/Growth",Career Success and Fulfillment,"Strong Social Support Networks, Effective Coping Skills Training, Positive Parental or Guardian Relationships, Supportive School Environments, Opportunities for Recreational Activities and Hobbies, ",6,0,0,0,0,2,4,2,0,2,4,6,Medium,Normal,0.19504967303136672,Normal,-24.962069662792505,Outlier,-0.0003285076237240503,1,Moderate Outlier
2024-06-14 12:44:43.438,natarajmelkunda@gmail.com,21,Male,Government Autonomous College Kalburgi ,B.Com,3,"Less than 10,000",Family,Hindu,Veerashaiva Lingayat ,Extrovert,Greater than 20,Cricket and Study,,,Farmer,House wife,One,Religious,One parent,No,Yes,No,No,No,0,0,0,0,0,0,6,0,0,0,0,0,0,0,0,0,0,0,0,0,0,0,0,0,0,Family member(s),Family member(s),Family member(s),Yes,"Career/Professional, Relationships (Family, Friends, Romantic), Physical Health, Mental Health/Well-being, Financial Stability, Personal Development/Growth",Career Success and Fulfillment,"Positive Parental or Guardian Relationships, Opportunities for Recreational Activities and Hobbies, Community Engagement and Volunteerism",6,0,0,0,0,2,4,2,0,2,4,6,Medium,Normal,0.19504967303136672,Normal,-24.962069662792505,Outlier,-0.0003285076237240503,1,Moderate Outlier
2024-06-14 12:44:59.092,kulkarnimprajwal@gmail.com,22,Female,Government College autonomous ,B.Com,4 and above,"10,000 to 20,000",Family,Hindu,GM,Extrovert,Greater than 20,Play ,,,Government employee,House wife,One,Religious,Two parents,No,No,Yes,Maybe,Maybe,0,0,0,0,0,0,0,0,0,0,0,0,0,0,0,0,0,0,0,0,0,0,0,0,0,Family member(s),Family member(s),Family member(s),Maybe,Career/Professional,Career Success and Fulfillment,Positive Parental or Guardian Relationships,0,0,1,1,0,0,2,2,0,1,3,0,Low,Normal,0.23626574680961643,Normal,-1.015063962358201,Normal,0.150210234501452,0,Normal
2024-06-14 12:45:02.438,abhishekmadne591@gmail.com,21,Male,Govt degree autonomous college,B.Com,4 and above,"10,000 to 20,000",Family,Hindu,Maratha,Extrovert,5-10,Watching movie,,,Business owner/Entrepreneur,House wife,Two,Religious,Two parents,No,No,No,No,No,0,0,0,0,0,0,0,0,0,0,0,0,0,0,0,0,0,0,0,0,0,0,0,0,0,Family member(s),Family member(s),Family member(s),No,Career/Professional,Career Success and Fulfillment,Positive Parental or Guardian Relationships,0,2,0,2,0,0,2,2,0,0,2,2,Low,Normal,0.2717792342701301,Normal,-1.0,Normal,1.1062082140844476,0,Normal
2024-06-14 12:45:39.128,shantkumarnkalal@gmail.com,21,Male,GOVERNMENT COLLEGE AUTONOMOUS KALABURAGI,B.Com,4 and above,"20,000 to 30,000",Family,Hindu,Illiga,Extrovert,Greater than 20,TRAVELLING,,,Farmer,House wife,Two,Atheist (do not believe in the existence of a higher power),One parent,No,No,No,No,No,0,0,0,0,0,0,2,0,0,0,0,0,0,0,0,0,0,0,0,0,0,0,0,0,0,Family member(s),Family member(s),Family member(s),Yes,"Career/Professional, Relationships (Family, Friends, Romantic), Physical Health, Mental Health/Well-being, Financial Stability, Personal Development/Growth",Personal Growth and Development,"Strong Social Support Networks, Effective Coping Skills Training, Positive Parental or Guardian Relationships, Supportive School Environments, Opportunities for Recreational Activities and Hobbies",2,0,0,0,0,0,2,2,0,2,4,0,Low,Normal,0.24824546174667872,Outlier,-6480985559.403418,Normal,0.7814983970825464,1,Moderate Outlier
2024-06-14 12:45:46.891,ashwinimangamanga@gmail.com,21,Female,Government degree college  autonomous kalaburgi ,B.Com,4 and above,"Less than 10,000",Family,Hindu,SC,Introvert,10-20,Writing ,,,Laborer/Blue-collar worker,House wife,Four or more,Religious,Two parents,No,No,No,No,No,0,0,0,0,0,0,0,0,0,5,0,0,0,0,0,0,0,0,0,0,0,0,0,0,0,Friend(s),Family member(s),Family member(s),Yes,Career/Professional,Career Success and Fulfillment,"Education and Awareness Programs, Community Engagement and Volunteerism",5,1,0,1,0,0,2,2,0,2,4,4,Medium,Normal,0.1771315038031025,Outlier,-7456663803.477076,Normal,0.00010792513713830942,1,Moderate Outlier
2024-06-14 12:45:55.377,saabannasaabanna740@gmail.com,21,Female,Government College (Autonomous) Kalaburagi ,B.Com,4 and above,"30,000 to 40,000",Family,Hindu,Category - 1,Introvert,5-10,"Drawing, listening songs, novel writing",,,Driver,House wife,Three,Religious,Two parents,Yes,No,Maybe,Maybe,Maybe,4,2,1,1,0,0,0,2,0,6,4,4,2,4,4,0,1,4,4,4,4,4,4,0,0,Friend(s),Friend(s),Family and friends,No,"Career/Professional, Relationships (Family, Friends, Romantic), Physical Health, Mental Health/Well-being, Financial Stability, Personal Development/Growth",Career Success and Fulfillment,"Positive Parental or Guardian Relationships, Supportive School Environments, Opportunities for Recreational Activities and Hobbies",59,2,1,3,2,0,0,2,2,0,4,58,High,Outlier,-0.01221495942846873,Normal,-1.291302140704095,Outlier,-0.00017002253953002366,2,Critical Outlier
2024-06-14 12:46:07.051,tippanna.warik@gmail.com,24,Female,Governments autonomous college kalburagi,B.Com,4 and above,"20,000 to 30,000",Family,Hindu,Hadapad  (IIA),Extrovert,5-10,Leasing songs,,,Private sector employee,House wife,Two,Religious,Two parents,Yes,No,No,No,No,6,5,4,3,2,1,0,6,5,4,3,2,1,0,6,5,4,2,1,0,4,3,2,2,3,Friend(s),Family member(s),Friend(s),Yes,Physical Health,Strong and Healthy Relationships,Education and Awareness Programs,74,2,0,2,2,0,0,0,2,2,4,72,High,Outlier,-0.01139673168733546,Normal,-1.388230695727125,Normal,0.00010036327422469071,1,Moderate Outlier
2024-06-14 12:46:17.376,vgobbuer@gmail.com,21,Female,Government degree autonomous college Kalburgi ,B.Com,4 and above,"Less than 10,000",Family,Hindu,SC,Extrovert,Greater than 20,Reading and travelling,,,Laborer/Blue-collar worker,Private sector employee,Three,Religious,One parent,No,No,Yes,No,No,0,0,0,0,0,0,0,0,0,0,0,0,0,0,0,0,0,0,0,0,0,0,0,0,0,Family member(s),Family member(s),Family member(s),No,Financial Stability,Career Success and Fulfillment,"Strong Social Support Networks, Supportive School Environments, Opportunities for Recreational Activities and Hobbies",0,0,0,0,0,0,2,2,0,0,2,0,Low,Normal,0.27787774594736653,Normal,-1.0,Normal,0.5930094755188309,0,Normal
2024-06-14 12:46:20.245,kattimanibhagyashree7@gmail.com,20,Female,Government College autonomous kalaburgi ,B.Com,4 and above,"10,000 to 20,000",Family,Hindu,SC holeya,Extrovert,5-10,Drawing ,,,Farmer,Private sector employee,Three,Religious,One parent,Yes,No,No,No,No,0,4,4,0,0,0,6,2,2,1,1,1,1,1,1,1,1,1,1,1,1,1,1,1,1,My boyfriend ,My boyfriend ,Partner/Spouse,No,Financial Stability,Financial Security and Stability,"Education and Awareness Programs, Positive Parental or Guardian Relationships, Supportive School Environments",34,2,0,2,2,0,0,0,0,0,0,36,High,Normal,0.07828053985012406,Normal,-1.5978077195426923,Normal,1.7738180284634897,0,Normal
2024-06-14 12:46:23.590,rohankoulagi@gmail.com,22,Male,Government college( autonomous )kalaburagi,B.Com,4 and above,"Greater than 50,000",Family,Hindu,2nd A,Introvert,10-20,Nathing,,,Farmer,House wife,Two,Religious,Two parents,Yes,No,No,No,No,0,0,0,0,0,0,0,0,0,0,0,0,0,0,0,0,0,0,0,0,0,0,0,0,0,Family member(s),Family member(s),Family member(s),No,Career/Professional,Career Success and Fulfillment,Opportunities for Recreational Activities and Hobbies,0,1,0,1,2,0,0,2,0,0,2,-1,Low,Normal,0.2534637384010806,Normal,-266247268.19477075,Normal,0.5463810637651227,0,Normal
2024-06-14 12:46:24.121,ravikiranguttedar79@gmail.com,20,Male,Government Degree college kalaburagi ,B.Com,4 and above,"10,000 to 20,000",Family,Hindu,2A,Extrovert,Greater than 20,reading and playing the game ,,,Farmer,Business owner/Entrepreneur,Three,Spiritual but not religious,Two parents,No,No,No,No,No,0,0,0,0,0,0,0,0,0,0,0,0,0,0,0,0,0,0,0,0,0,0,0,0,0,Friend(s),Friend(s),Friend(s),Yes,Career/Professional,Financial Security and Stability,Effective Coping Skills Training,0,0,0,0,0,0,2,0,2,2,4,-2,Low,Normal,0.27035232890815797,Normal,-25423049.789011676,Normal,0.5778569246552383,0,Normal
2024-06-14 12:46:27.180,buperna445@gmail.com,23,Female,Savita,B.Com,4 and above,"Less than 10,000",Family,Hindu,Sc,Introvert,Less than 5,Eating singing and leasing,,,Laborer/Blue-collar worker,House wife,Two,Agnostic (unsure about the existence of a higher power),One parent,No,No,No,No,No,0,0,0,0,0,0,0,0,0,0,0,0,0,0,0,0,0,0,0,0,0,0,0,0,0,Friend(s),Friend(s),Family member(s),Yes,"Career/Professional, Personal Development/Growth",Career Success and Fulfillment,"Access to Mental Health Services, Strong Social Support Networks, Effective Coping Skills Training, Education and Awareness Programs, Reduced Stigma Surrounding Mental Health, Positive Parental or Guardian Relationships, Supportive School Environments, Opportunities for Recreational Activities and Hobbies, Community Engagement and Volunteerism",0,3,0,3,0,0,2,2,0,2,4,1,Low,Normal,0.251561828599095,Normal,-462509539.18068475,Normal,0.7172217620507846,0,Normal
2024-06-14 12:46:48.428,chhatrabandshubham@gmail.com,21,Male,Government degree college ,B.Com,4 and above,"10,000 to 20,000",Family,Hindu,1A OBC,Introvert,Less than 5,Iam lost ear hearing impaired ,,,Jewellery shop,House wife,Two,Spiritual but not religious,Two parents,No,No,No,No,No,0,0,0,0,0,2,0,0,0,0,0,0,0,0,0,0,0,0,0,0,0,0,0,0,0,Family member(s),Family member(s),Family member(s),No,"Career/Professional, Physical Health, Financial Stability, Personal Development/Growth",Personal Growth and Development,"Access to Mental Health Services, Strong Social Support Networks, Effective Coping Skills Training, Education and Awareness Programs, Opportunities for Recreational Activities and Hobbies",2,3,0,3,0,0,2,2,0,0,2,5,Medium,Normal,0.2516394787278007,Normal,-755368295.4201005,Normal,0.7595357947174213,0,Normal
2024-06-14 12:46:50.784,noorfirdoos.rvim@rvei.edu.in,Above 24,Male,Rvum,MBA,4 and above,"30,000 to 40,000",Gaurdian,Sikh,Muslim,Extrovert,Less than 5,Reading ,Marijuana,,Laborer/Blue-collar worker,Laborer/Blue-collar worker,Two,Atheist (do not believe in the existence of a higher power),One parent,Yes,Yes,No,Maybe,Maybe,2,2,2,1,2,2,2,4,4,4,4,4,4,4,4,4,4,5,4,5,4,5,4,4,4,Family member(s),Friend(s),Partner/Spouse,No,Financial Stability,Positive Mental Health and Emotional Balance,Reduced Stigma Surrounding Mental Health,88,3,1,4,2,2,2,0,0,0,0,94,High,Outlier,-0.010049413165105991,Normal,-1.089048512620789,Normal,0.5353333802132396,1,Moderate Outlier
2024-06-14 12:46:51.910,vajupatil567@gmail.com,20,Female,Government degree college gulbarga ,B.Com,4 and above,"Less than 10,000",Family,Hindu,Hindu,Extrovert,Less than 5,Reading,,,Farmer,House wife,Three,Agnostic (unsure about the existence of a higher power),Two parents,No,No,No,No,No,3,3,3,3,3,3,3,3,3,3,3,4,3,3,3,3,3,3,3,3,4,3,4,3,3,Family member(s),Family member(s),Friend(s),No,Personal Development/Growth,Career Success and Fulfillment,"Access to Mental Health Services, Strong Social Support Networks, Effective Coping Skills Training, Education and Awareness Programs, Reduced Stigma Surrounding Mental Health, Positive Parental or Guardian Relationships, Supportive School Environments, Opportunities for Recreational Activities and Hobbies, Community Engagement and Volunteerism",78,3,0,3,0,0,2,0,2,0,2,81,High,Normal,0.08081916463897043,Normal,-0.9700712812265306,Normal,2.797509200086586,0,Normal
2024-06-14 12:46:52.019,annarayaraya88@gmail.com,21,Female,Government Degree autonomous kalburgi,B.Com,4 and above,"Less than 10,000",Family,Hindu,Hindhu,Introvert,5-10,Writting reading,,,Retired,House wife,Two,Religious,Two parents,No,No,No,No,No,0,0,0,0,0,0,1,1,1,1,1,1,6,0,0,0,0,0,0,0,0,0,0,0,0,Family member(s),Family member(s),Family member(s),No,Career/Professional,Work-Life Balance,"Access to Mental Health Services, Effective Coping Skills Training, Education and Awareness Programs, Reduced Stigma Surrounding Mental Health, Opportunities for Recreational Activities and Hobbies, Community Engagement and Volunteerism",12,2,0,2,0,0,2,2,0,0,2,14,High,Normal,0.16699657446994504,Normal,-2236222851.522107,Normal,1.8490983331227238,0,Normal
2024-06-14 12:49:04.380,malluwarad023@gmail.com,22,Male,Government degree college autonomous kalburgi ,B.Com,4 and above,"20,000 to 30,000",Family,Hindu,Veershaiva lingayat ,Extrovert,Greater than 20,Cricket ,"Alcohol, None",,Farmer,House wife,One,Spiritual but not religious,Two parents,No,No,No,No,Maybe,0,0,1,0,0,0,1,0,0,0,1,1,0,0,0,1,0,2,0,1,0,1,1,0,0,Family member(s),Friend(s),Family member(s),Yes,"Relationships (Family, Friends, Romantic), Financial Stability",Strong and Healthy Relationships,Strong Social Support Networks,10,0,0,0,0,0,2,2,0,2,4,8,Medium,Normal,0.13750782189714655,Normal,-19.739431934306843,Normal,1.2458840068345856,0,Normal
2024-06-14 12:47:15.058,sumavati2004@gmail.com,20,Female,Government degree college Gulbarga,B.Com,4 and above,"10,000 to 20,000",Family,Hindu,3rd B,Introvert,Less than 5,Reading Travelling ,,,Laborer/Blue-collar worker,House wife,Two,Agnostic (unsure about the existence of a higher power),Two parents,No,No,No,No,No,0,0,0,0,0,0,0,0,0,0,0,0,0,0,0,0,0,0,0,0,0,0,0,0,0,Friend(s),Family member(s),Friend(s),No,Career/Professional,Career Success and Fulfillment,"Access to Mental Health Services, Strong Social Support Networks, Effective Coping Skills Training, Education and Awareness Programs, Reduced Stigma Surrounding Mental Health, Positive Parental or Guardian Relationships, Supportive School Environments, Opportunities for Recreational Activities and Hobbies, Community Engagement and Volunteerism",0,3,0,3,0,0,2,0,2,0,2,3,Medium,Normal,0.25612827643167974,Normal,-1.0,Normal,0.7322037115749263,0,Normal
2024-06-14 12:47:18.432,nikhitasutrave53@gmail.comcom,21,Female,Government autonomous collage,B.Com,4 and above,"10,000 to 20,000",Family,Hindu,Hindu,Extrovert,Less than 5,Song cooking  ect ,,,Business owner/Entrepreneur,House wife,,Religious,Two parents,Yes,No,Yes,No,No,3,3,3,3,3,3,3,3,3,3,3,3,3,3,3,3,3,3,3,3,3,3,3,3,3,Family member(s),Friend(s),Friend(s),No,Career/Professional,Good Physical Health and Well-being,Education and Awareness Programs,75,3,0,3,2,0,0,0,2,0,2,76,High,Normal,0.08889504127715475,Normal,-0.9615088017287163,Normal,2.91355718042181,0,Normal
2024-06-14 12:48:30.107,vishwanathsn2000@gmail.com,24,Male,Government Degree College Gulbarga ,B.Com,4 and above,"10,000 to 20,000",Family,Hindu,3B,Extrovert,Greater than 20,Reading playing games,,,Farmer,House wife,Two,Religious,Two parents,No,No,No,Yes,Yes,0,0,0,0,0,0,0,0,0,0,0,0,0,0,0,0,0,0,0,0,0,0,0,0,0,Friend(s),Friend(s),Friend(s),Yes,Financial Stability,Financial Security and Stability,Effective Coping Skills Training,0,0,2,2,0,0,2,0,2,2,4,0,Low,Normal,0.2314397622645279,Normal,-0.9967287358492449,Normal,0.5125961621183124,0,Normal
2024-06-14 12:50:18.989,chaitrajademath665@gmail.com,21,Female,Government degree college autonomous college,B.Com,4 and above,"20,000 to 30,000",Family,Hindu,3B hindu,Extrovert,Greater than 20,Reading dancing,,,Farmer,House wife,One,Religious,Two parents,No,No,Maybe,Yes,No,0,0,0,0,0,0,0,0,1,0,0,0,0,0,0,0,0,0,0,0,0,0,0,0,0,Family member(s),Family member(s),Family member(s),Yes,Career/Professional,Career Success and Fulfillment,"Reduced Stigma Surrounding Mental Health, Positive Parental or Guardian Relationships",1,0,2,2,0,0,2,2,0,2,4,1,Low,Normal,0.2060686007664943,Normal,-1.0017935250311676,Normal,0.5850712893878631,0,Normal
2024-06-14 12:50:23.952,deepalikaman@gmail.com,20,Female,Govt degree college autonomous kalaburgi ,B.Com,4 and above,"Greater than 50,000",Family,Hindu,Sc,Ambivert,5-10,Reading and writing ,,,Farmer,House wife,,Spiritual but not religious,One parent,No,No,No,No,No,1,0,0,2,0,4,3,3,2,3,3,3,4,4,2,3,3,3,3,3,3,3,3,3,4,Family member(s),Family member(s),Family member(s),Yes,Career/Professional,Career Success and Fulfillment,Education and Awareness Programs,65,2,0,2,0,0,2,2,0,2,4,65,High,Normal,0.06678730177745595,Normal,-0.9771963010222399,Normal,2.820999892853667,0,Normal
2024-06-14 12:50:43.796,rathodpooja7212003@gamail.com,21,Female,Goverment collage Automouns kalaburagi,B.Com,4 and above,"40,000 to 50,000",Hostel / PG,Hindu,Sc lambani,Introvert,10-20,Reading and  writing,,,Farmer,House wife,Two,Agnostic (unsure about the existence of a higher power),One parent,No,No,Yes,Yes,Yes,0,1,6,1,0,6,1,2,6,6,1,1,0,1,1,0,3,2,5,1,2,2,2,1,1,Family member(s),Family member(s),Family member(s),Yes,Physical Health,Financial Security and Stability,Education and Awareness Programs,52,1,2,3,0,0,2,2,0,2,4,53,High,Outlier,-0.022637079305243724,Normal,-1.5114403890040033,Outlier,-0.0003932141921314525,2,Critical Outlier
2024-06-14 12:50:56.239,vgobbuer@gmail.com,21,Female,Government Degree autonomous College ,B.Com,4 and above,"Less than 10,000",Family,Hindu,SC,Extrovert,Greater than 20,Reading and travelling ,,,Laborer/Blue-collar worker,Private sector employee,Three,Religious,One parent,Yes,No,No,No,No,0,0,0,0,0,0,0,0,0,0,0,0,0,0,0,0,0,0,0,0,0,0,0,0,0,Friend(s),Family member(s),Family member(s),No,Financial Stability,Career Success and Fulfillment,Strong Social Support Networks,0,0,0,0,2,0,0,2,0,0,2,-2,Low,Normal,0.27035232890815797,Normal,-25423049.789011676,Normal,0.5778569246552383,0,Normal
2024-06-14 12:51:37.188,poojaafzalpukar@gemail.com,21,Female,Government degree college (Autonomous) kalaburagi ,B.Com,4 and above,"10,000 to 20,000",Family,Hindu,Hindu,Extrovert,10-20,"Cooking, lisining music ",,,Laborer/Blue-collar worker,Laborer/Blue-collar worker,,Agnostic (unsure about the existence of a higher power),One parent,Maybe,No,No,Yes,Yes,0,0,0,0,0,0,0,0,0,0,0,0,0,0,0,0,0,0,0,0,0,0,0,0,0,Friend(s),Friend(s),Partner/Spouse,No,Career/Professional,Career Success and Fulfillment,Access to Mental Health Services,0,1,2,3,1,0,1,0,0,0,0,4,Medium,Normal,0.21499426727150373,Normal,-1.0626113236872183,Normal,0.28136135336603596,0,Normal
2024-06-14 12:52:37.042,meghanabojja94@gimal.com,21,Female,Government degree college ,B.Com,4 and above,"Less than 10,000",Family,Hindu,2A,Extrovert,Greater than 20,Dancing ,,,Private sector employee,House wife,Four or more,Religious,Two parents,No,No,No,Yes,No,0,0,0,0,0,0,0,0,0,0,0,0,0,0,0,0,0,0,0,0,0,0,0,0,0,Family member(s),Family member(s),Family member(s),Yes,Career/Professional,Career Success and Fulfillment,Positive Parental or Guardian Relationships,0,0,2,2,0,0,2,2,0,2,4,0,Low,Normal,0.2314397622645279,Normal,-0.9967287358492449,Normal,0.5125961621183124,0,Normal
2024-06-14 12:52:44.218,bhagyashreejamadar40@gmail.com,21,Female,Government  college  (autonomous) kalaburagi ,B.Com,4 and above,"Less than 10,000",Family,Hindu,ST,Introvert,Less than 5,writing,,,Farmer,House wife,Three,Religious,Two parents,Yes,No,No,No,No,2,2,2,2,2,2,2,2,2,2,2,2,3,2,3,2,2,2,2,2,2,2,2,2,2,Family member(s),Family member(s),Family member(s),Yes,Career/Professional,Career Success and Fulfillment,Access to Mental Health Services,52,3,0,3,2,0,0,2,0,2,4,51,High,Normal,0.07024724640877722,Normal,-1.062714386670638,Normal,3.3832467150950416,0,Normal
2024-06-14 12:53:29.577,Satishdiggi465@gmail.com,21,Female,Government autonomous degree collage kalaburagi,B.Com,3,"20,000 to 30,000",Family,Hindu,Hindu,Extrovert,5-10,Presentation,,,Private sector employee,House wife,Three,Religious,One parent,No,No,No,No,No,0,0,0,0,0,0,0,0,0,0,0,0,0,0,0,0,0,0,0,0,0,0,0,0,0,Family member(s),Family member(s),Family member(s),Maybe,Career/Professional,Career Success and Fulfillment,Opportunities for Recreational Activities and Hobbies,0,2,0,2,0,0,2,2,0,1,3,1,Low,Normal,0.2701316502141151,Normal,-262443735.5646696,Normal,1.0984520296039442,0,Normal
2024-06-14 12:54:09.552,prashantgude2003@gemail.com,21,Male,Govt degree college,B.Com,4 and above,"20,000 to 30,000",Family,Hindu,Lingayat 3rd b,Introvert,Greater than 20,Sports,,,Farmer,House wife,Three,Religious,Two parents,No,No,No,No,No,4,0,0,0,3,0,0,1,0,0,4,0,6,0,0,0,6,0,2,5,0,1,2,1,5,Friend(s),Family member(s),Friend(s),No,Career/Professional,Career Success and Fulfillment,Access to Mental Health Services,40,0,0,0,0,0,2,0,2,0,2,40,High,Outlier,-0.018905860131966268,Normal,-1.6314323969864877,Outlier,-0.3443998416773826,2,Critical Outlier
2024-06-14 12:55:10.439,annarayharkanchi@gmail.com,21,Female,Government Degree autonomous kalburgi ,B.Com,4 and above,"Less than 10,000",Family,Hindu,Hindhu,Introvert,5-10,Eating ,,,Retired,House wife,Two,Spiritual but not religious,Two parents,No,No,No,No,No,0,0,0,0,0,0,0,0,0,0,0,0,0,0,0,0,0,0,0,0,0,0,0,0,0,Family member(s),Family member(s),Family member(s),No,Career/Professional,Work-Life Balance,"Access to Mental Health Services, Strong Social Support Networks, Effective Coping Skills Training, Education and Awareness Programs, Positive Parental or Guardian Relationships, Supportive School Environments, Community Engagement and Volunteerism",0,2,0,2,0,0,2,2,0,0,2,2,Low,Normal,0.2717792342701301,Normal,-1.0,Normal,1.1062082140844476,0,Normal
2024-06-14 12:56:50.850,rathodpooja7212003@gamail.com,21,Female,Govt deegree collage autonoums Kalburgi,B.Com,4 and above,"40,000 to 50,000",Hostel / PG,Hindu,Sc,Introvert,Greater than 20,Writing and reading,,,Farmer,House wife,,Religious,One parent,Yes,No,Yes,Yes,Yes,0,6,5,1,5,1,6,1,1,6,2,0,6,6,0,5,5,5,5,5,5,1,4,5,6,Family member(s),Family member(s),Family member(s),Yes,Physical Health,Strong and Healthy Relationships,Effective Coping Skills Training,92,0,2,2,2,0,0,2,0,2,4,90,High,Outlier,-0.043190771221822244,Normal,-1.4332609244994017,Outlier,-0.4011480082804999,2,Critical Outlier
2024-06-14 12:57:05.062,shilpachandankeri8@gmail.com,21,Female,Government Degree college Autonomous kalaburagi,B.Com,4 and above,"30,000 to 40,000",Family,Hindu,3B,Extrovert,5-10,Reading and well communication skilll,,,Farmer,House wife,Four or more,Agnostic (unsure about the existence of a higher power),Two parents,No,No,No,No,Maybe,4,4,4,4,4,4,4,4,4,4,4,4,4,4,4,4,4,4,4,4,4,4,4,4,4,Family member(s),Family member(s),Family member(s),Maybe,Career/Professional,Career Success and Fulfillment,Access to Mental Health Services,100,2,0,2,0,0,2,2,0,1,3,101,High,Normal,0.05601525967394139,Normal,-1.0022452114970526,Normal,2.3123269745078012,0,Normal
2024-06-14 12:57:08.054,sp3774735@gamil.com,20,Female,Government degree clg kalaburgai,B.Com,4 and above,"Less than 10,000",Family,Hindu,3B,Extrovert,5-10,Reading and writing,,,Farmer,House wife,One,Agnostic (unsure about the existence of a higher power),Two parents,No,No,No,No,No,3,3,3,3,3,3,3,3,3,3,3,3,3,3,3,3,3,3,3,3,3,3,3,3,3,Family member(s),Family member(s),Family member(s),No,Career/Professional,Career Success and Fulfillment,Access to Mental Health Services,75,2,0,2,0,0,2,2,0,0,2,77,High,Normal,0.0964173355399156,Normal,-0.9827061871807713,Normal,3.249798446347147,0,Normal
2024-06-14 12:58:25.633,renukahiremath253@gmail.com,20,Female,Government  degree collage gulbarga ,B.Com,4 and above,"Less than 10,000",Family,Hindu,3rd B,Introvert,Less than 5,Listening song,,,Laborer/Blue-collar worker,House wife,One,Atheist (do not believe in the existence of a higher power),Two parents,No,Yes,Yes,No,Maybe,1,3,1,1,3,5,6,0,6,6,6,6,6,6,6,0,6,5,0,0,1,6,0,0,6,Family member(s),Friend(s),Friend(s),No,Career/Professional,Career Success and Fulfillment,"Positive Parental or Guardian Relationships, Supportive School Environments, Community Engagement and Volunteerism, ",86,3,0,3,0,2,4,0,2,0,2,91,High,Outlier,-0.06670961392414121,Normal,-1.7583802459746796,Outlier,-1.5046162120262871,2,Critical Outlier
2024-06-14 12:59:14.999,taisanbegumladf46@gemail.com,21,Female,Government Degree autonomous kalburgi ,B.Com,4 and above,"Less than 10,000",Family,Muslim,Muslim,Introvert,10-20,Eating ,,,Farmer,House wife,Two,Religious,Two parents,No,No,No,No,No,0,0,0,0,0,0,0,0,0,0,0,0,0,0,0,0,0,0,0,0,0,0,0,0,0,Family member(s),Family member(s),Family member(s),No,Financial Stability,Career Success and Fulfillment,"Access to Mental Health Services, Effective Coping Skills Training, Education and Awareness Programs, Reduced Stigma Surrounding Mental Health, Opportunities for Recreational Activities and Hobbies, Community Engagement and Volunteerism",0,1,0,1,0,0,2,2,0,0,2,1,Low,Normal,0.26039187238892075,Normal,-1.0,Normal,0.5603940349488337,0,Normal
2024-06-14 13:32:37.649,vvenkatreddyflash@gmail.com,21,Male,Venkateshwarreddy,B.Com,4 and above,"Greater than 50,000",Family,Hindu,Reddy ,Introvert,Greater than 20,Kabbadi ,,,Farmer,House wife,Three,Religious,Two parents,No,No,No,Yes,No,0,0,0,0,0,0,0,0,0,0,0,0,0,0,0,0,0,0,0,1,0,0,0,0,0,Family member(s),Friend(s),Family member(s),No,"Career/Professional, Relationships (Family, Friends, Romantic), Mental Health/Well-being",Good Physical Health and Well-being,"Access to Mental Health Services, Strong Social Support Networks, Effective Coping Skills Training",1,0,2,2,0,0,2,2,0,0,2,3,Medium,Normal,0.19697115475626037,Normal,-0.993346750726875,Normal,0.6337589416157527,0,Normal
2024-06-14 13:42:41.199,girishharihar100@email.com,21,Male,Govt collage kalburagi ,Bsc,1,"10,000 to 20,000",Family,Hindu,Simpi ,Introvert,Greater than 20,Cricket ,,,Farmer,House wife,,Religious,One parent,Yes,No,No,Yes,No,6,6,6,6,6,6,6,6,6,6,6,6,6,6,6,6,6,6,6,6,6,6,6,6,6,Family member(s),Friend(s),Friend(s),No,Career/Professional,Career Success and Fulfillment,"Access to Mental Health Services, Positive Parental or Guardian Relationships",150,0,2,2,2,0,0,0,2,0,2,150,High,Outlier,-0.056097020000214215,Normal,-1.0440260204219245,Outlier,-0.0001402213913221928,2,Critical Outlier
2024-06-14 13:48:48.491,harijansantosh773@gmail.com,21,Male,Govt college autonomous,B. Sc,4 and above,"20,000 to 30,000",Hostel / PG,Hindu,Sc,Introvert,Greater than 20,Watching porn videos,,,Dead,Dead,Four or more,Spiritual but not religious,,No,No,No,Yes,Yes,0,0,0,0,0,0,1,2,6,5,4,3,3,2,1,4,5,5,4,4,5,4,4,1,3,"Mental health professional (e.g., therapist, counselor)","Mental health professional (e.g., therapist, counselor)","Mental health professional (e.g., therapist, counselor)",Maybe,,Career Success and Fulfillment,"Access to Mental Health Services, Strong Social Support Networks, Effective Coping Skills Training, Education and Awareness Programs, Reduced Stigma Surrounding Mental Health, Positive Parental or Guardian Relationships, Supportive School Environments, Opportunities for Recreational Activities and Hobbies, Community Engagement and Volunteerism",66,0,2,2,0,0,2,0,0,1,1,69,High,Outlier,-0.026308683899169516,Normal,-1.2781422578638766,Outlier,-0.0003075971600550176,2,Critical Outlier
2024-06-14 13:45:39.465,sandeepmainal90@gmail.com,20,Male,Govt college autonomous ,B.Sc,3,"20,000 to 30,000",Family,Hindu,OBC,Introvert,5-10,Playing games ,,,Retired,House wife,One,Religious,,No,No,Yes,No,Yes,0,0,1,0,1,0,2,0,0,0,1,0,0,0,1,1,1,0,0,1,1,0,1,0,0,Family member(s),Friend(s),Family member(s),No,"Career/Professional, Financial Stability, Personal Development/Growth",Personal Growth and Development,"Access to Mental Health Services, Effective Coping Skills Training, Education and Awareness Programs, Supportive School Environments",11,2,0,2,0,0,2,2,0,0,2,13,High,Normal,0.16067694732394383,Outlier,-4404851814.085289,Normal,1.7057835067632539,1,Moderate Outlier
2024-06-14 13:46:35.415,bhageshbhagesh57@gmail.com,20,Male,Govt autonomous college kalaburagi,B.sc,4 and above,"Less than 10,000",Family,Hindu,Cat-1,Introvert,5-10,Reading and writing ,,,Farmer,House wife,Three,Religious,One parent,No,No,No,No,No,0,0,0,0,0,0,0,0,0,0,0,0,0,0,0,0,0,0,0,0,0,0,0,0,0,Family member(s),Family member(s),Family member(s),No,Career/Professional,Positive Mental Health and Emotional Balance,Access to Mental Health Services,0,2,0,2,0,0,2,2,0,0,2,2,Low,Normal,0.2717792342701301,Normal,-1.0,Normal,1.1062082140844476,0,Normal
2024-06-14 13:46:55.096,sangameshp553@gmail.com,19,Male,Govt autonomous college Kalaburagi,B.sc,4 and above,"30,000 to 40,000",Hostel / PG,Hindu,Lingayat,Introvert,Less than 5,"Swimming, watching web series, movies, listening to music... ",,,Business owner/Entrepreneur,Private sector employee,One,Religious,Two parents,No,No,No,No,No,1,0,0,0,0,0,0,0,6,5,0,2,0,0,0,4,0,0,0,0,0,3,0,0,0,No one.. ,No one... ,Religious or spiritual leader,No,"Career/Professional, Relationships (Family, Friends, Romantic), Physical Health, Mental Health/Well-being, Financial Stability, Personal Development/Growth",Financial Security and Stability,"Access to Mental Health Services, Supportive School Environments",21,3,0,3,0,0,2,0,0,0,0,26,High,Normal,0.035532491615481776,Normal,-5.555859705472593,Outlier,-0.14073906982365392,1,Moderate Outlier
2024-06-14 13:47:07.244,irfanpatelbiradar0@gmail.com,21,Male,Government College autonomous kalburgi,B.sc,3,"Less than 10,000",Family,Muslim,Muslim,Introvert,Less than 5,Reading writing gaming,,,Farmer,House wife,One,Spiritual but not religious,One parent,No,No,No,No,No,0,0,0,0,0,0,0,0,0,0,0,0,0,0,0,0,0,0,0,0,0,0,0,0,0,Family member(s),Family member(s),Family member(s),No,"Career/Professional, Relationships (Family, Friends, Romantic), Physical Health, Mental Health/Well-being, Financial Stability, Personal Development/Growth",Work-Life Balance,Positive Parental or Guardian Relationships,0,3,0,3,0,0,2,2,0,0,2,3,Medium,Normal,0.25612827643167974,Normal,-1.0,Normal,0.7322037115749263,0,Normal
2024-06-14 13:47:46.508,sudarshanmarapalli2004@gmail.com,20,Male,"Government degree college autonomous, kalaburgi ",B.sc,4 and above,"30,000 to 40,000",Family,Hindu,SC,Ambivert,5-10,Music ,,,Private sector employee,House wife,Two,Religious,Two parents,No,No,Maybe,Maybe,Maybe,1,0,0,0,0,0,1,0,0,1,0,1,0,1,0,0,0,0,1,1,0,1,0,1,0,Friend(s),Family member(s),Family member(s),No,Financial Stability,Financial Security and Stability,Supportive School Environments,9,2,1,3,0,0,2,2,0,0,2,12,High,Normal,0.13785866120492002,Normal,-1.0338818632267066,Normal,1.3974287959778273,0,Normal
2024-06-14 13:48:01.151,siddharthmantri540@gmail.com,20,Male,Government (Autonomous)degree college kalburgi ,B.Sc,4 and above,"20,000 to 30,000",Family,Hindu,Lingayat ,Introvert,Less than 5,"Sports,reading, writing etc",,,Farmer,House wife,Four or more,Religious,Two parents,Maybe,No,No,No,No,1,0,0,0,0,0,0,6,6,0,0,0,6,0,0,0,0,0,0,0,0,0,0,0,0,Aishwarya ,Aishwarya ,Aishwarya ,No,"Career/Professional, Relationships (Family, Friends, Romantic), Physical Health, Mental Health/Well-being, Financial Stability, Personal Development/Growth, Everything ",Financial Security and Stability,"Effective Coping Skills Training, Education and Awareness Programs, Positive Parental or Guardian Relationships",19,3,0,3,1,0,1,0,0,0,0,23,High,Normal,0.057293236888981025,Normal,-10.181689498600631,Outlier,-0.3682832771435973,1,Moderate Outlier
2024-06-14 13:48:25.228,praveenchidagumpi@gmail.com,21,Male,Government Autonomous Degree College Kalaburagi,Bsc,4 and above,"Less than 10,000",Family,Hindu,OBC,Introvert,Greater than 20,Playing ,,,Farmer,House wife,Two,Religious,Two parents,No,No,No,No,No,0,0,0,0,0,0,0,0,0,0,0,0,6,0,0,0,0,0,0,5,0,0,0,0,0,Friend(s),Friend(s),Friend(s),No,"Career/Professional, Financial Stability, Personal Development/Growth",Career Success and Fulfillment,Access to Mental Health Services,11,0,0,0,0,0,2,0,2,0,2,11,Medium,Normal,0.16648848539533928,Normal,-56.91307436233137,Outlier,-0.0003904675539940783,1,Moderate Outlier
2024-06-14 13:48:44.246,sandeepmainal90@gmail.com,20,Male,Govt college autonomous ,B.sc,4 and above,"30,000 to 40,000",Family,Hindu,OBC,Introvert,Less than 5,Playing games ,,,Retired,House wife,One,Religious,,No,No,No,No,No,0,0,0,1,1,0,1,0,1,1,1,0,0,1,1,0,0,1,1,1,0,0,0,0,0,Family member(s),Friend(s),Family member(s),No,"Career/Professional, Relationships (Family, Friends, Romantic), Physical Health, Personal Development/Growth",Career Success and Fulfillment,"Access to Mental Health Services, Strong Social Support Networks, Opportunities for Recreational Activities and Hobbies, Community Engagement and Volunteerism",11,3,0,3,0,0,2,2,0,0,2,14,High,Normal,0.1319189439519946,Outlier,-11849692968.321737,Normal,1.8047900077113948,1,Moderate Outlier
2024-06-14 13:49:22.563,vijaykumarbh42@gmail.com,21,Male,Vijay Kumar Hadpad ,Bsc ,4 and above,"Less than 10,000",Family,Hindu,OBC,Ambivert,Greater than 20,Kabadi ,,,Farmer,House wife,Three,Religious,One parent,Yes,No,No,No,No,0,0,0,0,0,0,0,0,0,0,1,0,0,0,0,0,0,0,0,0,0,0,0,0,0,Family member(s),Family member(s),Family member(s),Yes,Career/Professional,Career Success and Fulfillment,Access to Mental Health Services,1,0,0,0,2,0,0,2,0,2,4,-3,Low,Normal,0.23463959978929344,Normal,-15.613885646431806,Normal,0.611600852211108,0,Normal
2024-06-14 13:49:35.695,bhavanigoudageri@gmail.com,20,Female,Autonomous college kalaburgi,B.sc,4 and above,"30,000 to 40,000",Family,Hindu,Sc,Extrovert,Greater than 20,Reading writing ,,,Auto driver ,House wife,Three,Spiritual but not religious,Two parents,Yes,No,No,No,Maybe,6,6,6,6,6,6,6,6,6,6,6,6,6,6,6,6,6,6,6,6,6,6,6,6,6,Friend(s),Religious or spiritual leader,Religious or spiritual leader,Yes,Career/Professional,Career Success and Fulfillment,Positive Parental or Guardian Relationships,150,0,0,0,2,0,0,0,0,2,2,148,High,Outlier,-0.06108154018401246,Normal,-1.1036288798537437,Outlier,-0.17389519954132027,2,Critical Outlier
2024-06-14 13:49:47.251,bhagya4mpatil@gmail.com,20,Female,Govt college autonomous kalburgi,Bsc,4 and above,"10,000 to 20,000",Family,Hindu,Hindu handevazir,Extrovert,10-20,Reading enjoying ,,,Farmer,House wife,Two,Religious,Two parents,No,No,No,No,No,0,0,0,0,0,0,0,0,0,0,0,0,1,0,0,0,0,0,0,0,0,0,1,1,0,Family member(s),Friend(s),Family member(s),No,Career/Professional,Career Success and Fulfillment,Access to Mental Health Services,3,1,0,1,0,0,2,2,0,0,2,4,Medium,Normal,0.23970230039523105,Outlier,-3816889146.389566,Normal,0.6524122150897602,1,Moderate Outlier
2024-06-14 13:49:58.195,vaishnavigobbur7@gmail.com,20,Female,Government autonomous ,Bsc ,3,"Greater than 50,000",Family,Hindu,OBC,Extrovert,10-20,Dance ,,,.,House wife,One,Religious,One parent,Yes,No,No,Yes,No,4,4,4,4,4,4,4,4,4,4,4,4,4,4,4,4,4,4,4,4,4,4,4,4,4,Friend(s),Friend(s),Friend(s),Yes,"Career/Professional, Relationships (Family, Friends, Romantic), Physical Health, Mental Health/Well-being, Financial Stability, Personal Development/Growth",Career Success and Fulfillment,Access to Mental Health Services,100,1,2,3,2,0,0,0,2,2,4,99,High,Normal,0.024838892957342984,Normal,-1.018557128404819,Normal,1.3856297527411732,0,Normal
2024-06-14 13:49:58.300,bhavanipanchal892@gmail.com,19,Female,Government autonomous college Gulbarga ,B.sc,4 and above,"30,000 to 40,000",Family,Hindu,Hindu,Introvert,10-20,Reading Books ,,,Farmer,House wife,One,Religious,One parent,Yes,No,No,No,No,4,4,6,4,4,6,4,4,6,4,4,4,4,4,4,4,4,4,4,4,4,4,4,4,4,"Mental health professional (e.g., therapist, counselor)",Family member(s),Family member(s),No,Career/Professional,Good Physical Health and Well-being,Opportunities for Recreational Activities and Hobbies,106,1,0,1,2,0,0,2,0,0,2,105,High,Normal,0.011482945238283748,Normal,-1.0287874437653248,Normal,0.9484143367017763,0,Normal
2024-06-14 13:50:00.945,sshaikshabnum@gmail.com,21,Female,Govt autonomous degree College kalburgi ,B.sc,4 and above,"10,000 to 20,000",Family,Muslim,OBC,Extrovert,10-20,Teaching ,,,Farmer,House wife,Four or more,Atheist (do not believe in the existence of a higher power),Two parents,No,No,No,No,No,0,0,0,0,0,0,0,0,0,1,1,0,0,0,0,0,0,0,0,0,0,0,0,0,0,Family member(s),Family member(s),Family member(s),Yes,Career/Professional,Career Success and Fulfillment,Positive Parental or Guardian Relationships,2,1,0,1,0,0,2,2,0,2,4,1,Low,Normal,0.21262303706307029,Outlier,-8233229632.858969,Normal,0.7136831612470216,1,Moderate Outlier
2024-06-14 13:50:05.601,poornimabada13@gmail.com,18,Female,Govt degree College autonomous ,BSC,4 and above,"Greater than 50,000",Family,Hindu,Obc,Extrovert,10-20,Dancing ,,,Business owner/Entrepreneur,House wife,Two,Religious,One parent,Yes,No,No,Yes,No,5,5,5,5,5,5,5,5,5,5,5,5,5,5,5,5,5,5,5,5,5,5,5,5,5,Friend(s),Friend(s),Friend(s),No,"Career/Professional, Relationships (Family, Friends, Romantic), Physical Health, Mental Health/Well-being, Financial Stability, Personal Development/Growth",Career Success and Fulfillment,Community Engagement and Volunteerism,125,1,2,3,2,0,0,0,2,0,2,126,High,Normal,0.006880283165748402,Normal,-0.9965741169966345,Normal,0.519478438041638,0,Normal
2024-06-14 13:50:08.382,rohanrathod0028@gmail.com,20,Female,Government Degree autonomous college kalaburgi ,B.sc,4 and above,"20,000 to 30,000",Hostel / PG,Hindu,SC,Introvert,Less than 5,Reading ,,,Farmer,House wife,Four or more,Religious,Two parents,No,No,No,Yes,No,0,0,0,0,0,0,0,0,0,0,0,0,0,0,0,0,0,0,0,0,0,6,0,0,0,Friend(s),Family member(s),Family member(s),No,Personal Development/Growth,Career Success and Fulfillment,Positive Parental or Guardian Relationships,6,3,2,5,0,0,2,2,0,0,2,11,Medium,Normal,0.1377015522716521,Normal,-3.6173523317690774,Outlier,-0.0002367094561770422,1,Moderate Outlier
2024-06-14 13:50:09.755,Aishwaryajadhav1820@gmail.com,20,Female,Government autonomous college kalburgi,B. Sc,4 and above,"20,000 to 30,000",Family,Hindu,Sc banjara,Introvert,Greater than 20,Traveling,,,Business owner/Entrepreneur,House wife,Three,Religious,Two parents,No,No,No,No,No,0,0,0,0,0,0,0,0,0,0,0,0,0,0,0,0,0,0,0,0,0,0,0,0,0,Friend(s),Friend(s),Family member(s),Yes,Career/Professional,Career Success and Fulfillment,Positive Parental or Guardian Relationships,0,0,0,0,0,0,2,2,0,2,4,-2,Low,Normal,0.27035232890815797,Normal,-25423049.789011676,Normal,0.5778569246552383,0,Normal
2024-06-14 13:50:27.358,poornimabada13@gmail.com,20,Female,Government autonomous degree college Gulbaraga,Bsc,4 and above,"20,000 to 30,000",Family,Hindu,Obc,Extrovert,10-20,Reading books,,,Farmer,House wife,One,Religious,Two parents,No,No,No,No,No,0,0,0,0,0,0,0,0,0,0,0,0,0,0,0,0,0,0,0,0,0,0,0,0,0,Family member(s),Family member(s),Family member(s),No,"Career/Professional, Relationships (Family, Friends, Romantic), Physical Health, Mental Health/Well-being, Financial Stability, Personal Development/Growth",Career Success and Fulfillment,Access to Mental Health Services,0,1,0,1,0,0,2,2,0,0,2,1,Low,Normal,0.26039187238892075,Normal,-1.0,Normal,0.5603940349488337,0,Normal
2024-06-14 13:50:38.545,rhugond@gmail.com,21,Male,Govt autonomous degree College Kalaburagi ,BSC,4 and above,"10,000 to 20,000",Hostel / PG,Hindu,2A,Extrovert,Greater than 20,Movies,,,Farmer,House wife,One,Religious,Two parents,Yes,No,No,Yes,No,0,0,0,0,0,0,0,0,0,0,0,0,0,0,1,0,0,0,0,0,0,0,0,0,0,Friend(s),Friend(s),Family member(s),No,"Career/Professional, Relationships (Family, Friends, Romantic), Physical Health, Mental Health/Well-being, Financial Stability, Personal Development/Growth, ",Career Success and Fulfillment,"Education and Awareness Programs, ",1,0,2,2,2,0,0,2,0,0,2,1,Low,Normal,0.2319343821851262,Normal,-0.9970296039023433,Normal,0.5263943655131182,0,Normal
2024-06-14 13:50:48.940,souravrathod0371@gmail.com,21,Male,Govt Autonomus college Kalburgi ,Bsc,4 and above,"30,000 to 40,000",Family,Hindu,ST,Introvert,5-10,Playing cricket and volleyball ,,,Government employee,House wife,Two,Religious,Two parents,No,No,No,No,No,0,0,0,0,0,0,0,0,0,0,0,0,0,0,0,0,0,0,0,0,0,0,0,0,0,Friend(s),Friend(s),Friend(s),No,Career/Professional,Career Success and Fulfillment,Strong Social Support Networks,0,2,0,2,0,0,2,0,2,0,2,2,Low,Normal,0.2717792342701301,Normal,-1.0,Normal,1.1062082140844476,0,Normal
2024-06-14 13:50:56.889,vishwaradhyavishwaradhya83@gmail.com,21,Male,Government college (Autonomous) kalaburagi,Bsc,4 and above,"10,000 to 20,000",Family,Hindu,3b,Introvert,Greater than 20,"Playing cricket, watching movies web series etc",,,Farmer,House wife,One,Spiritual but not religious,Two parents,No,No,No,No,No,0,0,0,0,0,0,0,0,0,0,0,0,0,0,0,0,0,0,0,0,0,0,0,0,0,Friend(s),Family member(s),Family member(s),No,Career/Professional,Career Success and Fulfillment,Access to Mental Health Services,0,0,0,0,0,0,2,2,0,0,2,0,Low,Normal,0.27787774594736653,Normal,-1.0,Normal,0.5930094755188309,0,Normal
2024-06-14 13:51:06.842,pavitraholkar@gmail.com,19,Female,Government degree (autonomous)college ,B.Sc,4 and above,"30,000 to 40,000",Family,Hindu,Holeya,Introvert,Less than 5,Learning new things ,,,Laborer/Blue-collar worker,House wife,Two,Religious,One parent,Yes,No,No,Yes,No,0,0,0,0,0,0,0,0,0,0,0,0,0,0,0,0,0,0,0,0,0,0,0,0,0,Family member(s),Family member(s),Partner/Spouse,No,Career/Professional,Career Success and Fulfillment,Education and Awareness Programs,0,3,2,5,2,0,0,0,0,0,0,5,Medium,Normal,0.22589027441623966,Normal,-0.9971627588120511,Normal,0.44064961983148754,0,Normal
2024-06-14 13:51:07.099,anandchalakapure07@gmail.com,20,Male,Government degree college (autonomous) kalaburgi,B. Sc,4 and above,"20,000 to 30,000",Hostel / PG,Hindu,ST,Introvert,10-20,Watching Anime,,,Farmer,House wife,Four or more,Agnostic (unsure about the existence of a higher power),One parent,No,No,No,Maybe,No,0,0,0,0,0,0,0,0,0,0,0,0,0,0,0,0,0,0,0,0,0,0,0,0,0,Family member(s),Family member(s),Family member(s),Yes,"Career/Professional, Relationships (Family, Friends, Romantic), Physical Health, Financial Stability, Personal Development/Growth",Strong and Healthy Relationships,"Strong Social Support Networks, Education and Awareness Programs",0,1,1,2,0,0,2,2,0,2,4,0,Low,Normal,0.20427385612564064,Normal,-0.9801971691332911,Outlier,-0.00013040735602265485,1,Moderate Outlier
2024-06-14 13:51:13.859,irammairamma87@gmail.com,21,Female,Government degree College autonomous Kalaburagi ,BSC ,4 and above,"Less than 10,000",Family,Hindu,3B,Extrovert,Less than 5,Traveling ,,,Passed away ,House wife,One,Religious,One parent,No,No,No,No,No,0,0,0,0,0,0,0,0,0,0,0,0,0,0,0,0,0,0,0,0,0,0,0,0,0,Family member(s),Friend(s),Family member(s),No,Career/Professional,Career Success and Fulfillment,Strong Social Support Networks,0,3,0,3,0,0,2,2,0,0,2,3,Medium,Normal,0.25612827643167974,Normal,-1.0,Normal,0.7322037115749263,0,Normal
2024-06-14 13:51:27.884,laxmialankar0@gmail.com,22,Female,Government degree college(autonomous),Bsc,4 and above,"20,000 to 30,000",Family,Hindu,Sc,Introvert,Greater than 20,Singing ,,,Farmer,House wife,Four or more,Religious,One parent,No,No,No,No,No,0,0,0,0,0,0,0,0,0,0,0,0,0,0,0,0,0,0,0,0,0,0,0,0,0,Religious or spiritual leader,Friend(s),Friend(s),No,Career/Professional,Career Success and Fulfillment,Opportunities for Recreational Activities and Hobbies,0,0,0,0,0,0,2,0,2,0,2,0,Low,Normal,0.27787774594736653,Normal,-1.0,Normal,0.5930094755188309,0,Normal
2024-06-14 13:51:34.628,pavitrapatilpavitrapatil682@gmail.com,20,Female,Government degree college autonomous ,Bsc,4 and above,"Less than 10,000",Family,Hindu,3(B),Extrovert,Less than 5,Traveling ..,,,Laborer/Blue-collar worker,House wife,Two,Religious,One parent,No,No,No,No,No,0,0,0,0,0,0,0,0,0,0,0,0,0,0,0,0,0,0,0,0,0,0,0,0,0,Family member(s),Friend(s),Family member(s),No,Career/Professional,Career Success and Fulfillment,"Strong Social Support Networks, Effective Coping Skills Training",0,3,0,3,0,0,2,2,0,0,2,3,Medium,Normal,0.25612827643167974,Normal,-1.0,Normal,0.7322037115749263,0,Normal
2024-06-14 13:51:52.805,satishsj9311@gmail.com,21,Male,Government Degree College Autonomous Kalaburgi ,Bsc final,4 and above,"20,000 to 30,000",Hostel / PG,Hindu,Sc,Ambivert,Less than 5,"Movies, Travelling",,,Laborer/Blue-collar worker,House wife,Three,Agnostic (unsure about the existence of a higher power),Two parents,No,Maybe,Maybe,Maybe,No,2,0,0,0,0,0,5,0,1,5,2,2,0,4,0,0,0,0,5,0,0,0,0,0,0,Friend(s),Family member(s),Family member(s),No,Personal Development/Growth,Career Success and Fulfillment,Positive Parental or Guardian Relationships,26,3,1,4,0,1,3,2,0,0,2,31,High,Outlier,-0.005203929397988749,Normal,-1.8561870531545743,Outlier,-0.2568740844028583,2,Critical Outlier
2024-06-14 13:51:55.866,syedanaiyarfatima@gmail.com,19,Female,Govt college autonomous  kalaburagi ,Bsc,4 and above,"10,000 to 20,000",Family,Muslim,2b,Introvert,5-10,Sketching ,,,Tailor,House wife,Three,Religious,Two parents,No,No,No,Yes,No,0,0,0,0,0,0,0,0,0,0,0,0,0,0,0,0,0,0,0,0,0,0,0,0,0,Friend(s),Friend(s),Friend(s),No,Career/Professional,Career Success and Fulfillment,Positive Parental or Guardian Relationships,0,2,2,4,0,0,2,0,2,0,2,4,Medium,Normal,0.23836515006948145,Normal,-0.9958930640874752,Normal,0.7319933494207413,0,Normal
2024-06-14 13:52:02.872,if7520075@gmail.com,20,Female,Government College atuomous ,Bsc,4 and above,"Less than 10,000",Family,Muslim,2b,Introvert,Less than 5,Drawing ,,,Business owner/Entrepreneur,Business owner/Entrepreneur,Three,Religious,Two parents,No,No,No,No,No,0,0,0,0,0,0,0,0,0,0,0,0,0,0,0,0,0,0,0,0,0,0,0,0,0,Friend(s),Friend(s),Friend(s),No,Career/Professional,Career Success and Fulfillment,"Strong Social Support Networks, Positive Parental or Guardian Relationships",0,3,0,3,0,0,2,0,2,0,2,3,Medium,Normal,0.25612827643167974,Normal,-1.0,Normal,0.7322037115749263,0,Normal
2024-06-14 13:52:03.289,aminabegum9972@gmail.com,19,Female,Government College autonomous ,BSC,4 and above,"Less than 10,000",Family,Muslim,2B,Introvert,Less than 5,Sleeping ,,,Business owner/Entrepreneur,Business owner/Entrepreneur,Three,Religious,Two parents,No,No,No,No,No,0,0,0,0,0,0,0,0,0,0,0,0,0,0,0,0,0,0,0,0,0,0,0,0,0,Friend(s),Friend(s),Friend(s),No,Career/Professional,Career Success and Fulfillment,Positive Parental or Guardian Relationships,0,3,0,3,0,0,2,0,2,0,2,3,Medium,Normal,0.25612827643167974,Normal,-1.0,Normal,0.7322037115749263,0,Normal
2024-06-14 13:52:03.565,arunakada588@gmail.com,21,Female,Government autonomous degree college ,Bsc,4 and above,"30,000 to 40,000",Family,Hindu,Lingayat 3 B ,Extrovert,Greater than 20,Dancing playing outdoor games ,,,Farmer,Government employee,Three,Religious,Two parents,No,Yes,Yes,No,Maybe,2,1,1,1,1,1,1,1,1,1,1,1,1,1,1,1,1,1,1,1,1,1,1,1,1,Friend(s),Friend(s),Friend(s),No,"Career/Professional, Relationships (Family, Friends, Romantic), Physical Health",Good Physical Health and Well-being,"Access to Mental Health Services, ",26,0,0,0,0,2,4,0,2,0,2,28,High,Normal,0.09530867537638044,Normal,-2.2569029972252173,Normal,2.561626925731881,0,Normal
2024-06-14 13:52:07.520,cheelishashi@gmail.com,19,Male,Government autonomous college kalaburgi,B sc,4 and above,"Less than 10,000",Family,Hindu,Lingayat,Extrovert,10-20,Walking travelling ,Alcohol,,Laborer/Blue-collar worker,House wife,Two,Atheist (do not believe in the existence of a higher power),Two parents,No,No,Yes,Maybe,Yes,6,6,4,5,5,1,3,4,5,5,5,4,5,4,5,3,6,4,6,6,4,6,5,5,5,Religious or spiritual leader,Religious or spiritual leader,Family member(s),No,Financial Stability,Career Success and Fulfillment,Access to Mental Health Services,117,1,1,2,0,0,2,2,0,0,2,119,High,Outlier,-0.04110144389432213,Normal,-1.057834066480877,Normal,0.00021890673144930872,1,Moderate Outlier
2024-06-14 13:52:15.785,yadavasharani752@gamil.com,21,Female,Autonomous,B. Sc,4 and above,"30,000 to 40,000",Family,Hindu,Golla(category 1) ,Introvert,5-10,"Playing ,long driving, picknik etc",,,Retired,Laborer/Blue-collar worker,Four or more,Religious,One parent,No,No,No,Maybe,No,0,0,0,0,0,0,0,0,0,0,0,0,0,0,0,0,0,0,0,0,0,0,0,0,0,Family member(s),Family member(s),Family member(s),No,Career/Professional,Career Success and Fulfillment,Strong Social Support Networks,0,2,1,3,0,0,2,2,0,0,2,3,Medium,Normal,0.22999698982450995,Normal,-0.991708364879447,Normal,0.403370496457637,0,Normal
2024-06-14 13:52:20.498,ajaykumarjamadar6364@gmail.com,21,Female,Govt autonomous college kalaburgi ,Ba,4 and above,"20,000 to 30,000",Bsc,Hindu,Kabbaliga ,Extrovert,Greater than 20,Fassion disiner ,,,Farmer,House wife,Two,Religious,One parent,No,No,No,No,Maybe,0,0,0,0,0,0,0,0,0,0,0,0,0,0,0,0,0,0,0,0,0,0,0,0,0,Family member(s),Friend(s),Family member(s),No,Career/Professional,Good Physical Health and Well-being,"Education and Awareness Programs, Reduced Stigma Surrounding Mental Health",0,0,0,0,0,0,2,2,0,0,2,0,Low,Normal,0.27787774594736653,Normal,-1.0,Normal,0.5930094755188309,0,Normal
2024-06-14 13:52:23.670,Snehajingan@mail.com,20,Female,Government college autonomous kalburgi,BSc,4 and above,"Less than 10,000",Family,Hindu,Sc,Introvert,Greater than 20,Writing ,,,Farmer,House wife,Three,Agnostic (unsure about the existence of a higher power),Two parents,No,No,No,No,No,0,0,0,0,1,0,0,0,0,0,0,0,0,0,0,0,0,0,0,0,0,0,0,0,0,Family member(s),Family member(s),Family member(s),No,Career/Professional,Career Success and Fulfillment,Education and Awareness Programs,1,0,0,0,0,0,2,2,0,0,2,1,Low,Normal,0.27601881388318494,Normal,-240514698.6489225,Normal,0.6065235956137638,0,Normal
2024-06-14 13:52:34.067,syedamuskan8825@gmail.com,20,Female,Govt degree college Autonomous,B.sc,4 and above,"10,000 to 20,000",Family,Muslim,2B,Extrovert,10-20,Teaching filed,,,Farmer,House wife,Four or more,Atheist (do not believe in the existence of a higher power),One parent,No,No,No,No,No,0,0,0,0,0,0,0,0,0,0,0,0,0,0,0,0,0,0,0,0,0,0,0,0,0,Family member(s),Family member(s),Family member(s),Yes,Career/Professional,Career Success and Fulfillment,Education and Awareness Programs,0,1,0,1,0,0,2,2,0,2,4,-1,Low,Normal,0.2534637384010806,Normal,-266247268.19477075,Normal,0.5463810637651227,0,Normal
2024-06-14 13:52:34.329,priyankarathod@9973gmail.com,21,Female,Autonomous ,Bsc science ,4 and above,"20,000 to 30,000",Family,Hindu,Sc,Introvert,5-10,Reading/playing/out going with familys ,,,Laborer/Blue-collar worker,Laborer/Blue-collar worker,Two,Religious,Two parents,No,No,No,Maybe,No,0,0,0,0,0,0,0,0,0,0,0,0,0,0,0,0,0,0,0,0,0,0,0,0,0,Family member(s),Family member(s),Family member(s),No,Career/Professional,Career Success and Fulfillment,Strong Social Support Networks,0,2,1,3,0,0,2,2,0,0,2,3,Medium,Normal,0.22999698982450995,Normal,-0.991708364879447,Normal,0.403370496457637,0,Normal
2024-06-14 13:52:53.448,nanditasimpi1@gmail.com,21,Female,Govt college autonomous ,Bsc,4 and above,"Greater than 50,000",Family,Hindu,2B,Extrovert,5-10,"Singing,dance",,,Private sector employee,House wife,,Religious,Two parents,No,No,No,Yes,Maybe,5,0,0,0,0,0,0,0,0,0,0,0,0,0,0,0,0,0,0,0,0,0,0,0,0,Family member(s),Friend(s),Friend(s),No,Career/Professional,Career Success and Fulfillment,Strong Social Support Networks,5,2,2,4,0,0,2,0,2,0,2,9,Medium,Normal,0.18597343645146153,Normal,-1.7618997220668515,Normal,0.5276306449404973,0,Normal
2024-06-14 13:53:00.680,anushapurohit900@gmail.com,20,Female,Govt autonomous clg kalaburagi,B.Sc,4 and above,"Less than 10,000",Family,Hindu,Brahmin,Introvert,Less than 5,"Drawing, reading, ",,,Paralised,House wife ,Three,Religious,Two parents,Maybe,No,Yes,Yes,Yes,5,3,3,3,3,4,6,6,6,6,4,3,3,3,3,3,6,5,6,3,5,6,4,3,5,"Mental health professional (e.g., therapist, counselor)",Religious or spiritual leader,Religious or spiritual leader,No,Career/Professional,Positive Mental Health and Emotional Balance,Education and Awareness Programs,107,3,2,5,1,0,1,0,0,0,0,113,High,Outlier,-0.011719440844129236,Normal,-1.0087035944405576,Normal,0.00012972542970235423,1,Moderate Outlier
2024-06-14 13:53:11.142,bhagyashree15sk@gmail.com,22,Female,Govt degree college autonomous kalaburgi,Bsc,4 and above,"20,000 to 30,000",Family,Hindu,ST,Introvert,5-10,"Dancing, reading, watching movies ",,,Laborer/Blue-collar worker,House wife,One,Non,Two parents,No,No,No,No,No,0,0,0,0,0,0,0,0,0,0,0,0,0,0,0,0,0,0,0,0,0,0,0,0,0,Friend(s),Family member(s),Family member(s),No,Career/Professional,Career Success and Fulfillment,Access to Mental Health Services,0,2,0,2,0,0,2,2,0,0,2,2,Low,Normal,0.2717792342701301,Normal,-1.0,Normal,1.1062082140844476,0,Normal
2024-06-14 13:53:25.854,renusbujuruk@gmail.com,21,Female,government degree collage.kalburgi,bsc,3,"Less than 10,000",Family,Hindu,lingyaat,Extrovert,Greater than 20,dancing,,,Farmer,House wife,One,Spiritual but not religious,One parent,No,No,No,No,No,0,0,0,6,0,0,0,0,0,0,0,0,0,0,0,0,0,0,0,0,0,0,0,0,0,Family member(s),Family member(s),Family member(s),No,Career/Professional,Career Success and Fulfillment,Access to Mental Health Services,6,0,0,0,0,0,2,2,0,0,2,6,Medium,Normal,0.26572467015547574,Normal,-5.2187513936751175,Normal,0.6637053003340947,0,Normal
2024-06-14 13:53:31.044,vijaykumarbh42@gmail.com,22,Male,Government degree college ,Bsc,4 and above,"Less than 10,000",Family,Others,Obc,Ambivert,Greater than 20,Reading,Marijuana,,Private sector employee,Laborer/Blue-collar worker,Two,Spiritual but not religious,Two parents,Yes,Yes,Maybe,Maybe,Maybe,4,4,4,4,4,4,4,4,4,4,4,4,4,4,4,4,4,4,4,4,4,4,4,4,4,Family member(s),Family member(s),Family member(s),Yes,Career/Professional,Career Success and Fulfillment,Access to Mental Health Services,100,0,1,1,2,2,2,2,0,2,4,99,High,Outlier,-0.0019405383635919815,Normal,-1.002415909744259,Normal,1.2346079630642182,1,Moderate Outlier
2024-06-14 13:53:31.569,mahaveer7637076@gmail.com,21,Male,Government Autonomous collage kalaburagi,BSC,4 and above,"10,000 to 20,000",Hostel / PG,Hindu,SC,Extrovert,Greater than 20,Dancing cricket reading etc,,,Farmer,House wife,Two,Religious,Two parents,No,No,No,No,No,0,0,0,0,0,0,0,0,0,0,0,0,0,0,0,0,0,0,0,0,0,0,0,0,0,Family member(s),Family member(s),Family member(s),Yes,"Career/Professional, Relationships (Family, Friends, Romantic), Mental Health/Well-being",Strong and Healthy Relationships,Access to Mental Health Services,0,0,0,0,0,0,2,2,0,2,4,-2,Low,Normal,0.27035232890815797,Normal,-25423049.789011676,Normal,0.5778569246552383,0,Normal
2024-06-14 13:54:06.798,dhavalgiranjeeta426@gmail.com,20,Female,Government autonomous degree College Gulbarga ,Bsc,4 and above,"10,000 to 20,000",Hostel / PG,Hindu,3rd A,Extrovert,5-10,"5 hours reading, travelling ",,,Farmer,House wife,Four or more,Religious,Two parents,No,No,No,No,No,0,0,0,0,0,0,0,0,0,0,0,0,0,0,0,0,0,0,0,0,0,0,0,0,0,Friend(s),Family member(s),Friend(s),No,Physical Health,Positive Mental Health and Emotional Balance,Supportive School Environments,0,2,0,2,0,0,2,0,2,0,2,2,Low,Normal,0.2717792342701301,Normal,-1.0,Normal,1.1062082140844476,0,Normal
2024-06-14 13:54:37.411,bassutellur555777@gmail.com,20,Male,Government autonomous college kalaburagi,Bsc,4 and above,"10,000 to 20,000",Family,Hindu,2A,Introvert,Greater than 20,Reading and playing,,,Farmer,House wife,One,Religious,Two parents,No,No,No,No,No,0,0,0,0,0,0,0,0,0,0,0,0,0,0,0,0,0,0,0,0,0,0,0,0,0,Family member(s),Family member(s),Family member(s),No,"Relationships (Family, Friends, Romantic)",Good Physical Health and Well-being,Strong Social Support Networks,0,0,0,0,0,0,2,2,0,0,2,0,Low,Normal,0.27787774594736653,Normal,-1.0,Normal,0.5930094755188309,0,Normal
2024-06-14 13:55:06.703,nagavenidm@gmail.com,21,Female,Govt degree College ( Autonomous),Bsc,4 and above,"Less than 10,000",Family,Hindu,SC (holiya),Extrovert,Less than 5,Art and dancing ,,,Farmer,House wife,Three,Atheist (do not believe in the existence of a higher power),One parent,No,No,No,No,No,0,0,0,0,0,0,0,0,0,0,0,0,0,0,0,0,0,0,0,0,0,0,0,0,0,Family member(s),Family member(s),Family member(s),Yes,Career/Professional,Career Success and Fulfillment,Education and Awareness Programs,0,3,0,3,0,0,2,2,0,2,4,1,Low,Normal,0.251561828599095,Normal,-462509539.18068475,Normal,0.7172217620507846,0,Normal
2024-06-14 13:55:29.744,p15734351@gmail.com,20,Male,Government college (Autonomous) Kalabirgi,B.sc,4 and above,"Less than 10,000",Family,Hindu,OBC,Ambivert,Greater than 20,Palying cricket,,,Business owner/Entrepreneur,House wife,Three,Religious,Two parents,No,No,No,No,No,3,4,3,3,3,3,4,2,2,2,2,3,2,2,2,3,2,3,2,3,3,3,3,3,3,Family member(s),Family member(s),Family member(s),Yes,Career/Professional,Work-Life Balance,"Access to Mental Health Services, Strong Social Support Networks",68,0,0,0,0,0,2,2,0,2,4,66,High,Normal,0.04743592037896327,Normal,-1.0038499466292623,Normal,2.034788308746461,0,Normal
2024-06-14 13:55:45.235,sharanu.m.p.510@gmail.com,22,Male,Government College kalburgi (autonomous),Bsc,4 and above,"Less than 10,000",Hostel / PG,Hindu,Kuruba ,Ambivert,Greater than 20,Playing e-games,,,Laborer/Blue-collar worker,House wife,One,Religious,Two parents,No,No,Maybe,No,Maybe,0,0,0,0,0,1,1,0,0,0,1,0,1,0,1,0,1,0,1,0,1,0,1,0,0,Family member(s),Family member(s),Family member(s),Yes,Career/Professional,Strong and Healthy Relationships,"Access to Mental Health Services, Supportive School Environments, Opportunities for Recreational Activities and Hobbies",9,0,0,0,0,0,2,2,0,2,4,7,Medium,Normal,0.1728037374398564,Normal,-16.44143483210179,Normal,1.1063093497578853,0,Normal
2024-06-14 13:58:04.056,guttedarpratiksha@gmail.com,20,Female,Government (automous) college,Bsc,4 and above,"Less than 10,000",Family,Hindu,Edig(2A) ,Extrovert,Less than 5,Singing,,,Business owner/Entrepreneur,House wife,Two,Atheist (do not believe in the existence of a higher power),One parent,No,No,No,No,No,0,0,0,0,0,0,0,0,0,0,1,1,0,0,0,0,0,0,0,0,0,0,0,0,0,Family member(s),Family member(s),Family member(s),No,Career/Professional,Career Success and Fulfillment,Strong Social Support Networks,2,3,0,3,0,0,2,2,0,0,2,5,Medium,Normal,0.22637072457303742,Outlier,-5726188667.895068,Normal,0.7745787789686549,1,Moderate Outlier
2024-06-14 14:00:05.070,Rama3@gmail.com,24,Female,Govt Autonomous  college  gulbarga,BA,2,"Less than 10,000",Family,Hindu,Virshaiva,Introvert,Less than 5,Reding,,,Farmer,House wife,Four or more,Atheist (do not believe in the existence of a higher power),Two parents,Yes,No,Yes,No,Maybe,6,4,4,1,1,2,0,0,0,1,5,1,5,0,1,0,0,1,4,1,0,2,5,4,5,Family member(s),"Mental health professional (e.g., therapist, counselor)",Family member(s),Yes,"Career/Professional, Relationships (Family, Friends, Romantic), Physical Health, Mental Health/Well-being, Financial Stability, Personal Development/Growth",Financial Security and Stability,Education and Awareness Programs,53,3,0,3,2,0,0,2,0,2,4,52,High,Outlier,-2.064243164345836e-05,Normal,-1.5957876146948062,Outlier,-0.05855114380410953,2,Critical Outlier
2024-06-14 18:02:00.711,sshugar2002@gmail.com,21,Female,Government College Autonomous kalburgi ,Bs.c,4 and above,"10,000 to 20,000",Family,Hindu,2A,Introvert,5-10,Songs ,,,Farmer,House wife,,Religious,Two parents,No,No,No,No,No,4,4,4,4,4,4,4,4,4,4,4,4,4,4,4,4,4,4,4,4,4,4,4,4,4,Family member(s),Friend(s),Family member(s),No,Career/Professional,Career Success and Fulfillment,Education and Awareness Programs,100,2,0,2,0,0,2,2,0,0,2,102,High,Normal,0.05529062948258767,Normal,-1.0041554152116248,Normal,2.304221420679583,0,Normal
2024-06-15 10:48:49.490,spdivya960@gmail.com,18,Female,Autonomous ,BBA,4 and above,"10,000 to 20,000",Family,Hindu,SC ,Extrovert,Less than 5,Kavna,Heroin,,Laborer/Blue-collar worker,House wife,,Religious,One parent,Yes,Yes,No,Yes,Yes,6,4,5,6,4,5,6,4,6,4,5,6,4,5,6,4,5,4,6,5,4,6,5,4,6,Family member(s),Family member(s),Family member(s),No,"Relationships (Family, Friends, Romantic)",Work-Life Balance,Access to Mental Health Services,125,3,2,5,2,2,2,2,0,0,2,130,High,Normal,0.006945611960343712,Normal,-0.9997325831489917,Normal,0.4608681340913927,0,Normal
2024-06-15 10:53:46.222,bhimreddykusrampale@gmail.com,20,Male,Government degree(autonomous) kalaburagi,BSC,4 and above,"30,000 to 40,000",Family,Hindu,III A,Introvert,Greater than 20,Playing sports,,,Private sector employee,Private sector employee,One,Religious,Two parents,No,No,No,No,No,6,6,6,6,6,6,6,6,6,6,6,6,6,6,5,4,4,4,5,5,4,5,4,4,6,Friend(s),Friend(s),Friend(s),No,"Career/Professional, Physical Health, Mental Health/Well-being, Financial Stability, Personal Development/Growth",Work-Life Balance,"Reduced Stigma Surrounding Mental Health, Positive Parental or Guardian Relationships",134,0,0,0,0,0,2,0,2,0,2,134,High,Outlier,-0.03494177717548086,Normal,-1.0592075609075993,Normal,0.00017128804265897912,1,Moderate Outlier
2024-06-16 16:46:57.872,karanchavan2357@gmail.com,19,Male,Government degree college kalburgi ,B A,4 and above,"Less than 10,000",Hostel / PG,Hindu,S C,Introvert,Less than 5,There are many ,,,Laborer/Blue-collar worker,House wife,,Karma ,Two parents,No,Maybe,Yes,Yes,Yes,6,6,6,6,4,6,6,6,6,6,6,6,6,6,6,6,6,6,6,6,6,6,6,6,6,Friend(s),Family member(s),Religious or spiritual leader,No,"Career/Professional, Relationships (Family, Friends, Romantic), Physical Health, Mental Health/Well-being, Financial Stability, Personal Development/Growth",Career Success and Fulfillment,"Access to Mental Health Services, Strong Social Support Networks, Effective Coping Skills Training, Education and Awareness Programs, Reduced Stigma Surrounding Mental Health, Positive Parental or Guardian Relationships, Supportive School Environments, Opportunities for Recreational Activities and Hobbies, Community Engagement and Volunteerism",148,3,2,5,0,1,3,0,0,0,0,156,High,Outlier,-0.03167622679090565,Normal,-1.0275460403681667,Normal,0.0002941642195293248,1,Moderate Outlier
2024-06-16 23:10:58.447,amitcha030@gmail.com,18,Male,Govt Autonomous College Kalburgi ,BBA,4 and above,"Less than 10,000",Hostel / PG,Hindu,SC Lambani ,Extrovert,Less than 5,Cricker ,,,Farmer,House wife,One,Religious,One parent,Yes,No,No,No,No,0,0,0,0,0,0,0,0,1,1,1,2,4,1,2,2,2,2,3,2,2,3,3,3,2,Family member(s),Family member(s),Family member(s),No,"Relationships (Family, Friends, Romantic), Physical Health, Mental Health/Well-being",Good Physical Health and Well-being,Access to Mental Health Services,36,3,0,3,2,0,0,2,0,0,2,37,High,Normal,0.04212431288275109,Normal,-1.93670464289022,Normal,1.7255336948224533,0,Normal
